Protocollo;Gruppo;DataOraIncidente;Localizzazione1;STRADA1;Localizzazione2;STRADA2;Strada02;Chilometrica;DaSpecificare;NaturaIncidente;particolaritastrade;TipoStrada;FondoStradale;Pavimentazione;Segnaletica;CondizioneAtmosferica;Traffico;Visibilita;Illuminazione;NUM_FERITI;NUM_RISERVATA;NUM_MORTI;NUM_ILLESI;Longitude;Latitude;Confermato;Progressivo;TipoVeicolo;StatoVeicolo;TipoPersona;Sesso;Tipolesione;Deceduto;DecedutoDopo;CinturaCascoUtilizzato;Airbag;
5250594;17;06/04/2021 11:30:00;Strada Urbana;VIA DELLA CONCILIAZIONE;in corrispondenza;;del civico n.;28;;Veicolo in marcia contro ostacolo accidentale;Rettilineo;Più di due carreggiate;Asciutto;In cubetti di porfido;Orizzontale;Nuvoloso;Scarso;Buona;;0;0;0;1;12.4617;41.9026;-1;1;Autovettura privata;In marcia / fermata / arresto;Conducente;M;Illeso;0;;;
5349443;4;01/04/2021 02:05:00;Strada Urbana;VIA DELLE ISOLE CURZOLANE;in prossimità;;del civico n.;151;;Infortunio per sola frenata improvvisa;Rettilineo;Due carreggiate;Asciutto;Asfaltata;Verticale ed orizzontale;Sereno;Scarso;Sufficiente;;1;0;0;0;12.5269;41.9501;-1;1;Motociclo a solo;In marcia / fermata / arresto;Conducente;M;Rimandato;0;NON DECEDUTO;;
5349443;4;01/04/2021 02:05:00;Strada Urbana;VIA DELLE ISOLE CURZOLANE;in prossimità;;del civico n.;151;;Infortunio per sola frenata improvvisa;Rettilineo;Due carreggiate;Asciutto;Asfaltata;Verticale ed orizzontale;Sereno;Scarso;Sufficiente;;1;0;0;0;12.5269;41.9501;-1;2;Autovettura privata;Allontanatosi;;;;;;;
5349693;19;01/04/2021 09:40:00;Strada Urbana;VIA DI VAL FAVARA;all'intersezione con;VIA DI TORREVECCHIA;VIA DI TORREVECCHIA;;;Scontro frontale/laterale SX fra veicoli in marcia;Incrocio;Una carreggiata a doppio senso;Asciutto;Asfaltata;Verticale ed orizzontale;Sereno;Normale;Buona;;0;0;0;2;12.4147;41.9257;-1;1;Autovettura privata;In marcia / fermata / arresto;Conducente;M;Illeso;0;;;
5349693;19;01/04/2021 09:40:00;Strada Urbana;VIA DI VAL FAVARA;all'intersezione con;VIA DI TORREVECCHIA;VIA DI TORREVECCHIA;;;Scontro frontale/laterale SX fra veicoli in marcia;Incrocio;Una carreggiata a doppio senso;Asciutto;Asfaltata;Verticale ed orizzontale;Sereno;Normale;Buona;;0;0;0;2;12.4147;41.9257;-1;2;Motociclo a solo;In marcia / fermata / arresto;Conducente;M;Illeso;0;;;
5349802;15;01/04/2021 00:10:00;Strada Urbana;VIA DEL TRULLO;in prossimità;;del civico n.;245;;Veicolo in marcia contro ostacolo accidentale;Rettilineo;Due carreggiate;Asciutto;Asfaltata;Orizzontale;Sereno;Scarso;Sufficiente;;0;0;0;1;12.4364;41.8448;-1;1;Autobus di linea;In marcia / fermata / arresto;Conducente;M;Illeso;0;;;
5349966;19;01/04/2021 11:30:00;Strada Urbana;VIA TRIONFALE;all'intersezione con;VIA IPOGEO DEGLI OTTAVI;VIA IPOGEO DEGLI OTTAVI;;;Scontro laterale fra veicoli in marcia;Incrocio;Una carreggiata a senso unico di marcia;Asciutto;Asfaltata;Verticale ed orizzontale;Sereno;Intenso;Buona;;0;0;0;2;12.4229;41.9409;-1;1;Autocarro superiore 35 q.;In marcia / fermata / arresto;Conducente;M;Illeso;0;;;
5349966;19;01/04/2021 11:30:00;Strada Urbana;VIA TRIONFALE;all'intersezione con;VIA IPOGEO DEGLI OTTAVI;VIA IPOGEO DEGLI OTTAVI;;;Scontro laterale fra veicoli in marcia;Incrocio;Una carreggiata a senso unico di marcia;Asciutto;Asfaltata;Verticale ed orizzontale;Sereno;Intenso;Buona;;0;0;0;2;12.4229;41.9409;-1;2;Autovettura privata;In marcia / fermata / arresto;Conducente;M;Illeso;0;;;
5349971;12;01/04/2021 11:50:00;Strada Urbana;VIA DI CASTEL DI LEVA;all'intersezione con;VIA DELLA CECCHIGNOLA;VIA DELLA CECCHIGNOLA;;;Scontro frontale/laterale DX fra veicoli in marcia;Intersezione stradale segnalata;Due carreggiate;Asciutto;Asfaltata;Verticale ed orizzontale;Sereno;Normale;Buona;;0;0;0;3;12.5088;41.7914;-1;1;Autovettura privata;In marcia / fermata / arresto;Conducente;F;Illeso;0;;Non accertato;Inesploso
5349971;12;01/04/2021 11:50:00;Strada Urbana;VIA DI CASTEL DI LEVA;all'intersezione con;VIA DELLA CECCHIGNOLA;VIA DELLA CECCHIGNOLA;;;Scontro frontale/laterale DX fra veicoli in marcia;Intersezione stradale segnalata;Due carreggiate;Asciutto;Asfaltata;Verticale ed orizzontale;Sereno;Normale;Buona;;0;0;0;3;12.5088;41.7914;-1;1;Autovettura privata;In marcia / fermata / arresto;Passeggero;M;Illeso;0;;Non accertato;
5349971;12;01/04/2021 11:50:00;Strada Urbana;VIA DI CASTEL DI LEVA;all'intersezione con;VIA DELLA CECCHIGNOLA;VIA DELLA CECCHIGNOLA;;;Scontro frontale/laterale DX fra veicoli in marcia;Intersezione stradale segnalata;Due carreggiate;Asciutto;Asfaltata;Verticale ed orizzontale;Sereno;Normale;Buona;;0;0;0;3;12.5088;41.7914;-1;2;Autovettura privata;In marcia / fermata / arresto;Conducente;F;Illeso;0;;Non accertato;Inesploso
5350051;9;01/04/2021 10:15:00;Strada Urbana;VIA SATRICO;all'intersezione semaforizzata con;VIA ACAIA;VIA ACAIA;;;Investimento di pedone;Intersezione semaforizzata;Una carreggiata a doppio senso;Asciutto;Asfaltata;Verticale ed orizzontale;Sereno;Intenso;Buona;;1;0;0;1;12.5082;41.8768;-1;;;;Pedone;M;Rimandato;0;NON DECEDUTO;;
5350051;9;01/04/2021 10:15:00;Strada Urbana;VIA SATRICO;all'intersezione semaforizzata con;VIA ACAIA;VIA ACAIA;;;Investimento di pedone;Intersezione semaforizzata;Una carreggiata a doppio senso;Asciutto;Asfaltata;Verticale ed orizzontale;Sereno;Intenso;Buona;;1;0;0;1;12.5082;41.8768;-1;1;Autocarro inferiore 35 q.;In marcia / fermata / arresto;Conducente;M;Illeso;0;;Non accertato;Inesploso
5350065;6;01/04/2021 11:40:00;Strada Urbana;VIA TOLMEZZO;da specificare;;;;pross. Via Montona;Veicolo in marcia contro veicolo fermo;Rettilineo;Una carreggiata a senso unico di marcia;Asciutto;Asfaltata;Assente;Sereno;Scarso;Buona;;0;0;0;1;12.55;41.8976;-1;1;Autovettura privata;Allontanatosi;;;;;;;
5350065;6;01/04/2021 11:40:00;Strada Urbana;VIA TOLMEZZO;da specificare;;;;pross. Via Montona;Veicolo in marcia contro veicolo fermo;Rettilineo;Una carreggiata a senso unico di marcia;Asciutto;Asfaltata;Assente;Sereno;Scarso;Buona;;0;0;0;1;12.55;41.8976;-1;2;Autovettura privata;In marcia / fermata / arresto;Conducente;M;Illeso;0;;;
5350138;10;01/04/2021 14:10:00;Strada Urbana;VIA PONZIO COMINIO;in corrispondenza;;del civico n.;29;;Scontro laterale fra veicoli in marcia;Rettilineo;Una carreggiata a senso unico di marcia;Asciutto;Asfaltata;Verticale ed orizzontale;Sereno;Normale;Buona;;0;0;0;2;12.5578;41.8605;-1;1;Autovettura privata;In marcia / fermata / arresto;Conducente;M;Illeso;0;;Non accertato;Inesploso
5350138;10;01/04/2021 14:10:00;Strada Urbana;VIA PONZIO COMINIO;in corrispondenza;;del civico n.;29;;Scontro laterale fra veicoli in marcia;Rettilineo;Una carreggiata a senso unico di marcia;Asciutto;Asfaltata;Verticale ed orizzontale;Sereno;Normale;Buona;;0;0;0;2;12.5578;41.8605;-1;2;Autovettura privata;In marcia / fermata / arresto;Conducente;M;Illeso;0;;Non accertato;Inesploso
5350151;12;01/04/2021 12:40:00;Strada Urbana;VIA MAR DELLA CINA;in prossimità;;del civico n.;304;;Veicolo in marcia contro veicolo fermo;Rettilineo;Una carreggiata a doppio senso;Asciutto;Asfaltata;Assente;Sereno;Normale;Buona;;0;0;0;4;12.4344;41.8079;-1;1;Motociclo a solo;In marcia / fermata / arresto;Conducente;M;Illeso;0;;Non accertato;
5350151;12;01/04/2021 12:40:00;Strada Urbana;VIA MAR DELLA CINA;in prossimità;;del civico n.;304;;Veicolo in marcia contro veicolo fermo;Rettilineo;Una carreggiata a doppio senso;Asciutto;Asfaltata;Assente;Sereno;Normale;Buona;;0;0;0;4;12.4344;41.8079;-1;2;Autovettura privata;In marcia / fermata / arresto;Conducente;M;Illeso;0;;Non accertato;Inesploso
5350151;12;01/04/2021 12:40:00;Strada Urbana;VIA MAR DELLA CINA;in prossimità;;del civico n.;304;;Veicolo in marcia contro veicolo fermo;Rettilineo;Una carreggiata a doppio senso;Asciutto;Asfaltata;Assente;Sereno;Normale;Buona;;0;0;0;4;12.4344;41.8079;-1;2;Autovettura privata;In marcia / fermata / arresto;Passeggero;F;Illeso;0;;Non accertato;Inesploso
5350151;12;01/04/2021 12:40:00;Strada Urbana;VIA MAR DELLA CINA;in prossimità;;del civico n.;304;;Veicolo in marcia contro veicolo fermo;Rettilineo;Una carreggiata a doppio senso;Asciutto;Asfaltata;Assente;Sereno;Normale;Buona;;0;0;0;4;12.4344;41.8079;-1;2;Autovettura privata;In marcia / fermata / arresto;Passeggero;F;Illeso;0;;Non accertato;Inesploso
5350343;12;01/04/2021 13:30:00;Strada Urbana;VIALE EUROPA;in corrispondenza;;del civico n.;36;;Veicolo in marcia contro veicolo in sosta;Rettilineo;Una carreggiata a doppio senso;Asciutto;Asfaltata;Verticale ed orizzontale;Sereno;Scarso;Buona;;0;0;0;2;12.468;41.8312;-1;1;Autocarro inferiore 35 q.;Sosta;;;;;;;
5350343;12;01/04/2021 13:30:00;Strada Urbana;VIALE EUROPA;in corrispondenza;;del civico n.;36;;Veicolo in marcia contro veicolo in sosta;Rettilineo;Una carreggiata a doppio senso;Asciutto;Asfaltata;Verticale ed orizzontale;Sereno;Scarso;Buona;;0;0;0;2;12.468;41.8312;-1;2;Autovettura privata;In marcia / fermata / arresto;Conducente;M;Illeso;0;;;
5350343;12;01/04/2021 13:30:00;Strada Urbana;VIALE EUROPA;in corrispondenza;;del civico n.;36;;Veicolo in marcia contro veicolo in sosta;Rettilineo;Una carreggiata a doppio senso;Asciutto;Asfaltata;Verticale ed orizzontale;Sereno;Scarso;Buona;;0;0;0;2;12.468;41.8312;-1;2;Autovettura privata;In marcia / fermata / arresto;Passeggero;F;Illeso;0;;;
5350476;7;01/04/2021 17:00:00;Strada Urbana;VIA CASILINA;da specificare;;;;altezza V.le Alessandrino;Tamponamento;Rettilineo;Una carreggiata a doppio senso;Asciutto;Asfaltata;Verticale ed orizzontale;Sereno;Normale;Sufficiente;;0;0;0;2;12.5796;41.8712;-1;1;Autovettura privata;In marcia / fermata / arresto;Conducente;F;Illeso;0;;Non accertato;Inesploso
5350476;7;01/04/2021 17:00:00;Strada Urbana;VIA CASILINA;da specificare;;;;altezza V.le Alessandrino;Tamponamento;Rettilineo;Una carreggiata a doppio senso;Asciutto;Asfaltata;Verticale ed orizzontale;Sereno;Normale;Sufficiente;;0;0;0;2;12.5796;41.8712;-1;2;Autovettura privata;In marcia / fermata / arresto;Conducente;M;Illeso;0;;Non accertato;Inesploso
5350489;18;01/04/2021 13:20:00;Strada Urbana;VIA GREGORIO VII;in prossimità;;del civico n.;102;;Veicolo in marcia contro veicolo fermo;Rettilineo;Una carreggiata a senso unico di marcia;Asciutto;Asfaltata;Verticale ed orizzontale;Sereno;Normale;Buona;;0;0;0;3;12.4485;41.8956;-1;1;Autovettura privata;In marcia / fermata / arresto;Conducente;M;Illeso;0;;Non accertato;Inesploso
5350489;18;01/04/2021 13:20:00;Strada Urbana;VIA GREGORIO VII;in prossimità;;del civico n.;102;;Veicolo in marcia contro veicolo fermo;Rettilineo;Una carreggiata a senso unico di marcia;Asciutto;Asfaltata;Verticale ed orizzontale;Sereno;Normale;Buona;;0;0;0;3;12.4485;41.8956;-1;1;Autovettura privata;In marcia / fermata / arresto;Passeggero;F;Illeso;0;;Non accertato;Inesploso
5350489;18;01/04/2021 13:20:00;Strada Urbana;VIA GREGORIO VII;in prossimità;;del civico n.;102;;Veicolo in marcia contro veicolo fermo;Rettilineo;Una carreggiata a senso unico di marcia;Asciutto;Asfaltata;Verticale ed orizzontale;Sereno;Normale;Buona;;0;0;0;3;12.4485;41.8956;-1;2;Autocarro inferiore 35 q.;In marcia / fermata / arresto;Conducente;M;Illeso;0;;Non accertato;Inesploso
5350490;19;01/04/2021 09:40:00;Strada Urbana;VIA DI TORREVECCHIA;in prossimità;;del civico n.;260;;Scontro frontale/laterale DX fra veicoli in marcia;Rettilineo;Una carreggiata a doppio senso;Asciutto;Asfaltata;Assente;Sereno;Normale;Buona;;1;0;0;1;12.4162;41.9279;-1;1;Autovettura privata;In marcia / fermata / arresto;Conducente;F;Illeso;0;;Non accertato;
5350490;19;01/04/2021 09:40:00;Strada Urbana;VIA DI TORREVECCHIA;in prossimità;;del civico n.;260;;Scontro frontale/laterale DX fra veicoli in marcia;Rettilineo;Una carreggiata a doppio senso;Asciutto;Asfaltata;Assente;Sereno;Normale;Buona;;1;0;0;1;12.4162;41.9279;-1;2;Monopattino elettrico;In marcia / fermata / arresto;Conducente;F;Rimandato;0;NON DECEDUTO;Non accertato;
5350507;13;01/04/2021 16:00:00;Strada Urbana;VIALE DEI ROMAGNOLI;all'intersezione con;VIA DELLA GENTE SALINATORIA;VIA DELLA GENTE SALINATORIA;;;Scontro frontale/laterale SX fra veicoli in marcia;Incrocio;Una carreggiata a doppio senso;Asciutto;Asfaltata;Verticale ed orizzontale;Sereno;Intenso;Buona;;0;0;0;2;12.3038;41.7598;-1;1;Autovettura privata;In marcia / fermata / arresto;Conducente;F;Illeso;0;;Non accertato;Inesploso
5350507;13;01/04/2021 16:00:00;Strada Urbana;VIALE DEI ROMAGNOLI;all'intersezione con;VIA DELLA GENTE SALINATORIA;VIA DELLA GENTE SALINATORIA;;;Scontro frontale/laterale SX fra veicoli in marcia;Incrocio;Una carreggiata a doppio senso;Asciutto;Asfaltata;Verticale ed orizzontale;Sereno;Intenso;Buona;;0;0;0;2;12.3038;41.7598;-1;2;Autovettura privata;In marcia / fermata / arresto;Conducente;F;Illeso;0;;Non accertato;Inesploso
5350510;6;01/04/2021 12:20:00;Strada Urbana;VIA GIOVANNI BRANCALEONE;all'intersezione con;VIA BRACCIO DA MONTONE;VIA BRACCIO DA MONTONE;;;Scontro frontale/laterale SX fra veicoli in marcia;Intersezione stradale segnalata;Una carreggiata a senso unico di marcia;Asciutto;Asfaltata;Verticale;Sereno;Scarso;Buona;;1;0;0;2;12.5311;41.8893;-1;1;Autovettura privata;In marcia / fermata / arresto;Conducente;F;Rimandato;0;NON DECEDUTO;;
5350510;6;01/04/2021 12:20:00;Strada Urbana;VIA GIOVANNI BRANCALEONE;all'intersezione con;VIA BRACCIO DA MONTONE;VIA BRACCIO DA MONTONE;;;Scontro frontale/laterale SX fra veicoli in marcia;Intersezione stradale segnalata;Una carreggiata a senso unico di marcia;Asciutto;Asfaltata;Verticale;Sereno;Scarso;Buona;;1;0;0;2;12.5311;41.8893;-1;1;Autovettura privata;In marcia / fermata / arresto;Passeggero;M;Illeso;0;;;
5350510;6;01/04/2021 12:20:00;Strada Urbana;VIA GIOVANNI BRANCALEONE;all'intersezione con;VIA BRACCIO DA MONTONE;VIA BRACCIO DA MONTONE;;;Scontro frontale/laterale SX fra veicoli in marcia;Intersezione stradale segnalata;Una carreggiata a senso unico di marcia;Asciutto;Asfaltata;Verticale;Sereno;Scarso;Buona;;1;0;0;2;12.5311;41.8893;-1;2;Autovettura privata;In marcia / fermata / arresto;Conducente;M;Illeso;0;;;
5350598;17;01/04/2021 16:00:00;Strada Urbana;VIALE GIULIO CESARE;da specificare;;;;fronte civico 78;Scontro laterale fra veicoli in marcia;Rettilineo;Una carreggiata a senso unico di marcia;Asciutto;Asfaltata;Verticale ed orizzontale;Sereno;Normale;Buona;;0;0;0;3;12.4573;41.9092;-1;1;Autovettura privata;In marcia / fermata / arresto;Conducente;M;Illeso;0;;;
5350598;17;01/04/2021 16:00:00;Strada Urbana;VIALE GIULIO CESARE;da specificare;;;;fronte civico 78;Scontro laterale fra veicoli in marcia;Rettilineo;Una carreggiata a senso unico di marcia;Asciutto;Asfaltata;Verticale ed orizzontale;Sereno;Normale;Buona;;0;0;0;3;12.4573;41.9092;-1;1;Autovettura privata;In marcia / fermata / arresto;Passeggero;F;Illeso;0;;;
5350598;17;01/04/2021 16:00:00;Strada Urbana;VIALE GIULIO CESARE;da specificare;;;;fronte civico 78;Scontro laterale fra veicoli in marcia;Rettilineo;Una carreggiata a senso unico di marcia;Asciutto;Asfaltata;Verticale ed orizzontale;Sereno;Normale;Buona;;0;0;0;3;12.4573;41.9092;-1;2;Velocipede;In marcia / fermata / arresto;Conducente;M;Illeso;0;;Esente;
5350605;17;01/04/2021 07:10:00;Strada Urbana;VIA TRIONFALE;all'intersezione con;VIA TOMMASO CAMPANELLA;VIA TOMMASO CAMPANELLA;;;Scontro frontale/laterale DX fra veicoli in marcia;Incrocio;Più di due carreggiate;Asciutto;Asfaltata;Verticale ed orizzontale;Sereno;Normale;Buona;;0;0;0;4;12.4229;41.9409;-1;1;Autovettura privata;In marcia / fermata / arresto;Conducente;M;Illeso;0;;;
5350605;17;01/04/2021 07:10:00;Strada Urbana;VIA TRIONFALE;all'intersezione con;VIA TOMMASO CAMPANELLA;VIA TOMMASO CAMPANELLA;;;Scontro frontale/laterale DX fra veicoli in marcia;Incrocio;Più di due carreggiate;Asciutto;Asfaltata;Verticale ed orizzontale;Sereno;Normale;Buona;;0;0;0;4;12.4229;41.9409;-1;2;Autovettura privata;In marcia / fermata / arresto;Conducente;M;Illeso;0;;;
5350605;17;01/04/2021 07:10:00;Strada Urbana;VIA TRIONFALE;all'intersezione con;VIA TOMMASO CAMPANELLA;VIA TOMMASO CAMPANELLA;;;Scontro frontale/laterale DX fra veicoli in marcia;Incrocio;Più di due carreggiate;Asciutto;Asfaltata;Verticale ed orizzontale;Sereno;Normale;Buona;;0;0;0;4;12.4229;41.9409;-1;2;Autovettura privata;In marcia / fermata / arresto;Passeggero;M;Illeso;0;;;
5350605;17;01/04/2021 07:10:00;Strada Urbana;VIA TRIONFALE;all'intersezione con;VIA TOMMASO CAMPANELLA;VIA TOMMASO CAMPANELLA;;;Scontro frontale/laterale DX fra veicoli in marcia;Incrocio;Più di due carreggiate;Asciutto;Asfaltata;Verticale ed orizzontale;Sereno;Normale;Buona;;0;0;0;4;12.4229;41.9409;-1;2;Autovettura privata;In marcia / fermata / arresto;Passeggero;M;Illeso;0;;;
5350612;7;01/04/2021 17:00:00;Strada Urbana;VIALE ENZO FERRARI;all'intersezione con;VIA DI TOR TRE TESTE;VIA DI TOR TRE TESTE;;;Scontro laterale fra veicoli in marcia;Rotatoria;Due carreggiate;Asciutto;Asfaltata;Verticale ed orizzontale;Sereno;Intenso;Buona;;0;0;0;3;12.5911;41.8907;-1;1;Autovettura privata;In marcia / fermata / arresto;Conducente;M;Illeso;0;;;
5350612;7;01/04/2021 17:00:00;Strada Urbana;VIALE ENZO FERRARI;all'intersezione con;VIA DI TOR TRE TESTE;VIA DI TOR TRE TESTE;;;Scontro laterale fra veicoli in marcia;Rotatoria;Due carreggiate;Asciutto;Asfaltata;Verticale ed orizzontale;Sereno;Intenso;Buona;;0;0;0;3;12.5911;41.8907;-1;1;Autovettura privata;In marcia / fermata / arresto;Passeggero;F;Illeso;0;;;
5350612;7;01/04/2021 17:00:00;Strada Urbana;VIALE ENZO FERRARI;all'intersezione con;VIA DI TOR TRE TESTE;VIA DI TOR TRE TESTE;;;Scontro laterale fra veicoli in marcia;Rotatoria;Due carreggiate;Asciutto;Asfaltata;Verticale ed orizzontale;Sereno;Intenso;Buona;;0;0;0;3;12.5911;41.8907;-1;2;Autovettura privata;In marcia / fermata / arresto;Conducente;M;Illeso;0;;Non accertato;Inesploso
5350634;18;01/04/2021 13:45:00;Strada Urbana;CIRCONVALLAZIONE AURELIA;all'intersezione con;VIA GIUSEPPE PALOMBINI;VIA GIUSEPPE PALOMBINI;;;Scontro frontale/laterale SX fra veicoli in marcia;Incrocio;Due carreggiate;Asciutto;Asfaltata;Verticale ed orizzontale;Sereno;Normale;Buona;;1;0;0;2;12.4287;41.8966;-1;1;Motociclo con passeggero;In marcia / fermata / arresto;Conducente;M;Illeso;0;;Non accertato;
5350634;18;01/04/2021 13:45:00;Strada Urbana;CIRCONVALLAZIONE AURELIA;all'intersezione con;VIA GIUSEPPE PALOMBINI;VIA GIUSEPPE PALOMBINI;;;Scontro frontale/laterale SX fra veicoli in marcia;Incrocio;Due carreggiate;Asciutto;Asfaltata;Verticale ed orizzontale;Sereno;Normale;Buona;;1;0;0;2;12.4287;41.8966;-1;1;Motociclo con passeggero;In marcia / fermata / arresto;Passeggero;F;Rimandato;0;NON DECEDUTO;Non accertato;
5350634;18;01/04/2021 13:45:00;Strada Urbana;CIRCONVALLAZIONE AURELIA;all'intersezione con;VIA GIUSEPPE PALOMBINI;VIA GIUSEPPE PALOMBINI;;;Scontro frontale/laterale SX fra veicoli in marcia;Incrocio;Due carreggiate;Asciutto;Asfaltata;Verticale ed orizzontale;Sereno;Normale;Buona;;1;0;0;2;12.4287;41.8966;-1;2;Autovettura privata;In marcia / fermata / arresto;Conducente;F;Illeso;0;;Non accertato;Inesploso
5350672;20;01/04/2021 16:50:00;Strada Urbana;VIA DI VILLA SEVERINI;in prossimità;;del civico n.;12;;Scontro laterale fra veicoli in marcia;Rettilineo;Una carreggiata a senso unico di marcia;Asciutto;Asfaltata;Verticale ed orizzontale;Sereno;Intenso;Buona;;1;0;0;2;12.4704;41.948;-1;1;Autovettura privata;In marcia / fermata / arresto;Conducente;M;Illeso;0;;;
5350672;20;01/04/2021 16:50:00;Strada Urbana;VIA DI VILLA SEVERINI;in prossimità;;del civico n.;12;;Scontro laterale fra veicoli in marcia;Rettilineo;Una carreggiata a senso unico di marcia;Asciutto;Asfaltata;Verticale ed orizzontale;Sereno;Intenso;Buona;;1;0;0;2;12.4704;41.948;-1;1;Autovettura privata;In marcia / fermata / arresto;Passeggero;F;Illeso;0;;Non accertato;
5350672;20;01/04/2021 16:50:00;Strada Urbana;VIA DI VILLA SEVERINI;in prossimità;;del civico n.;12;;Scontro laterale fra veicoli in marcia;Rettilineo;Una carreggiata a senso unico di marcia;Asciutto;Asfaltata;Verticale ed orizzontale;Sereno;Intenso;Buona;;1;0;0;2;12.4704;41.948;-1;2;Velocipede;In marcia / fermata / arresto;Conducente;M;Ricoverato;0;NON DECEDUTO;Esente;
5350677;20;01/04/2021 13:15:00;Strada Urbana;LUNGOTEVERE MARESCIALLO DIAZ;in prossimità;;del civico n.;f.c. 20;;Tamponamento;Rettilineo;Due carreggiate;Asciutto;Asfaltata;Verticale ed orizzontale;Sereno;Normale;Buona;;0;0;0;2;12.4623;41.9348;-1;1;Autovettura privata;In marcia / fermata / arresto;Conducente;F;Illeso;0;;Non accertato;
5350677;20;01/04/2021 13:15:00;Strada Urbana;LUNGOTEVERE MARESCIALLO DIAZ;in prossimità;;del civico n.;f.c. 20;;Tamponamento;Rettilineo;Due carreggiate;Asciutto;Asfaltata;Verticale ed orizzontale;Sereno;Normale;Buona;;0;0;0;2;12.4623;41.9348;-1;2;Motociclo a solo;In marcia / fermata / arresto;Conducente;M;Illeso;0;;Non accertato;
5350953;9;01/04/2021 16:30:00;Strada Urbana;VIA APPIA NUOVA;da specificare;;;;fronte civico 606;Veicolo in marcia contro veicolo in sosta;Rettilineo;Più di due carreggiate;Asciutto;Asfaltata;Orizzontale;Sereno;Normale;Buona;;0;0;0;1;12.5296;41.8694;-1;1;Autovettura privata;Sosta;;;;;;;
5350953;9;01/04/2021 16:30:00;Strada Urbana;VIA APPIA NUOVA;da specificare;;;;fronte civico 606;Veicolo in marcia contro veicolo in sosta;Rettilineo;Più di due carreggiate;Asciutto;Asfaltata;Orizzontale;Sereno;Normale;Buona;;0;0;0;1;12.5296;41.8694;-1;2;Autovettura privata;In marcia / fermata / arresto;Conducente;M;Illeso;0;;;
5350959;8;01/04/2021 06:30:00;Strada Urbana;VIA DI TOR BELLA MONACA;da specificare;;;;altezza VIA DEL FUOCO SACRO;Tamponamento;Rettilineo;Due carreggiate;Asciutto;Asfaltata;Verticale ed orizzontale;Nebbia;Scarso;Buona;;0;0;0;2;12.6281;41.8764;-1;1;Autovettura privata;In marcia / fermata / arresto;Conducente;M;Illeso;0;;Non accertato;Inesploso
5350959;8;01/04/2021 06:30:00;Strada Urbana;VIA DI TOR BELLA MONACA;da specificare;;;;altezza VIA DEL FUOCO SACRO;Tamponamento;Rettilineo;Due carreggiate;Asciutto;Asfaltata;Verticale ed orizzontale;Nebbia;Scarso;Buona;;0;0;0;2;12.6281;41.8764;-1;2;Autovettura privata;In marcia / fermata / arresto;Conducente;M;Illeso;0;;Non accertato;Inesploso
5350967;8;01/04/2021 07:40:00;Strada Urbana;VIA BORGHESIANA;all'intersezione con;VIA ANDRIA;VIA ANDRIA;;;Scontro frontale/laterale DX fra veicoli in marcia;Intersezione stradale segnalata;Una carreggiata a doppio senso;Asciutto;Asfaltata;Verticale ed orizzontale;Sereno;Normale;Buona;;0;0;0;4;12.6672;41.8901;-1;1;Autovettura privata;In marcia / fermata / arresto;Conducente;M;Illeso;0;;Non accertato;Inesploso
5350967;8;01/04/2021 07:40:00;Strada Urbana;VIA BORGHESIANA;all'intersezione con;VIA ANDRIA;VIA ANDRIA;;;Scontro frontale/laterale DX fra veicoli in marcia;Intersezione stradale segnalata;Una carreggiata a doppio senso;Asciutto;Asfaltata;Verticale ed orizzontale;Sereno;Normale;Buona;;0;0;0;4;12.6672;41.8901;-1;2;Autovettura privata;In marcia / fermata / arresto;Conducente;F;Illeso;0;;Non accertato;Inesploso
5350967;8;01/04/2021 07:40:00;Strada Urbana;VIA BORGHESIANA;all'intersezione con;VIA ANDRIA;VIA ANDRIA;;;Scontro frontale/laterale DX fra veicoli in marcia;Intersezione stradale segnalata;Una carreggiata a doppio senso;Asciutto;Asfaltata;Verticale ed orizzontale;Sereno;Normale;Buona;;0;0;0;4;12.6672;41.8901;-1;3;Autovettura privata;In marcia / fermata / arresto;Conducente;F;Illeso;0;;Non accertato;Inesploso
5350967;8;01/04/2021 07:40:00;Strada Urbana;VIA BORGHESIANA;all'intersezione con;VIA ANDRIA;VIA ANDRIA;;;Scontro frontale/laterale DX fra veicoli in marcia;Intersezione stradale segnalata;Una carreggiata a doppio senso;Asciutto;Asfaltata;Verticale ed orizzontale;Sereno;Normale;Buona;;0;0;0;4;12.6672;41.8901;-1;3;Autovettura privata;In marcia / fermata / arresto;Passeggero;F;Illeso;0;;Non accertato;Inesploso
5350969;20;01/04/2021 10:05:00;Strada Urbana;VIA CASSIA NUOVA;da specificare;;;;pross. Largo Pasquale Saraceno;Scontro laterale fra veicoli in marcia;Rettilineo;Una carreggiata a doppio senso;Asciutto;Asfaltata;Verticale ed orizzontale;Sereno;Normale;Buona;;0;0;0;2;12.4644;41.954;-1;1;Autovettura privata;In marcia / fermata / arresto;Conducente;M;Illeso;0;;Non accertato;
5350969;20;01/04/2021 10:05:00;Strada Urbana;VIA CASSIA NUOVA;da specificare;;;;pross. Largo Pasquale Saraceno;Scontro laterale fra veicoli in marcia;Rettilineo;Una carreggiata a doppio senso;Asciutto;Asfaltata;Verticale ed orizzontale;Sereno;Normale;Buona;;0;0;0;2;12.4644;41.954;-1;2;Autovettura privata;In marcia / fermata / arresto;Conducente;M;Illeso;0;;Non accertato;