Protocollo;Gruppo;DataOraIncidente;Localizzazione1;STRADA1;Localizzazione2;STRADA2;Strada02;Chilometrica;DaSpecificare;NaturaIncidente;particolaritastrade;TipoStrada;FondoStradale;Pavimentazione;Segnaletica;CondizioneAtmosferica;Traffico;Visibilita;Illuminazione;NUM_FERITI;NUM_RISERVATA;NUM_MORTI;NUM_ILLESI;Longitude;Latitude;Confermato;Progressivo;TipoVeicolo;StatoVeicolo;TipoPersona;Sesso;Tipolesione;Deceduto;DecedutoDopo;CinturaCascoUtilizzato;Airbag;
5351239;16;01/04/2021 13:15:00;Strada Urbana;PIAZZA S. GIOVANNI DI DIO;all'intersezione semaforizzata con;CIRCONVALLAZIONE GIANICOLENSE;CIRCONVALLAZIONE GIANICOLENSE;;;Scontro frontale/laterale DX fra veicoli in marcia;Intersezione semaforizzata;Più di due carreggiate;Asciutto;Asfaltata;Verticale ed orizzontale;Sereno;Normale;Buona;;0;0;0;2;12.4467;41.8744;-1;2;Autovettura di soccorso;In marcia / fermata / arresto;Conducente;M;Illeso;0;;Non accertato;Inesploso
5351255;1;01/04/2021 19:50:00;Strada Urbana;PIAZZALE OSTIENSE;all'intersezione con;VIA OSTIENSE;VIA OSTIENSE;;;Scontro laterale fra veicoli in marcia;Incrocio;Una carreggiata a doppio senso;Asciutto;Asfaltata;Verticale ed orizzontale;Sereno;Normale;Sufficiente;;1;0;0;1;12.4811;41.8762;-1;1;Autovettura privata;In marcia / fermata / arresto;Conducente;M;Illeso;0;;;
5351255;1;01/04/2021 19:50:00;Strada Urbana;PIAZZALE OSTIENSE;all'intersezione con;VIA OSTIENSE;VIA OSTIENSE;;;Scontro laterale fra veicoli in marcia;Incrocio;Una carreggiata a doppio senso;Asciutto;Asfaltata;Verticale ed orizzontale;Sereno;Normale;Sufficiente;;1;0;0;1;12.4811;41.8762;-1;2;Motociclo a solo;In marcia / fermata / arresto;Conducente;F;Rimandato;0;NON DECEDUTO;;
5351258;1;01/04/2021 15:10:00;Strada Urbana;PIAZZA DI S. GIOVANNI IN LATERANO;in prossimità;;del civico n.;4;;Scontro frontale/laterale SX fra veicoli in marcia;Pendenza;Una carreggiata a doppio senso;Asciutto;Asfaltata;Verticale ed orizzontale;Sereno;Normale;Buona;;1;0;0;2;12.5042;41.8866;-1;1;Motociclo a solo;In marcia / fermata / arresto;Conducente;M;Rimandato;0;NON DECEDUTO;;
5351258;1;01/04/2021 15:10:00;Strada Urbana;PIAZZA DI S. GIOVANNI IN LATERANO;in prossimità;;del civico n.;4;;Scontro frontale/laterale SX fra veicoli in marcia;Pendenza;Una carreggiata a doppio senso;Asciutto;Asfaltata;Verticale ed orizzontale;Sereno;Normale;Buona;;1;0;0;2;12.5042;41.8866;-1;2;Autovettura privata;In marcia / fermata / arresto;Conducente;M;Illeso;0;;;
5351258;1;01/04/2021 15:10:00;Strada Urbana;PIAZZA DI S. GIOVANNI IN LATERANO;in prossimità;;del civico n.;4;;Scontro frontale/laterale SX fra veicoli in marcia;Pendenza;Una carreggiata a doppio senso;Asciutto;Asfaltata;Verticale ed orizzontale;Sereno;Normale;Buona;;1;0;0;2;12.5042;41.8866;-1;2;Autovettura privata;In marcia / fermata / arresto;Passeggero;M;Illeso;0;;;
5351263;15;01/04/2021 16:40:00;Strada Urbana;AUTOSTRADA ROMA AEROPORTO DI FIUMICINO;da specificare;;;;rampa usc. magliana direz centro prox palo B 127;Scontro laterale fra veicoli in marcia;Rettilineo;Una carreggiata a senso unico di marcia;Asciutto;Asfaltata;Verticale ed orizzontale;Sereno;Intenso;Buona;;0;0;0;3;12.3701;41.8164;-1;1;Autovettura privata;In marcia / fermata / arresto;Conducente;M;Illeso;0;;Non accertato;Inesploso
5351263;15;01/04/2021 16:40:00;Strada Urbana;AUTOSTRADA ROMA AEROPORTO DI FIUMICINO;da specificare;;;;rampa usc. magliana direz centro prox palo B 127;Scontro laterale fra veicoli in marcia;Rettilineo;Una carreggiata a senso unico di marcia;Asciutto;Asfaltata;Verticale ed orizzontale;Sereno;Intenso;Buona;;0;0;0;3;12.3701;41.8164;-1;2;Autovettura privata;In marcia / fermata / arresto;Conducente;M;Illeso;0;;Non accertato;Inesploso
5351263;15;01/04/2021 16:40:00;Strada Urbana;AUTOSTRADA ROMA AEROPORTO DI FIUMICINO;da specificare;;;;rampa usc. magliana direz centro prox palo B 127;Scontro laterale fra veicoli in marcia;Rettilineo;Una carreggiata a senso unico di marcia;Asciutto;Asfaltata;Verticale ed orizzontale;Sereno;Intenso;Buona;;0;0;0;3;12.3701;41.8164;-1;2;Autovettura privata;In marcia / fermata / arresto;Passeggero;F;Illeso;0;;Non accertato;Inesploso
5351281;16;01/04/2021 15:20:00;Strada Urbana;CIRCONVALLAZIONE GIANICOLENSE;all'intersezione semaforizzata con;VIA QUIRINO MAJORANA;VIA QUIRINO MAJORANA;;;Scontro laterale fra veicoli in marcia;Intersezione semaforizzata;Due carreggiate;Asciutto;Asfaltata;Verticale ed orizzontale;Sereno;Normale;Buona;;0;0;0;3;12.4496;41.8725;-1;1;Autocarro superiore 35 q.;In marcia / fermata / arresto;Conducente;M;Illeso;0;;Non accertato;Inesploso
5351281;16;01/04/2021 15:20:00;Strada Urbana;CIRCONVALLAZIONE GIANICOLENSE;all'intersezione semaforizzata con;VIA QUIRINO MAJORANA;VIA QUIRINO MAJORANA;;;Scontro laterale fra veicoli in marcia;Intersezione semaforizzata;Due carreggiate;Asciutto;Asfaltata;Verticale ed orizzontale;Sereno;Normale;Buona;;0;0;0;3;12.4496;41.8725;-1;2;Autovettura privata;In marcia / fermata / arresto;Conducente;F;Illeso;0;;Non accertato;Inesploso
5351281;16;01/04/2021 15:20:00;Strada Urbana;CIRCONVALLAZIONE GIANICOLENSE;all'intersezione semaforizzata con;VIA QUIRINO MAJORANA;VIA QUIRINO MAJORANA;;;Scontro laterale fra veicoli in marcia;Intersezione semaforizzata;Due carreggiate;Asciutto;Asfaltata;Verticale ed orizzontale;Sereno;Normale;Buona;;0;0;0;3;12.4496;41.8725;-1;2;Autovettura privata;In marcia / fermata / arresto;Passeggero;F;Illeso;0;;Non accertato;Inesploso
5351287;10;02/04/2021 09:55:00;Strada Urbana;VIA APPIA NUOVA;in corrispondenza;;del civico n.;1091/B;;Tamponamento;Rettilineo;Due carreggiate;Asciutto;Asfaltata;Verticale ed orizzontale;Sereno;Normale;Buona;;0;0;0;2;12.5575;41.8289;-1;1;Autobus di linea;In marcia / fermata / arresto;Conducente;M;Illeso;0;;Non accertato;Inesploso
5351287;10;02/04/2021 09:55:00;Strada Urbana;VIA APPIA NUOVA;in corrispondenza;;del civico n.;1091/B;;Tamponamento;Rettilineo;Due carreggiate;Asciutto;Asfaltata;Verticale ed orizzontale;Sereno;Normale;Buona;;0;0;0;2;12.5575;41.8289;-1;2;Motociclo a solo;In marcia / fermata / arresto;Conducente;M;Illeso;0;;Utilizzato;
5351291;3;01/04/2021 12:00:00;Strada Urbana;VIA GUIDO MAZZONI;da specificare;;;;10;Scontro frontale fra veicoli in marcia;Rettilineo;Una carreggiata a senso unico di marcia;Asciutto;Asfaltata;Verticale ed orizzontale;Sereno;Normale;Buona;;0;0;0;3;12.5291;41.9102;-1;1;Autovettura privata;In marcia / fermata / arresto;Conducente;M;Illeso;0;;Non accertato;
5351291;3;01/04/2021 12:00:00;Strada Urbana;VIA GUIDO MAZZONI;da specificare;;;;10;Scontro frontale fra veicoli in marcia;Rettilineo;Una carreggiata a senso unico di marcia;Asciutto;Asfaltata;Verticale ed orizzontale;Sereno;Normale;Buona;;0;0;0;3;12.5291;41.9102;-1;1;Autovettura privata;In marcia / fermata / arresto;Passeggero;F;Illeso;0;;Non accertato;
5351291;3;01/04/2021 12:00:00;Strada Urbana;VIA GUIDO MAZZONI;da specificare;;;;10;Scontro frontale fra veicoli in marcia;Rettilineo;Una carreggiata a senso unico di marcia;Asciutto;Asfaltata;Verticale ed orizzontale;Sereno;Normale;Buona;;0;0;0;3;12.5291;41.9102;-1;2;Autoarticolato;In marcia / fermata / arresto;Conducente;M;Illeso;0;;Non accertato;
5351302;1;01/04/2021 23:30:00;Strada Urbana;PIAZZA DI PORTA MAGGIORE;in corrispondenza;;del civico n.;19;;Veicolo in marcia contro veicolo fermo;Rettilineo;Una carreggiata a senso unico di marcia;Asciutto;Asfaltata;Verticale;Sereno;;Buona;;0;0;0;2;;;0;1;Autovettura privata;In marcia / fermata / arresto;Conducente;M;Illeso;0;;;
5351302;1;01/04/2021 23:30:00;Strada Urbana;PIAZZA DI PORTA MAGGIORE;in corrispondenza;;del civico n.;19;;Veicolo in marcia contro veicolo fermo;Rettilineo;Una carreggiata a senso unico di marcia;Asciutto;Asfaltata;Verticale;Sereno;;Buona;;0;0;0;2;;;0;2;Autovettura privata;In marcia / fermata / arresto;Conducente;;Illeso;0;;;
5351305;3;01/04/2021 14:40:00;Strada Urbana;PIAZZA ORAZIO MARUCCHI;da specificare;;;;fronte civico 5;Veicolo in marcia contro veicolo in sosta;Rotatoria;Una carreggiata a senso unico di marcia;Asciutto;Asfaltata;Verticale ed orizzontale;Sereno;Scarso;Buona;;0;0;0;1;12.5209;41.921;-1;1;Autovettura privata;Sosta;;;;;;;
5351305;3;01/04/2021 14:40:00;Strada Urbana;PIAZZA ORAZIO MARUCCHI;da specificare;;;;fronte civico 5;Veicolo in marcia contro veicolo in sosta;Rotatoria;Una carreggiata a senso unico di marcia;Asciutto;Asfaltata;Verticale ed orizzontale;Sereno;Scarso;Buona;;0;0;0;1;12.5209;41.921;-1;2;Autocarro inferiore 35 q.;In marcia / fermata / arresto;Conducente;M;Illeso;0;;Non accertato;
5351329;3;01/04/2021 16:20:00;Strada Urbana;VIA DEI LUCANI;da specificare;;;;fronte civico 7;Veicolo in marcia contro veicolo in sosta;Rettilineo;Una carreggiata a senso unico di marcia;Asciutto;Asfaltata;Verticale ed orizzontale;Sereno;Normale;Buona;;0;0;0;0;12.5144;41.8949;-1;1;Autovettura privata;Sosta;;;;;;;
5351329;3;01/04/2021 16:20:00;Strada Urbana;VIA DEI LUCANI;da specificare;;;;fronte civico 7;Veicolo in marcia contro veicolo in sosta;Rettilineo;Una carreggiata a senso unico di marcia;Asciutto;Asfaltata;Verticale ed orizzontale;Sereno;Normale;Buona;;0;0;0;0;12.5144;41.8949;-1;2;Autovettura privata;Allontanatosi;;;;;;;
5351380;19;02/04/2021 06:00:00;Strada Urbana;VIA ALBANO SORBELLI;in prossimità;;del civico n.;36;;Veicolo in marcia contro veicolo in sosta;Rettilineo;Una carreggiata a doppio senso;Asciutto;Asfaltata;Assente;Nuvoloso;Scarso;Buona;;0;0;0;0;12.4031;41.9626;-1;1;Autovettura privata;Sosta;;;;;;;
5351380;19;02/04/2021 06:00:00;Strada Urbana;VIA ALBANO SORBELLI;in prossimità;;del civico n.;36;;Veicolo in marcia contro veicolo in sosta;Rettilineo;Una carreggiata a doppio senso;Asciutto;Asfaltata;Assente;Nuvoloso;Scarso;Buona;;0;0;0;0;12.4031;41.9626;-1;2;Autovettura privata;Allontanatosi;;;;;;;
5351402;10;02/04/2021 10:40:00;Strada Urbana;VIALE TITO LABIENO;in corrispondenza;;del civico n.;62;;Veicolo in marcia contro veicolo fermo;Rettilineo;Due carreggiate;Asciutto;Asfaltata;Verticale ed orizzontale;Sereno;Normale;Buona;;0;0;0;2;12.5659;41.8524;-1;1;Autovettura privata;In marcia / fermata / arresto;Conducente;F;Illeso;0;;Non accertato;Inesploso
5351402;10;02/04/2021 10:40:00;Strada Urbana;VIALE TITO LABIENO;in corrispondenza;;del civico n.;62;;Veicolo in marcia contro veicolo fermo;Rettilineo;Due carreggiate;Asciutto;Asfaltata;Verticale ed orizzontale;Sereno;Normale;Buona;;0;0;0;2;12.5659;41.8524;-1;2;Autovettura privata;In marcia / fermata / arresto;Conducente;F;Illeso;0;;Non accertato;Inesploso
5351433;9;02/04/2021 09:00:00;Strada Urbana;VIA GENZANO;all'intersezione con;VIA ALBANO;VIA ALBANO;;;Scontro frontale/laterale DX fra veicoli in marcia;Incrocio;Una carreggiata a doppio senso;Asciutto;Asfaltata;Verticale ed orizzontale;Nuvoloso;Normale;Buona;;1;0;0;1;12.5329;41.8706;-1;1;Autovettura privata;In marcia / fermata / arresto;Conducente;F;Illeso;0;;Non accertato;Inesploso
5351433;9;02/04/2021 09:00:00;Strada Urbana;VIA GENZANO;all'intersezione con;VIA ALBANO;VIA ALBANO;;;Scontro frontale/laterale DX fra veicoli in marcia;Incrocio;Una carreggiata a doppio senso;Asciutto;Asfaltata;Verticale ed orizzontale;Nuvoloso;Normale;Buona;;1;0;0;1;12.5329;41.8706;-1;2;Autovettura privata;In marcia / fermata / arresto;Conducente;F;Rimandato;0;NON DECEDUTO;Non accertato;Inesploso
5351571;6;02/04/2021 10:30:00;Strada Urbana;VIALE PARTENOPE;da specificare;;;;alt. PALO ACEA 1 (DIREZIONE PRENESTINA;Veicolo in marcia contro veicoli in sosta;Rettilineo;Due carreggiate;Asciutto;Asfaltata;Verticale ed orizzontale;Sereno;Normale;Buona;;0;0;0;1;12.551;41.8935;-1;1;Autovettura privata;In marcia / fermata / arresto;Conducente;M;Illeso;0;;Non accertato;Inesploso
5351571;6;02/04/2021 10:30:00;Strada Urbana;VIALE PARTENOPE;da specificare;;;;alt. PALO ACEA 1 (DIREZIONE PRENESTINA;Veicolo in marcia contro veicoli in sosta;Rettilineo;Due carreggiate;Asciutto;Asfaltata;Verticale ed orizzontale;Sereno;Normale;Buona;;0;0;0;1;12.551;41.8935;-1;2;Autovettura privata;Sosta;;;;;;;
5351571;6;02/04/2021 10:30:00;Strada Urbana;VIALE PARTENOPE;da specificare;;;;alt. PALO ACEA 1 (DIREZIONE PRENESTINA;Veicolo in marcia contro veicoli in sosta;Rettilineo;Due carreggiate;Asciutto;Asfaltata;Verticale ed orizzontale;Sereno;Normale;Buona;;0;0;0;1;12.551;41.8935;-1;3;Autovettura privata;Sosta;;;;;;;
5351571;6;02/04/2021 10:30:00;Strada Urbana;VIALE PARTENOPE;da specificare;;;;alt. PALO ACEA 1 (DIREZIONE PRENESTINA;Veicolo in marcia contro veicoli in sosta;Rettilineo;Due carreggiate;Asciutto;Asfaltata;Verticale ed orizzontale;Sereno;Normale;Buona;;0;0;0;1;12.551;41.8935;-1;4;Autovettura privata;Sosta;;;;;;;
5351730;4;02/04/2021 09:30:00;Statale;RACCORDO SALARIO SETTEBAGNI;da specificare;;;;prossimità fronte Km 15,600 direzione GRA;Tamponamento;Rettilineo;Due carreggiate;Asciutto;Asfaltata;Verticale ed orizzontale;Sereno;Normale;Buona;;1;0;0;1;12.556;42.038;-1;1;Autovettura privata;In marcia / fermata / arresto;Conducente;M;Illeso;0;;Non accertato;Inesploso
5351730;4;02/04/2021 09:30:00;Statale;RACCORDO SALARIO SETTEBAGNI;da specificare;;;;prossimità fronte Km 15,600 direzione GRA;Tamponamento;Rettilineo;Due carreggiate;Asciutto;Asfaltata;Verticale ed orizzontale;Sereno;Normale;Buona;;1;0;0;1;12.556;42.038;-1;2;Velocipede;In marcia / fermata / arresto;Conducente;M;Ricoverato;0;NON DECEDUTO;Esente;
5351845;20;02/04/2021 10:34:00;Strada Urbana;VIA CASSIA;all'intersezione con;VIA DEL CENACOLO;VIA DEL CENACOLO;;;Tamponamento;Intersezione stradale segnalata;Una carreggiata a doppio senso;Asciutto;Asfaltata;Verticale ed orizzontale;Sereno;Normale;Buona;;0;0;0;4;12.3776;42.0096;-1;1;Autovettura privata;In marcia / fermata / arresto;Conducente;M;Illeso;0;;;
5351845;20;02/04/2021 10:34:00;Strada Urbana;VIA CASSIA;all'intersezione con;VIA DEL CENACOLO;VIA DEL CENACOLO;;;Tamponamento;Intersezione stradale segnalata;Una carreggiata a doppio senso;Asciutto;Asfaltata;Verticale ed orizzontale;Sereno;Normale;Buona;;0;0;0;4;12.3776;42.0096;-1;2;Autovettura privata;In marcia / fermata / arresto;Conducente;M;Illeso;0;;;
5351845;20;02/04/2021 10:34:00;Strada Urbana;VIA CASSIA;all'intersezione con;VIA DEL CENACOLO;VIA DEL CENACOLO;;;Tamponamento;Intersezione stradale segnalata;Una carreggiata a doppio senso;Asciutto;Asfaltata;Verticale ed orizzontale;Sereno;Normale;Buona;;0;0;0;4;12.3776;42.0096;-1;2;Autovettura privata;In marcia / fermata / arresto;Passeggero;F;Illeso;0;;;
5351845;20;02/04/2021 10:34:00;Strada Urbana;VIA CASSIA;all'intersezione con;VIA DEL CENACOLO;VIA DEL CENACOLO;;;Tamponamento;Intersezione stradale segnalata;Una carreggiata a doppio senso;Asciutto;Asfaltata;Verticale ed orizzontale;Sereno;Normale;Buona;;0;0;0;4;12.3776;42.0096;-1;2;Autovettura privata;In marcia / fermata / arresto;Passeggero;F;Illeso;0;;;
5352020;18;02/04/2021 13:45:00;Strada Urbana;VIA DELLA CELLULOSA;in prossimità;;del civico n.;23;;Scontro laterale fra veicoli in marcia;Rettilineo;Due carreggiate;Asciutto;Asfaltata;Verticale ed orizzontale;Sereno;Normale;Buona;;0;0;0;2;12.367;41.9228;-1;1;Autovettura privata;In marcia / fermata / arresto;Conducente;F;Illeso;0;;Non accertato;Inesploso
5352020;18;02/04/2021 13:45:00;Strada Urbana;VIA DELLA CELLULOSA;in prossimità;;del civico n.;23;;Scontro laterale fra veicoli in marcia;Rettilineo;Due carreggiate;Asciutto;Asfaltata;Verticale ed orizzontale;Sereno;Normale;Buona;;0;0;0;2;12.367;41.9228;-1;2;Autovettura privata;In marcia / fermata / arresto;Conducente;M;Illeso;0;;Non accertato;Inesploso
5352034;20;02/04/2021 12:15:00;Strada Urbana;VIA CASSIA NUOVA;in prossimità;;del civico n.;70;;Scontro frontale/laterale DX fra veicoli in marcia;Rettilineo;Una carreggiata a doppio senso;Asciutto;Asfaltata;Orizzontale;Sereno;Normale;Buona;;2;0;0;0;12.4678;41.9513;-1;1;Motociclo a solo;In marcia / fermata / arresto;Conducente;M;Ricoverato;0;NON DECEDUTO;;
5352034;20;02/04/2021 12:15:00;Strada Urbana;VIA CASSIA NUOVA;in prossimità;;del civico n.;70;;Scontro frontale/laterale DX fra veicoli in marcia;Rettilineo;Una carreggiata a doppio senso;Asciutto;Asfaltata;Orizzontale;Sereno;Normale;Buona;;2;0;0;0;12.4678;41.9513;-1;2;Motociclo a solo;In marcia / fermata / arresto;Conducente;M;Ricoverato;0;NON DECEDUTO;;
5352173;6;02/04/2021 13:25:00;Strada Urbana;VIA CASILINA;in corrispondenza;;del civico n.;325;;Veicolo in marcia che urta buche nella carreggiata;Rettilineo;Più di due carreggiate;Asciutto;Asfaltata;Assente;Sereno;Normale;Buona;;0;0;0;1;12.5361;41.8823;-1;1;Motociclo a solo;In marcia / fermata / arresto;Conducente;M;Illeso;0;;;
5352189;6;02/04/2021 14:40:00;Strada Urbana;VIA DI CENTOCELLE;in corrispondenza;;del civico n.;269;;Scontro frontale/laterale SX fra veicoli in marcia;Rettilineo;Una carreggiata a doppio senso;Asciutto;Asfaltata;Verticale ed orizzontale;Sereno;Normale;Buona;;0;0;0;3;12.553;41.8665;-1;1;Autovettura privata;In marcia / fermata / arresto;Conducente;M;Illeso;0;;;
5352189;6;02/04/2021 14:40:00;Strada Urbana;VIA DI CENTOCELLE;in corrispondenza;;del civico n.;269;;Scontro frontale/laterale SX fra veicoli in marcia;Rettilineo;Una carreggiata a doppio senso;Asciutto;Asfaltata;Verticale ed orizzontale;Sereno;Normale;Buona;;0;0;0;3;12.553;41.8665;-1;1;Autovettura privata;In marcia / fermata / arresto;Passeggero;M;Illeso;0;;;
5352189;6;02/04/2021 14:40:00;Strada Urbana;VIA DI CENTOCELLE;in corrispondenza;;del civico n.;269;;Scontro frontale/laterale SX fra veicoli in marcia;Rettilineo;Una carreggiata a doppio senso;Asciutto;Asfaltata;Verticale ed orizzontale;Sereno;Normale;Buona;;0;0;0;3;12.553;41.8665;-1;2;Autovettura privata;In marcia / fermata / arresto;Conducente;M;Illeso;0;;;
5352237;5;02/04/2021 12:45:00;Strada Urbana;VIA RENATO SIMONI;in corrispondenza;;del civico n.;60;;Investimento di pedone;Rettilineo;Una carreggiata a doppio senso;Asciutto;Asfaltata;Verticale ed orizzontale;Sereno;Normale;Buona;;1;0;0;1;12.5391;41.9099;-1;;;;Pedone;M;Rimandato;0;NON DECEDUTO;;
5352237;5;02/04/2021 12:45:00;Strada Urbana;VIA RENATO SIMONI;in corrispondenza;;del civico n.;60;;Investimento di pedone;Rettilineo;Una carreggiata a doppio senso;Asciutto;Asfaltata;Verticale ed orizzontale;Sereno;Normale;Buona;;1;0;0;1;12.5391;41.9099;-1;1;Autocarro inferiore 35 q.;In marcia / fermata / arresto;Conducente;M;Illeso;0;;;
5352252;5;02/04/2021 15:25:00;Strada Urbana;VIA TIBURTINA;all'intersezione semaforizzata con;VIA DEL CASALE DI S. BASILIO;VIA DEL CASALE DI S. BASILIO;;;Scontro frontale/laterale SX fra veicoli in marcia;Incrocio;Due carreggiate;Asciutto;Asfaltata;Verticale ed orizzontale;Sereno;Normale;Buona;;0;0;0;2;12.5851;41.9326;-1;1;Autovettura privata;In marcia / fermata / arresto;Conducente;M;Illeso;0;;Non accertato;
5352252;5;02/04/2021 15:25:00;Strada Urbana;VIA TIBURTINA;all'intersezione semaforizzata con;VIA DEL CASALE DI S. BASILIO;VIA DEL CASALE DI S. BASILIO;;;Scontro frontale/laterale SX fra veicoli in marcia;Incrocio;Due carreggiate;Asciutto;Asfaltata;Verticale ed orizzontale;Sereno;Normale;Buona;;0;0;0;2;12.5851;41.9326;-1;2;Autovettura privata;In marcia / fermata / arresto;Conducente;M;Illeso;0;;Esente;
5352285;6;02/04/2021 17:00:00;Strada Urbana;VIA ANAGNI;da specificare;;;;altezza civico 84;Scontro frontale/laterale DX fra veicoli in marcia;Rettilineo;Una carreggiata a doppio senso;Asciutto;Asfaltata;Verticale ed orizzontale;Sereno;Normale;Buona;;0;0;0;4;12.5575;41.8901;-1;1;Autovettura privata;In marcia / fermata / arresto;Conducente;M;Illeso;0;;;
5352285;6;02/04/2021 17:00:00;Strada Urbana;VIA ANAGNI;da specificare;;;;altezza civico 84;Scontro frontale/laterale DX fra veicoli in marcia;Rettilineo;Una carreggiata a doppio senso;Asciutto;Asfaltata;Verticale ed orizzontale;Sereno;Normale;Buona;;0;0;0;4;12.5575;41.8901;-1;1;Autovettura privata;In marcia / fermata / arresto;Passeggero;M;Illeso;0;;Non accertato;Inesploso
5352285;6;02/04/2021 17:00:00;Strada Urbana;VIA ANAGNI;da specificare;;;;altezza civico 84;Scontro frontale/laterale DX fra veicoli in marcia;Rettilineo;Una carreggiata a doppio senso;Asciutto;Asfaltata;Verticale ed orizzontale;Sereno;Normale;Buona;;0;0;0;4;12.5575;41.8901;-1;1;Autovettura privata;In marcia / fermata / arresto;Passeggero;F;Illeso;0;;Non accertato;Inesploso
5352285;6;02/04/2021 17:00:00;Strada Urbana;VIA ANAGNI;da specificare;;;;altezza civico 84;Scontro frontale/laterale DX fra veicoli in marcia;Rettilineo;Una carreggiata a doppio senso;Asciutto;Asfaltata;Verticale ed orizzontale;Sereno;Normale;Buona;;0;0;0;4;12.5575;41.8901;-1;2;Autovettura privata;In marcia / fermata / arresto;Conducente;M;Illeso;0;;;
5352291;6;02/04/2021 18:05:00;Strada Urbana;PIAZZA DEL PIGNETO;da specificare;;;;ALTEZZA CIVICO 9;Tamponamento;Rettilineo;Una carreggiata a doppio senso;Asciutto;Asfaltata;Verticale ed orizzontale;Sereno;Normale;Buona;;0;0;0;2;12.5231;41.8891;-1;1;Motociclo a solo;In marcia / fermata / arresto;Conducente;M;Illeso;0;;;
5352291;6;02/04/2021 18:05:00;Strada Urbana;PIAZZA DEL PIGNETO;da specificare;;;;ALTEZZA CIVICO 9;Tamponamento;Rettilineo;Una carreggiata a doppio senso;Asciutto;Asfaltata;Verticale ed orizzontale;Sereno;Normale;Buona;;0;0;0;2;12.5231;41.8891;-1;2;Autovettura privata;In marcia / fermata / arresto;Conducente;M;Illeso;0;;;
5352334;7;02/04/2021 19:15:00;Strada Urbana;VIA TOR DE' SCHIAVI;da specificare;;;;altezza Via Trinchieri;Scontro frontale/laterale DX fra veicoli in marcia;Rettilineo;Due carreggiate;Asciutto;Asfaltata;Verticale ed orizzontale;Sereno;Normale;Buona;;0;0;0;2;12.5612;41.8879;-1;1;Autovettura privata;In marcia / fermata / arresto;Conducente;M;Illeso;0;;Non accertato;Inesploso
5352334;7;02/04/2021 19:15:00;Strada Urbana;VIA TOR DE' SCHIAVI;da specificare;;;;altezza Via Trinchieri;Scontro frontale/laterale DX fra veicoli in marcia;Rettilineo;Due carreggiate;Asciutto;Asfaltata;Verticale ed orizzontale;Sereno;Normale;Buona;;0;0;0;2;12.5612;41.8879;-1;2;Autovettura privata;In marcia / fermata / arresto;Conducente;M;Illeso;0;;Non accertato;Inesploso
5352437;15;02/04/2021 18:15:00;Strada Urbana;LARGO GAETANO LA LOGGIA;in prossimità;;del civico n.;20;;Veicolo in marcia contro veicolo in sosta;Rettilineo;Due carreggiate;Asciutto;Asfaltata;Orizzontale;Sereno;Normale;Buona;;0;0;0;1;12.4464;41.8554;-1;1;Autovettura privata;Sosta;;;;;;;
5352437;15;02/04/2021 18:15:00;Strada Urbana;LARGO GAETANO LA LOGGIA;in prossimità;;del civico n.;20;;Veicolo in marcia contro veicolo in sosta;Rettilineo;Due carreggiate;Asciutto;Asfaltata;Orizzontale;Sereno;Normale;Buona;;0;0;0;1;12.4464;41.8554;-1;2;Autovettura privata;In marcia / fermata / arresto;Conducente;F;Illeso;0;;Non accertato;
5352438;15;02/04/2021 13:55:00;Strada Urbana;VIALE GUGLIELMO MARCONI;in corrispondenza;;del civico n.;166;;Scontro laterale fra veicoli in marcia;Rettilineo;Due carreggiate;Asciutto;Asfaltata;Orizzontale;Sereno;Normale;Buona;;0;0;0;3;12.4685;41.8659;-1;1;Autovettura privata;In marcia / fermata / arresto;Conducente;M;Illeso;0;;Non accertato;Inesploso
5352438;15;02/04/2021 13:55:00;Strada Urbana;VIALE GUGLIELMO MARCONI;in corrispondenza;;del civico n.;166;;Scontro laterale fra veicoli in marcia;Rettilineo;Due carreggiate;Asciutto;Asfaltata;Orizzontale;Sereno;Normale;Buona;;0;0;0;3;12.4685;41.8659;-1;2;Autovettura privata;In marcia / fermata / arresto;Conducente;M;Illeso;0;;Non accertato;Inesploso
5352438;15;02/04/2021 13:55:00;Strada Urbana;VIALE GUGLIELMO MARCONI;in corrispondenza;;del civico n.;166;;Scontro laterale fra veicoli in marcia;Rettilineo;Due carreggiate;Asciutto;Asfaltata;Orizzontale;Sereno;Normale;Buona;;0;0;0;3;12.4685;41.8659;-1;2;Autovettura privata;In marcia / fermata / arresto;Passeggero;F;Illeso;0;;Non accertato;Inesploso
5352439;15;02/04/2021 12:30:00;Strada Urbana;VIA PIETRO FRATTINI;da specificare;;;;prossimità Via E. Pallini;Scontro laterale fra veicoli in marcia;Rettilineo;Una carreggiata a doppio senso;Asciutto;Asfaltata;Verticale ed orizzontale;Sereno;Scarso;Buona;;0;0;0;3;12.4491;41.8499;-1;1;Autovettura privata;In marcia / fermata / arresto;Conducente;M;Illeso;0;;Non accertato;Inesploso
5352439;15;02/04/2021 12:30:00;Strada Urbana;VIA PIETRO FRATTINI;da specificare;;;;prossimità Via E. Pallini;Scontro laterale fra veicoli in marcia;Rettilineo;Una carreggiata a doppio senso;Asciutto;Asfaltata;Verticale ed orizzontale;Sereno;Scarso;Buona;;0;0;0;3;12.4491;41.8499;-1;1;Autovettura privata;In marcia / fermata / arresto;Passeggero;F;Illeso;0;;Non accertato;Inesploso