Protocollo;Gruppo;DataOraIncidente;Localizzazione1;STRADA1;Localizzazione2;STRADA2;Strada02;Chilometrica;DaSpecificare;NaturaIncidente;particolaritastrade;TipoStrada;FondoStradale;Pavimentazione;Segnaletica;CondizioneAtmosferica;Traffico;Visibilita;Illuminazione;NUM_FERITI;NUM_RISERVATA;NUM_MORTI;NUM_ILLESI;Longitude;Latitude;Confermato;Progressivo;TipoVeicolo;StatoVeicolo;TipoPersona;Sesso;Tipolesione;Deceduto;DecedutoDopo;CinturaCascoUtilizzato;Airbag;
5354330;6;05/04/2021 11:50:00;Strada Urbana;VIALE DELLA SERENISSIMA;in corrispondenza;;del civico n.;179;;Scontro laterale fra veicoli in marcia;Rettilineo;Una carreggiata a senso unico di marcia;Asciutto;Asfaltata;Verticale;Sereno;Scarso;Buona;;0;0;0;2;12.5579;41.8993;-1;2;Autovettura privata;In marcia / fermata / arresto;Conducente;M;Illeso;0;;;
5354331;9;04/04/2021 15:35:00;Strada Urbana;VIA NOCERA UMBRA;all'intersezione con;VIA GUALDO TADINO;VIA GUALDO TADINO;;;Scontro frontale/laterale SX fra veicoli in marcia;Incrocio;Una carreggiata a senso unico di marcia;Asciutto;Asfaltata;Orizzontale;Sereno;Scarso;Buona;;0;0;0;2;12.5272;41.8776;-1;1;Autovettura privata;In marcia / fermata / arresto;Conducente;F;Illeso;0;;Non accertato;Inesploso
5354331;9;04/04/2021 15:35:00;Strada Urbana;VIA NOCERA UMBRA;all'intersezione con;VIA GUALDO TADINO;VIA GUALDO TADINO;;;Scontro frontale/laterale SX fra veicoli in marcia;Incrocio;Una carreggiata a senso unico di marcia;Asciutto;Asfaltata;Orizzontale;Sereno;Scarso;Buona;;0;0;0;2;12.5272;41.8776;-1;2;Autovettura privata;In marcia / fermata / arresto;Conducente;M;Illeso;0;;Non accertato;Inesploso
5354331;9;04/04/2021 15:35:00;Strada Urbana;VIA NOCERA UMBRA;all'intersezione con;VIA GUALDO TADINO;VIA GUALDO TADINO;;;Scontro frontale/laterale SX fra veicoli in marcia;Incrocio;Una carreggiata a senso unico di marcia;Asciutto;Asfaltata;Orizzontale;Sereno;Scarso;Buona;;0;0;0;2;12.5272;41.8776;-1;3;Autovettura privata;Sosta;;;;;;;
5354340;9;04/04/2021 20:10:00;Strada Urbana;VIA CESARE CORRENTI;in prossimità;;del civico n.;3;;Veicolo in marcia contro veicoli in sosta;Rettilineo;Una carreggiata a senso unico di marcia;Asciutto;Asfaltata;Verticale ed orizzontale;Sereno;Scarso;Sufficiente;;0;0;0;1;12.5169;41.8731;-1;1;Autovettura privata;In marcia / fermata / arresto;Conducente;M;Illeso;0;;Non accertato;Inesploso
5354340;9;04/04/2021 20:10:00;Strada Urbana;VIA CESARE CORRENTI;in prossimità;;del civico n.;3;;Veicolo in marcia contro veicoli in sosta;Rettilineo;Una carreggiata a senso unico di marcia;Asciutto;Asfaltata;Verticale ed orizzontale;Sereno;Scarso;Sufficiente;;0;0;0;1;12.5169;41.8731;-1;2;Autovettura privata;Sosta;;;;;;;
5354340;9;04/04/2021 20:10:00;Strada Urbana;VIA CESARE CORRENTI;in prossimità;;del civico n.;3;;Veicolo in marcia contro veicoli in sosta;Rettilineo;Una carreggiata a senso unico di marcia;Asciutto;Asfaltata;Verticale ed orizzontale;Sereno;Scarso;Sufficiente;;0;0;0;1;12.5169;41.8731;-1;3;Autovettura privata;Sosta;;;;;;;
5354340;9;04/04/2021 20:10:00;Strada Urbana;VIA CESARE CORRENTI;in prossimità;;del civico n.;3;;Veicolo in marcia contro veicoli in sosta;Rettilineo;Una carreggiata a senso unico di marcia;Asciutto;Asfaltata;Verticale ed orizzontale;Sereno;Scarso;Sufficiente;;0;0;0;1;12.5169;41.8731;-1;4;Autovettura privata;Sosta;;;;;;;
5354340;9;04/04/2021 20:10:00;Strada Urbana;VIA CESARE CORRENTI;in prossimità;;del civico n.;3;;Veicolo in marcia contro veicoli in sosta;Rettilineo;Una carreggiata a senso unico di marcia;Asciutto;Asfaltata;Verticale ed orizzontale;Sereno;Scarso;Sufficiente;;0;0;0;1;12.5169;41.8731;-1;5;Autovettura privata;Sosta;;;;;;;
5354340;9;04/04/2021 20:10:00;Strada Urbana;VIA CESARE CORRENTI;in prossimità;;del civico n.;3;;Veicolo in marcia contro veicoli in sosta;Rettilineo;Una carreggiata a senso unico di marcia;Asciutto;Asfaltata;Verticale ed orizzontale;Sereno;Scarso;Sufficiente;;0;0;0;1;12.5169;41.8731;-1;6;Autovettura privata;Sosta;;;;;;;
5354411;15;04/04/2021 21:10:00;Strada Urbana;VIA ODERISI DA GUBBIO;in corrispondenza;;del civico n.;280;;Veicolo in marcia contro ostacolo accidentale;Rettilineo;Una carreggiata a doppio senso;Asciutto;Asfaltata;Assente;Sereno;Scarso;Buona;;1;0;0;0;12.4638;41.8626;-1;1;Monopattino elettrico;In marcia / fermata / arresto;Conducente;M;Rimandato;0;NON DECEDUTO;Non accertato;
5354416;15;05/04/2021 11:00:00;Strada Urbana;VIA GIUSEPPE VERONESE;da specificare;;;;fronte civico 94;Veicolo in marcia contro veicolo in sosta;Rettilineo;Una carreggiata a doppio senso;Asciutto;Asfaltata;Verticale ed orizzontale;Nuvoloso;Scarso;Buona;;0;0;0;1;12.465;41.8666;-1;1;Autovettura privata;Sosta;;;;;;;
5354416;15;05/04/2021 11:00:00;Strada Urbana;VIA GIUSEPPE VERONESE;da specificare;;;;fronte civico 94;Veicolo in marcia contro veicolo in sosta;Rettilineo;Una carreggiata a doppio senso;Asciutto;Asfaltata;Verticale ed orizzontale;Nuvoloso;Scarso;Buona;;0;0;0;1;12.465;41.8666;-1;2;Autovettura privata;In marcia / fermata / arresto;Conducente;M;Illeso;0;;Non accertato;
5354421;15;04/04/2021 09:45:00;Altra strada;VIA DELLA MURATELLA;in prossimità;;del palo luce n.;39;;Scontro frontale/laterale SX fra veicoli in marcia;Rettilineo;Una carreggiata a doppio senso;Asciutto;Asfaltata;Orizzontale;Sereno;Scarso;Buona;;1;0;0;1;12.2585;41.8576;-1;1;Autovettura privata;In marcia / fermata / arresto;Conducente;F;Illeso;0;;Non accertato;
5354421;15;04/04/2021 09:45:00;Altra strada;VIA DELLA MURATELLA;in prossimità;;del palo luce n.;39;;Scontro frontale/laterale SX fra veicoli in marcia;Rettilineo;Una carreggiata a doppio senso;Asciutto;Asfaltata;Orizzontale;Sereno;Scarso;Buona;;1;0;0;1;12.2585;41.8576;-1;2;Motociclo a solo;In marcia / fermata / arresto;Conducente;M;Rimandato;0;NON DECEDUTO;Non accertato;
5354425;15;04/04/2021 13:30:00;Strada Urbana;VIA CAPRESE;in corrispondenza;;del civico n.;56;;Veicolo in marcia contro veicolo in sosta;Rettilineo;Una carreggiata a senso unico di marcia;Asciutto;Asfaltata;Verticale ed orizzontale;Sereno;Scarso;Buona;;0;0;0;1;12.4964;41.9028;-1;1;Autocarro inferiore 35 q.;In marcia / fermata / arresto;Conducente;M;Illeso;0;;Utilizzato;Inesploso
5354425;15;04/04/2021 13:30:00;Strada Urbana;VIA CAPRESE;in corrispondenza;;del civico n.;56;;Veicolo in marcia contro veicolo in sosta;Rettilineo;Una carreggiata a senso unico di marcia;Asciutto;Asfaltata;Verticale ed orizzontale;Sereno;Scarso;Buona;;0;0;0;1;12.4964;41.9028;-1;2;Autovettura privata;Sosta;;;;;;;
5354426;15;04/04/2021 14:55:00;Strada Urbana;LUNGOTEVERE DEGLI INVENTORI;da specificare;;;;FRONTE CIVICO 50;Infortunio per sola frenata improvvisa;Rettilineo;Una carreggiata a doppio senso;Asciutto;Asfaltata;Verticale;Sereno;Scarso;Buona;;0;0;0;2;12.4671;41.8611;-1;1;Autocarro inferiore 35 q.;In marcia / fermata / arresto;Conducente;M;Illeso;0;;;
5354426;15;04/04/2021 14:55:00;Strada Urbana;LUNGOTEVERE DEGLI INVENTORI;da specificare;;;;FRONTE CIVICO 50;Infortunio per sola frenata improvvisa;Rettilineo;Una carreggiata a doppio senso;Asciutto;Asfaltata;Verticale;Sereno;Scarso;Buona;;0;0;0;2;12.4671;41.8611;-1;2;Velocipede;In marcia / fermata / arresto;Conducente;M;Illeso;0;;Esente;
5354798;19;02/04/2021 13:30:00;Strada Urbana;VIA DELLE CALASANZIANE;in corrispondenza;;del civico n.;55;;Tamponamento;Rettilineo;Una carreggiata a senso unico di marcia;Asciutto;Asfaltata;Verticale;Sereno;Scarso;Buona;;0;0;0;3;12.4197;41.9172;-1;1;Autovettura privata;In marcia / fermata / arresto;Conducente;M;Illeso;0;;Non accertato;Inesploso
5354798;19;02/04/2021 13:30:00;Strada Urbana;VIA DELLE CALASANZIANE;in corrispondenza;;del civico n.;55;;Tamponamento;Rettilineo;Una carreggiata a senso unico di marcia;Asciutto;Asfaltata;Verticale;Sereno;Scarso;Buona;;0;0;0;3;12.4197;41.9172;-1;1;Autovettura privata;In marcia / fermata / arresto;Passeggero;F;Illeso;0;;Non accertato;Inesploso
5354798;19;02/04/2021 13:30:00;Strada Urbana;VIA DELLE CALASANZIANE;in corrispondenza;;del civico n.;55;;Tamponamento;Rettilineo;Una carreggiata a senso unico di marcia;Asciutto;Asfaltata;Verticale;Sereno;Scarso;Buona;;0;0;0;3;12.4197;41.9172;-1;2;Autovettura privata;In marcia / fermata / arresto;Conducente;M;Illeso;0;;;
5354811;8;04/04/2021 10:15:00;Strada Urbana;VIA DI PRATAPORCI;all'intersezione con;VIA TORRE DELLO STINCO;VIA TORRE DELLO STINCO;;;Scontro frontale/laterale SX fra veicoli in marcia;Incrocio;Una carreggiata a doppio senso;Asciutto;Asfaltata;Verticale;Sereno;Scarso;Buona;;2;0;0;0;12.6843;41.8468;-1;1;Autovettura privata;In marcia / fermata / arresto;Conducente;M;Ricoverato;0;NON DECEDUTO;;
5354811;8;04/04/2021 10:15:00;Strada Urbana;VIA DI PRATAPORCI;all'intersezione con;VIA TORRE DELLO STINCO;VIA TORRE DELLO STINCO;;;Scontro frontale/laterale SX fra veicoli in marcia;Incrocio;Una carreggiata a doppio senso;Asciutto;Asfaltata;Verticale;Sereno;Scarso;Buona;;2;0;0;0;12.6843;41.8468;-1;2;Autovettura privata;In marcia / fermata / arresto;Conducente;M;Ricoverato;0;NON DECEDUTO;;
5354816;8;04/04/2021 12:20:00;Strada Urbana;VIA DI LUNGHEZZINA;in prossimità;;del civico n.;141;;Scontro frontale/laterale SX fra veicoli in marcia;Curva senza visuale libera;Una carreggiata a doppio senso;Asciutto;Asfaltata;Verticale ed orizzontale;Sereno;Scarso;Buona;;1;0;0;1;12.6896;41.9295;-1;1;Autovettura privata;In marcia / fermata / arresto;Conducente;M;Illeso;0;;;
5354816;8;04/04/2021 12:20:00;Strada Urbana;VIA DI LUNGHEZZINA;in prossimità;;del civico n.;141;;Scontro frontale/laterale SX fra veicoli in marcia;Curva senza visuale libera;Una carreggiata a doppio senso;Asciutto;Asfaltata;Verticale ed orizzontale;Sereno;Scarso;Buona;;1;0;0;1;12.6896;41.9295;-1;2;Motociclo a solo;In marcia / fermata / arresto;Conducente;M;Ricoverato;0;NON DECEDUTO;;
5354820;15;05/04/2021 17:55:00;Strada Urbana;VIA GAETANO FUGGETTA;in prossimità;;del civico n.;82;;Scontro laterale fra veicoli in marcia;Rettilineo;Una carreggiata a senso unico di marcia;Asciutto;Asfaltata;Verticale ed orizzontale;Sereno;Scarso;Buona;;0;0;0;2;12.4524;41.8506;-1;1;Autovettura privata;In marcia / fermata / arresto;Conducente;M;Illeso;0;;Utilizzato;Inesploso
5354820;15;05/04/2021 17:55:00;Strada Urbana;VIA GAETANO FUGGETTA;in prossimità;;del civico n.;82;;Scontro laterale fra veicoli in marcia;Rettilineo;Una carreggiata a senso unico di marcia;Asciutto;Asfaltata;Verticale ed orizzontale;Sereno;Scarso;Buona;;0;0;0;2;12.4524;41.8506;-1;2;Motociclo a solo;In marcia / fermata / arresto;Conducente;M;Illeso;0;;Utilizzato;
5354821;8;04/04/2021 16:07:00;Comunale extraurbana;VIA DI ROCCA CENCIA;all'intersezione con;VIA URZULEI;VIA URZULEI;;;Veicolo in marcia contro ostacolo fisso;Incrocio;Una carreggiata a doppio senso;Asciutto;Asfaltata;Verticale ed orizzontale;Sereno;Scarso;Buona;;1;0;0;0;12.6951;41.882;-1;1;Autovettura privata;In marcia / fermata / arresto;Conducente;M;Rifiuta cure immediate;0;NON DECEDUTO;Non accertato;Inesploso
5354823;19;02/04/2021 10:05:00;Strada Urbana;LARGO GIORGIO MACCAGNO;all'intersezione con;VIA ROMEO RODRIGUEZ PEREIRA;VIA ROMEO RODRIGUEZ PEREIRA;;;Scontro frontale/laterale DX fra veicoli in marcia;Intersezione stradale segnalata;Una carreggiata a doppio senso;Asciutto;Asfaltata;Verticale;Nuvoloso;Normale;Buona;;0;0;0;2;12.4385;41.9163;-1;1;Autovettura privata;In marcia / fermata / arresto;Conducente;M;Illeso;0;;Non accertato;Inesploso
5354823;19;02/04/2021 10:05:00;Strada Urbana;LARGO GIORGIO MACCAGNO;all'intersezione con;VIA ROMEO RODRIGUEZ PEREIRA;VIA ROMEO RODRIGUEZ PEREIRA;;;Scontro frontale/laterale DX fra veicoli in marcia;Intersezione stradale segnalata;Una carreggiata a doppio senso;Asciutto;Asfaltata;Verticale;Nuvoloso;Normale;Buona;;0;0;0;2;12.4385;41.9163;-1;2;Autovettura privata;In marcia / fermata / arresto;Conducente;M;Illeso;0;;Non accertato;Inesploso
5354828;8;05/04/2021 18:55:00;Strada Urbana;VIA DEL FOSSO DELL'OSA;da specificare;;;;300 mt dal civico di VIA PRENESTINA POLENSE;Scontro frontale/laterale SX fra veicoli in marcia;Curva a visuale libera;Una carreggiata a doppio senso;Asciutto;Asfaltata;Orizzontale;Sereno;Scarso;Buona;;1;0;0;6;12.6921;41.8909;-1;1;Autovettura privata;In marcia / fermata / arresto;Conducente;M;Illeso;0;;Non accertato;Inesploso
5354828;8;05/04/2021 18:55:00;Strada Urbana;VIA DEL FOSSO DELL'OSA;da specificare;;;;300 mt dal civico di VIA PRENESTINA POLENSE;Scontro frontale/laterale SX fra veicoli in marcia;Curva a visuale libera;Una carreggiata a doppio senso;Asciutto;Asfaltata;Orizzontale;Sereno;Scarso;Buona;;1;0;0;6;12.6921;41.8909;-1;1;Autovettura privata;In marcia / fermata / arresto;Passeggero;M;Illeso;0;;Non accertato;Esploso
5354828;8;05/04/2021 18:55:00;Strada Urbana;VIA DEL FOSSO DELL'OSA;da specificare;;;;300 mt dal civico di VIA PRENESTINA POLENSE;Scontro frontale/laterale SX fra veicoli in marcia;Curva a visuale libera;Una carreggiata a doppio senso;Asciutto;Asfaltata;Orizzontale;Sereno;Scarso;Buona;;1;0;0;6;12.6921;41.8909;-1;1;Autovettura privata;In marcia / fermata / arresto;Passeggero;M;Rifiuta cure immediate;0;NON DECEDUTO;Non accertato;Esploso
5354828;8;05/04/2021 18:55:00;Strada Urbana;VIA DEL FOSSO DELL'OSA;da specificare;;;;300 mt dal civico di VIA PRENESTINA POLENSE;Scontro frontale/laterale SX fra veicoli in marcia;Curva a visuale libera;Una carreggiata a doppio senso;Asciutto;Asfaltata;Orizzontale;Sereno;Scarso;Buona;;1;0;0;6;12.6921;41.8909;-1;2;Autovettura privata;In marcia / fermata / arresto;Conducente;M;Illeso;0;;Non accertato;Esploso
5354828;8;05/04/2021 18:55:00;Strada Urbana;VIA DEL FOSSO DELL'OSA;da specificare;;;;300 mt dal civico di VIA PRENESTINA POLENSE;Scontro frontale/laterale SX fra veicoli in marcia;Curva a visuale libera;Una carreggiata a doppio senso;Asciutto;Asfaltata;Orizzontale;Sereno;Scarso;Buona;;1;0;0;6;12.6921;41.8909;-1;2;Autovettura privata;In marcia / fermata / arresto;Passeggero;F;Illeso;0;;Non accertato;Esploso
5354828;8;05/04/2021 18:55:00;Strada Urbana;VIA DEL FOSSO DELL'OSA;da specificare;;;;300 mt dal civico di VIA PRENESTINA POLENSE;Scontro frontale/laterale SX fra veicoli in marcia;Curva a visuale libera;Una carreggiata a doppio senso;Asciutto;Asfaltata;Orizzontale;Sereno;Scarso;Buona;;1;0;0;6;12.6921;41.8909;-1;3;Autovettura privata;In marcia / fermata / arresto;Conducente;M;Illeso;0;;Non accertato;Esploso
5354828;8;05/04/2021 18:55:00;Strada Urbana;VIA DEL FOSSO DELL'OSA;da specificare;;;;300 mt dal civico di VIA PRENESTINA POLENSE;Scontro frontale/laterale SX fra veicoli in marcia;Curva a visuale libera;Una carreggiata a doppio senso;Asciutto;Asfaltata;Orizzontale;Sereno;Scarso;Buona;;1;0;0;6;12.6921;41.8909;-1;4;Autobus di linea;In marcia / fermata / arresto;Conducente;M;Illeso;0;;Non accertato;
5354829;19;02/04/2021 10:45:00;Strada Urbana;VIA PROBA PETRONIA;in prossimità;;del civico n.;84;;Veicolo in marcia contro veicolo in sosta;Rettilineo;Una carreggiata a doppio senso;Asciutto;Asfaltata;Assente;Nuvoloso;Scarso;Buona;;0;0;0;2;12.4366;41.9142;-1;1;Autovettura privata;In marcia / fermata / arresto;Conducente;M;Illeso;0;;Non accertato;Inesploso
5354829;19;02/04/2021 10:45:00;Strada Urbana;VIA PROBA PETRONIA;in prossimità;;del civico n.;84;;Veicolo in marcia contro veicolo in sosta;Rettilineo;Una carreggiata a doppio senso;Asciutto;Asfaltata;Assente;Nuvoloso;Scarso;Buona;;0;0;0;2;12.4366;41.9142;-1;2;Autovettura privata;Sosta;;;;;;;
5354829;19;02/04/2021 10:45:00;Strada Urbana;VIA PROBA PETRONIA;in prossimità;;del civico n.;84;;Veicolo in marcia contro veicolo in sosta;Rettilineo;Una carreggiata a doppio senso;Asciutto;Asfaltata;Assente;Nuvoloso;Scarso;Buona;;0;0;0;2;12.4366;41.9142;-1;3;Autovettura privata;In marcia / fermata / arresto;Conducente;F;Illeso;0;;Non accertato;Inesploso
5354834;15;05/04/2021 19:00:00;Strada Urbana;VIA DELLA MAGLIANA;da specificare;;;;altezza svincolo Roma Fiumicino dir Eur ;Veicolo in marcia contro ostacolo accidentale;Rettilineo;Una carreggiata a senso unico di marcia;Asciutto;Asfaltata;Verticale ed orizzontale;Sereno;Scarso;Buona;;0;0;0;1;12.4196;41.8317;-1;1;Motociclo a solo;In marcia / fermata / arresto;Conducente;M;Illeso;0;;Utilizzato;
5354836;19;02/04/2021 23:00:00;Strada Urbana;VIA PASQUALE II;in corrispondenza;;del civico n.;357;;Veicolo in marcia contro ostacolo fisso;Curva a visuale libera;Una carreggiata a doppio senso;Asciutto;Asfaltata;Assente;Sereno;Scarso;Buona;;0;0;0;1;12.4094;41.9066;-1;1;Autovettura privata;In marcia / fermata / arresto;Conducente;M;Illeso;0;;Non accertato;Esploso
5354839;19;02/04/2021 14:00:00;Strada Urbana;VIA PRISCIANO;in prossimità;;del civico n.;20;;Scontro laterale fra veicoli in marcia;Rettilineo;Una carreggiata a doppio senso;Asciutto;Asfaltata;Orizzontale;Sereno;Normale;Buona;;0;0;0;2;12.4463;41.9244;-1;1;Autovettura privata;In marcia / fermata / arresto;Conducente;M;Illeso;0;;Non accertato;Inesistente
5354839;19;02/04/2021 14:00:00;Strada Urbana;VIA PRISCIANO;in prossimità;;del civico n.;20;;Scontro laterale fra veicoli in marcia;Rettilineo;Una carreggiata a doppio senso;Asciutto;Asfaltata;Orizzontale;Sereno;Normale;Buona;;0;0;0;2;12.4463;41.9244;-1;2;Autovettura privata;In marcia / fermata / arresto;Conducente;M;Illeso;0;;Non accertato;Inesploso
5354840;11;04/04/2021 12:00:00;Strada Urbana;VIA DI CASAL ROTONDO;all'intersezione semaforizzata con;VIA APPIA NUOVA;VIA APPIA NUOVA;;;Scontro laterale fra veicoli in marcia;Incrocio;Una carreggiata a doppio senso;Asciutto;Asfaltata;Verticale ed orizzontale;Sereno;Scarso;Buona;;0;0;0;4;12.5618;41.8246;-1;1;Autovettura privata;In marcia / fermata / arresto;Conducente;M;Illeso;0;;;
5354840;11;04/04/2021 12:00:00;Strada Urbana;VIA DI CASAL ROTONDO;all'intersezione semaforizzata con;VIA APPIA NUOVA;VIA APPIA NUOVA;;;Scontro laterale fra veicoli in marcia;Incrocio;Una carreggiata a doppio senso;Asciutto;Asfaltata;Verticale ed orizzontale;Sereno;Scarso;Buona;;0;0;0;4;12.5618;41.8246;-1;1;Autovettura privata;In marcia / fermata / arresto;Passeggero;F;Illeso;0;;;
5354840;11;04/04/2021 12:00:00;Strada Urbana;VIA DI CASAL ROTONDO;all'intersezione semaforizzata con;VIA APPIA NUOVA;VIA APPIA NUOVA;;;Scontro laterale fra veicoli in marcia;Incrocio;Una carreggiata a doppio senso;Asciutto;Asfaltata;Verticale ed orizzontale;Sereno;Scarso;Buona;;0;0;0;4;12.5618;41.8246;-1;1;Autovettura privata;In marcia / fermata / arresto;Passeggero;M;Illeso;0;;;
5354840;11;04/04/2021 12:00:00;Strada Urbana;VIA DI CASAL ROTONDO;all'intersezione semaforizzata con;VIA APPIA NUOVA;VIA APPIA NUOVA;;;Scontro laterale fra veicoli in marcia;Incrocio;Una carreggiata a doppio senso;Asciutto;Asfaltata;Verticale ed orizzontale;Sereno;Scarso;Buona;;0;0;0;4;12.5618;41.8246;-1;2;Autovettura privata;In marcia / fermata / arresto;Conducente;M;Illeso;0;;;
5354843;19;02/04/2021 19:00:00;Strada Urbana;VIA SEGRATE;all'intersezione con;VIA DELLA PALMAROLA;VIA DELLA PALMAROLA;;;Scontro frontale/laterale SX fra veicoli in marcia;Incrocio;Una carreggiata a doppio senso;Asciutto;Asfaltata;Verticale ed orizzontale;Sereno;Normale;Buona;;1;0;0;1;12.3856;41.9415;-1;1;Motociclo a solo;In marcia / fermata / arresto;Conducente;M;Rifiuta cure immediate;0;NON DECEDUTO;Non accertato;
5354843;19;02/04/2021 19:00:00;Strada Urbana;VIA SEGRATE;all'intersezione con;VIA DELLA PALMAROLA;VIA DELLA PALMAROLA;;;Scontro frontale/laterale SX fra veicoli in marcia;Incrocio;Una carreggiata a doppio senso;Asciutto;Asfaltata;Verticale ed orizzontale;Sereno;Normale;Buona;;1;0;0;1;12.3856;41.9415;-1;2;Autovettura privata;In marcia / fermata / arresto;Conducente;M;Illeso;0;;Non accertato;Inesploso
5354848;19;02/04/2021 17:50:00;Strada Urbana;VIA ANDERSEN;in prossimità;;del civico n.;151;;Veicolo in marcia contro veicoli in sosta;Rettilineo;Una carreggiata a doppio senso;Asciutto;Asfaltata;Orizzontale;Sereno;Normale;Buona;;0;0;0;1;12.3982;41.9211;-1;1;Autovettura privata;In marcia / fermata / arresto;Conducente;M;Illeso;0;;Non accertato;Inesploso
5354848;19;02/04/2021 17:50:00;Strada Urbana;VIA ANDERSEN;in prossimità;;del civico n.;151;;Veicolo in marcia contro veicoli in sosta;Rettilineo;Una carreggiata a doppio senso;Asciutto;Asfaltata;Orizzontale;Sereno;Normale;Buona;;0;0;0;1;12.3982;41.9211;-1;2;Autovettura privata;Allontanatosi;;;;;;;
5354850;19;02/04/2021 21:30:00;Strada Urbana;VIA DI TORREVECCHIA;all'intersezione con;VIA SIMONE MOSCA;VIA SIMONE MOSCA;;;Scontro frontale/laterale DX fra veicoli in marcia;Incrocio;Una carreggiata a doppio senso;Asciutto;Asfaltata;Verticale ed orizzontale;Sereno;Normale;Sufficiente;;1;0;0;1;12.4174;41.929;-1;1;Autovettura privata;In marcia / fermata / arresto;Conducente;M;Illeso;0;;;
5354850;19;02/04/2021 21:30:00;Strada Urbana;VIA DI TORREVECCHIA;all'intersezione con;VIA SIMONE MOSCA;VIA SIMONE MOSCA;;;Scontro frontale/laterale DX fra veicoli in marcia;Incrocio;Una carreggiata a doppio senso;Asciutto;Asfaltata;Verticale ed orizzontale;Sereno;Normale;Sufficiente;;1;0;0;1;12.4174;41.929;-1;2;Autovettura privata;In marcia / fermata / arresto;Conducente;F;Rimandato;0;NON DECEDUTO;;
5354852;10;05/04/2021 19:45:00;Strada Urbana;VIA MARCO VALERIO CORVO;all'intersezione con;VIA VALERIO PUBLICOLA;VIA VALERIO PUBLICOLA;;;Scontro frontale/laterale DX fra veicoli in marcia;Incrocio;Una carreggiata a senso unico di marcia;Asciutto;Asfaltata;Verticale ed orizzontale;Sereno;Scarso;Sufficiente;;1;0;0;1;12.5571;41.8569;-1;1;Autovettura privata;In marcia / fermata / arresto;Conducente;M;Illeso;0;;Non accertato;Inesploso
5354852;10;05/04/2021 19:45:00;Strada Urbana;VIA MARCO VALERIO CORVO;all'intersezione con;VIA VALERIO PUBLICOLA;VIA VALERIO PUBLICOLA;;;Scontro frontale/laterale DX fra veicoli in marcia;Incrocio;Una carreggiata a senso unico di marcia;Asciutto;Asfaltata;Verticale ed orizzontale;Sereno;Scarso;Sufficiente;;1;0;0;1;12.5571;41.8569;-1;2;Motociclo a solo;In marcia / fermata / arresto;Conducente;M;Rimandato;0;NON DECEDUTO;Non accertato;
5354852;10;05/04/2021 19:45:00;Strada Urbana;VIA MARCO VALERIO CORVO;all'intersezione con;VIA VALERIO PUBLICOLA;VIA VALERIO PUBLICOLA;;;Scontro frontale/laterale DX fra veicoli in marcia;Incrocio;Una carreggiata a senso unico di marcia;Asciutto;Asfaltata;Verticale ed orizzontale;Sereno;Scarso;Sufficiente;;1;0;0;1;12.5571;41.8569;-1;3;Autovettura privata;Sosta;;;;;;;
5354873;19;03/04/2021 09:45:00;Strada Urbana;VIA DI VALLE AURELIA;all'intersezione con;VIA MONTIGLIO;VIA MONTIGLIO;;;Fuoriuscita dalla sede stradale;Incrocio;Una carreggiata a doppio senso;Asciutto;Asfaltata;Verticale ed orizzontale;Sereno;Scarso;Buona;;1;0;0;0;12.4368;41.9078;-1;1;Motociclo a solo;In marcia / fermata / arresto;Conducente;M;Rimandato;0;NON DECEDUTO;Non accertato;
5354875;11;03/04/2021 12:30:00;Strada Urbana;VIA DI TOR CARBONE;in prossimità;;del civico n.;213;;Tamponamento Multiplo;Curva senza visuale libera;Una carreggiata a senso unico di marcia;Asciutto;Asfaltata;Verticale ed orizzontale;Nuvoloso;Scarso;Buona;;0;0;0;3;12.5186;41.8269;-1;1;Autovettura privata;In marcia / fermata / arresto;Conducente;F;Illeso;0;;Non accertato;
5354875;11;03/04/2021 12:30:00;Strada Urbana;VIA DI TOR CARBONE;in prossimità;;del civico n.;213;;Tamponamento Multiplo;Curva senza visuale libera;Una carreggiata a senso unico di marcia;Asciutto;Asfaltata;Verticale ed orizzontale;Nuvoloso;Scarso;Buona;;0;0;0;3;12.5186;41.8269;-1;2;Autovettura privata;In marcia / fermata / arresto;Conducente;M;Illeso;0;;Non accertato;
5354875;11;03/04/2021 12:30:00;Strada Urbana;VIA DI TOR CARBONE;in prossimità;;del civico n.;213;;Tamponamento Multiplo;Curva senza visuale libera;Una carreggiata a senso unico di marcia;Asciutto;Asfaltata;Verticale ed orizzontale;Nuvoloso;Scarso;Buona;;0;0;0;3;12.5186;41.8269;-1;3;Autovettura privata;In marcia / fermata / arresto;Conducente;F;Illeso;0;;Non accertato;
5354879;4;02/04/2021 12:00:00;Strada Urbana;VIA DELLA BUFALOTTA;all'intersezione con;VIA OLINDO GUERRINI;VIA OLINDO GUERRINI;;;Scontro laterale fra veicoli in marcia;Incrocio;Una carreggiata a doppio senso;Asciutto;Asfaltata;Verticale ed orizzontale;Sereno;Normale;Buona;;0;0;0;2;12.5472;41.9555;-1;1;Autovettura privata;In marcia / fermata / arresto;Conducente;F;Illeso;0;;;
5354879;4;02/04/2021 12:00:00;Strada Urbana;VIA DELLA BUFALOTTA;all'intersezione con;VIA OLINDO GUERRINI;VIA OLINDO GUERRINI;;;Scontro laterale fra veicoli in marcia;Incrocio;Una carreggiata a doppio senso;Asciutto;Asfaltata;Verticale ed orizzontale;Sereno;Normale;Buona;;0;0;0;2;12.5472;41.9555;-1;2;Motociclo a solo;In marcia / fermata / arresto;Conducente;M;Illeso;0;;;