Protocollo;Gruppo;DataOraIncidente;Localizzazione1;STRADA1;Localizzazione2;STRADA2;Strada02;Chilometrica;DaSpecificare;NaturaIncidente;particolaritastrade;TipoStrada;FondoStradale;Pavimentazione;Segnaletica;CondizioneAtmosferica;Traffico;Visibilita;Illuminazione;NUM_FERITI;NUM_RISERVATA;NUM_MORTI;NUM_ILLESI;Longitude;Latitude;Confermato;Progressivo;TipoVeicolo;StatoVeicolo;TipoPersona;Sesso;Tipolesione;Deceduto;DecedutoDopo;CinturaCascoUtilizzato;Airbag;
5355100;7;02/04/2021 10:30:00;Strada Urbana;VIA COLLATINA;in corrispondenza;;del civico n.;406;;Tamponamento;Rettilineo;Una carreggiata a senso unico di marcia;Asciutto;Asfaltata;Assente;Sereno;Scarso;Buona;;0;0;0;2;12.6056;41.9046;-1;1;Autovettura privata;In marcia / fermata / arresto;Conducente;M;Illeso;0;;;
5355100;7;02/04/2021 10:30:00;Strada Urbana;VIA COLLATINA;in corrispondenza;;del civico n.;406;;Tamponamento;Rettilineo;Una carreggiata a senso unico di marcia;Asciutto;Asfaltata;Assente;Sereno;Scarso;Buona;;0;0;0;2;12.6056;41.9046;-1;2;Autovettura privata;In marcia / fermata / arresto;Conducente;M;Illeso;0;;;
5355103;12;05/04/2021 19:00:00;Strada Urbana;VIA DI CASTEL DI LEVA;da specificare;;;;ROTATORIA CASTEL DI LEVI DIREZIONE LAURENTINA;Scontro frontale/laterale SX fra veicoli in marcia;Curva a visuale libera;Una carreggiata a senso unico di marcia;Asciutto;Asfaltata;Verticale ed orizzontale;Sereno;Scarso;Buona;;0;0;0;2;12.492;41.7871;-1;1;Autovettura privata;In marcia / fermata / arresto;Conducente;M;Illeso;0;;;
5355103;12;05/04/2021 19:00:00;Strada Urbana;VIA DI CASTEL DI LEVA;da specificare;;;;ROTATORIA CASTEL DI LEVI DIREZIONE LAURENTINA;Scontro frontale/laterale SX fra veicoli in marcia;Curva a visuale libera;Una carreggiata a senso unico di marcia;Asciutto;Asfaltata;Verticale ed orizzontale;Sereno;Scarso;Buona;;0;0;0;2;12.492;41.7871;-1;2;Autovettura privata;In marcia / fermata / arresto;Conducente;F;Illeso;0;;;
5355104;4;04/04/2021 21:00:00;Strada Urbana;LARGO MONTE SAN GIUSTO;da specificare;;;;fronte civico n. 10;Veicolo in marcia contro veicolo in sosta;Rettilineo;Due carreggiate;Asciutto;Asfaltata;Verticale ed orizzontale;Sereno;Scarso;Buona;;0;0;0;1;12.5118;41.9828;-1;1;Autovettura privata;Sosta;;;;;;;
5355104;4;04/04/2021 21:00:00;Strada Urbana;LARGO MONTE SAN GIUSTO;da specificare;;;;fronte civico n. 10;Veicolo in marcia contro veicolo in sosta;Rettilineo;Due carreggiate;Asciutto;Asfaltata;Verticale ed orizzontale;Sereno;Scarso;Buona;;0;0;0;1;12.5118;41.9828;-1;2;Autovettura privata;In marcia / fermata / arresto;Conducente;M;Illeso;0;;Non accertato;Inesploso
5355114;12;02/04/2021 13:35:00;Strada Urbana;VIALE DELLA GRANDE MURAGLIA;da specificare;;;;fronte civico 540 direzione Fiume Bianco;Veicolo in marcia che urta buche nella carreggiata;Rettilineo;Due carreggiate;Asciutto;Strada pavimentata dissestata;Verticale ed orizzontale;Sereno;Scarso;Buona;;1;0;0;0;12.438;41.8092;-1;1;Motociclo a solo;In marcia / fermata / arresto;Conducente;M;Rimandato;0;NON DECEDUTO;;
5355115;12;05/04/2021 20:20:00;Provinciale entro l'abitato;VIA DEL MARE;da specificare;;;;ALT. RAMPA DA VIA DEL MARE VERSO SVINCOLI G.R.A.;Scontro laterale fra veicoli in marcia;Rettilineo;Una carreggiata a senso unico di marcia;Asciutto;Asfaltata;Verticale ed orizzontale;Sereno;Normale;Insufficiente;;0;0;0;2;12.4203;41.8067;-1;1;Autovettura privata;In marcia / fermata / arresto;Conducente;M;Illeso;0;;;
5355115;12;05/04/2021 20:20:00;Provinciale entro l'abitato;VIA DEL MARE;da specificare;;;;ALT. RAMPA DA VIA DEL MARE VERSO SVINCOLI G.R.A.;Scontro laterale fra veicoli in marcia;Rettilineo;Una carreggiata a senso unico di marcia;Asciutto;Asfaltata;Verticale ed orizzontale;Sereno;Normale;Insufficiente;;0;0;0;2;12.4203;41.8067;-1;2;Autovettura privata;In marcia / fermata / arresto;Conducente;F;Illeso;0;;;
5355116;5;05/04/2021 18:00:00;Strada Urbana;VIA MONTEGIORGIO;da specificare;;;;prossimità via corinaldo;Veicolo in marcia contro veicolo in sosta;Rettilineo;Una carreggiata a doppio senso;Asciutto;Asfaltata;Orizzontale;Sereno;Normale;Buona;;0;0;0;0;12.5879;41.9409;-1;1;Autovettura privata;Sosta;;;;;;;
5355116;5;05/04/2021 18:00:00;Strada Urbana;VIA MONTEGIORGIO;da specificare;;;;prossimità via corinaldo;Veicolo in marcia contro veicolo in sosta;Rettilineo;Una carreggiata a doppio senso;Asciutto;Asfaltata;Orizzontale;Sereno;Normale;Buona;;0;0;0;0;12.5879;41.9409;-1;2;Autovettura privata;Allontanatosi;;;;;;;
5355123;9;06/04/2021 08:15:00;Strada Urbana;PIAZZA CESARE CANTU';da specificare;;;;fronte VIA CAVE;Tamponamento;Curva a visuale libera;Più di due carreggiate;Asciutto;Asfaltata;Verticale ed orizzontale;Nuvoloso;Normale;Buona;;0;0;0;2;12.527;41.8714;-1;1;Veicolo speciale;In marcia / fermata / arresto;Conducente;M;Illeso;0;;Non accertato;Inesploso
5355123;9;06/04/2021 08:15:00;Strada Urbana;PIAZZA CESARE CANTU';da specificare;;;;fronte VIA CAVE;Tamponamento;Curva a visuale libera;Più di due carreggiate;Asciutto;Asfaltata;Verticale ed orizzontale;Nuvoloso;Normale;Buona;;0;0;0;2;12.527;41.8714;-1;2;Autovettura privata;In marcia / fermata / arresto;Conducente;F;Illeso;0;;Non accertato;Inesploso
5355129;7;05/04/2021 12:40:00;Strada Urbana;VIA COLLATINA;da specificare;;;;Altezza V.LE P. TOGLIATTI 186;Scontro laterale fra veicoli in marcia;Rettilineo;Una carreggiata a doppio senso;Asciutto;Asfaltata;Verticale ed orizzontale;Nuvoloso;Scarso;Buona;;0;0;0;4;12.5747;41.9029;-1;1;Autovettura privata;In marcia / fermata / arresto;Conducente;M;Illeso;0;;Non accertato;Inesploso
5355129;7;05/04/2021 12:40:00;Strada Urbana;VIA COLLATINA;da specificare;;;;Altezza V.LE P. TOGLIATTI 186;Scontro laterale fra veicoli in marcia;Rettilineo;Una carreggiata a doppio senso;Asciutto;Asfaltata;Verticale ed orizzontale;Nuvoloso;Scarso;Buona;;0;0;0;4;12.5747;41.9029;-1;2;Autovettura privata;In marcia / fermata / arresto;Conducente;M;Illeso;0;;Non accertato;Inesploso
5355129;7;05/04/2021 12:40:00;Strada Urbana;VIA COLLATINA;da specificare;;;;Altezza V.LE P. TOGLIATTI 186;Scontro laterale fra veicoli in marcia;Rettilineo;Una carreggiata a doppio senso;Asciutto;Asfaltata;Verticale ed orizzontale;Nuvoloso;Scarso;Buona;;0;0;0;4;12.5747;41.9029;-1;2;Autovettura privata;In marcia / fermata / arresto;Passeggero;F;Illeso;0;;Non accertato;Inesploso
5355129;7;05/04/2021 12:40:00;Strada Urbana;VIA COLLATINA;da specificare;;;;Altezza V.LE P. TOGLIATTI 186;Scontro laterale fra veicoli in marcia;Rettilineo;Una carreggiata a doppio senso;Asciutto;Asfaltata;Verticale ed orizzontale;Nuvoloso;Scarso;Buona;;0;0;0;4;12.5747;41.9029;-1;2;Autovettura privata;In marcia / fermata / arresto;Passeggero;M;Illeso;0;;Non accertato;Inesploso
5355132;20;05/04/2021 21:00:00;Strada Urbana;VIA DELLA PINETA SACCHETTI;in corrispondenza;;del civico n.;229/L;;Scontro laterale fra veicoli in marcia;Rettilineo;Una carreggiata a senso unico di marcia;Asciutto;Asfaltata;Verticale ed orizzontale;Sereno;Normale;Sufficiente;;1;0;0;1;12.4264;41.9303;-1;1;Autovettura privata;In marcia / fermata / arresto;Conducente;M;Illeso;0;;;
5355132;20;05/04/2021 21:00:00;Strada Urbana;VIA DELLA PINETA SACCHETTI;in corrispondenza;;del civico n.;229/L;;Scontro laterale fra veicoli in marcia;Rettilineo;Una carreggiata a senso unico di marcia;Asciutto;Asfaltata;Verticale ed orizzontale;Sereno;Normale;Sufficiente;;1;0;0;1;12.4264;41.9303;-1;2;Ciclomotore;In marcia / fermata / arresto;Conducente;M;Rimandato;0;NON DECEDUTO;Non accertato;
5355151;3;02/04/2021 09:45:00;Strada Urbana;VIA DELLA LEGA LOMBARDA;da specificare;;;;altezza civ. 45;Scontro laterale fra veicoli in marcia;Rettilineo;Una carreggiata a doppio senso;Asciutto;Asfaltata;Verticale ed orizzontale;Sereno;Normale;Buona;;1;0;0;2;12.5228;41.9091;-1;1;Motociclo a solo;In marcia / fermata / arresto;Conducente;M;Ricoverato;0;NON DECEDUTO;;
5355151;3;02/04/2021 09:45:00;Strada Urbana;VIA DELLA LEGA LOMBARDA;da specificare;;;;altezza civ. 45;Scontro laterale fra veicoli in marcia;Rettilineo;Una carreggiata a doppio senso;Asciutto;Asfaltata;Verticale ed orizzontale;Sereno;Normale;Buona;;1;0;0;2;12.5228;41.9091;-1;2;Autovettura privata;In marcia / fermata / arresto;Conducente;M;Illeso;0;;;
5355151;3;02/04/2021 09:45:00;Strada Urbana;VIA DELLA LEGA LOMBARDA;da specificare;;;;altezza civ. 45;Scontro laterale fra veicoli in marcia;Rettilineo;Una carreggiata a doppio senso;Asciutto;Asfaltata;Verticale ed orizzontale;Sereno;Normale;Buona;;1;0;0;2;12.5228;41.9091;-1;2;Autovettura privata;In marcia / fermata / arresto;Passeggero;M;Illeso;0;;Non accertato;
5355188;7;06/04/2021 09:45:00;Strada Urbana;VIA PRENESTINA;all'intersezione con;VIA MANFREDONIA;VIA MANFREDONIA;;;Scontro laterale fra veicoli in marcia;Incrocio;Una carreggiata a doppio senso;Asciutto;Strada pavimentata dissestata;Assente;Sereno;Normale;Buona;;0;0;0;3;12.577;41.8945;-1;1;Autovettura privata;In marcia / fermata / arresto;Conducente;M;Illeso;0;;;
5355188;7;06/04/2021 09:45:00;Strada Urbana;VIA PRENESTINA;all'intersezione con;VIA MANFREDONIA;VIA MANFREDONIA;;;Scontro laterale fra veicoli in marcia;Incrocio;Una carreggiata a doppio senso;Asciutto;Strada pavimentata dissestata;Assente;Sereno;Normale;Buona;;0;0;0;3;12.577;41.8945;-1;1;Autovettura privata;In marcia / fermata / arresto;Passeggero;F;Illeso;0;;Non accertato;Inesploso
5355188;7;06/04/2021 09:45:00;Strada Urbana;VIA PRENESTINA;all'intersezione con;VIA MANFREDONIA;VIA MANFREDONIA;;;Scontro laterale fra veicoli in marcia;Incrocio;Una carreggiata a doppio senso;Asciutto;Strada pavimentata dissestata;Assente;Sereno;Normale;Buona;;0;0;0;3;12.577;41.8945;-1;2;Autovettura privata;In marcia / fermata / arresto;Conducente;M;Illeso;0;;Non accertato;Inesploso
5355203;20;05/04/2021 18:05:00;Strada Urbana;VIA DI VALLE MURICANA;all'intersezione con;VIA POMPONESCO;VIA POMPONESCO;;;Tamponamento;Incrocio;Una carreggiata a doppio senso;Asciutto;Asfaltata;Orizzontale;Sereno;Scarso;Buona;;0;0;0;3;12.4677;42.0281;-1;1;Autovettura privata;In marcia / fermata / arresto;Conducente;F;Illeso;0;;Non accertato;Inesploso
5355203;20;05/04/2021 18:05:00;Strada Urbana;VIA DI VALLE MURICANA;all'intersezione con;VIA POMPONESCO;VIA POMPONESCO;;;Tamponamento;Incrocio;Una carreggiata a doppio senso;Asciutto;Asfaltata;Orizzontale;Sereno;Scarso;Buona;;0;0;0;3;12.4677;42.0281;-1;2;Autocarro inferiore 35 q.;In marcia / fermata / arresto;Conducente;M;Illeso;0;;Non accertato;Inesploso
5355203;20;05/04/2021 18:05:00;Strada Urbana;VIA DI VALLE MURICANA;all'intersezione con;VIA POMPONESCO;VIA POMPONESCO;;;Tamponamento;Incrocio;Una carreggiata a doppio senso;Asciutto;Asfaltata;Orizzontale;Sereno;Scarso;Buona;;0;0;0;3;12.4677;42.0281;-1;2;Autocarro inferiore 35 q.;In marcia / fermata / arresto;Passeggero;F;Illeso;0;;Non accertato;Inesploso
5355207;1;06/04/2021 07:20:00;Strada Urbana;LUNGOTEVERE TOR DI NONA;da specificare;;;;altezza fronte civico 5;Veicolo in marcia contro veicoli in sosta;Rettilineo;Una carreggiata a senso unico di marcia;Asciutto;Asfaltata;Verticale ed orizzontale;Nuvoloso;Normale;Buona;;1;0;0;0;12.4692;41.9015;-1;1;Autovettura privata;In marcia / fermata / arresto;Conducente;M;Rimandato;0;NON DECEDUTO;;
5355207;1;06/04/2021 07:20:00;Strada Urbana;LUNGOTEVERE TOR DI NONA;da specificare;;;;altezza fronte civico 5;Veicolo in marcia contro veicoli in sosta;Rettilineo;Una carreggiata a senso unico di marcia;Asciutto;Asfaltata;Verticale ed orizzontale;Nuvoloso;Normale;Buona;;1;0;0;0;12.4692;41.9015;-1;2;Autovettura privata;Sosta;;;;;;;
5355207;1;06/04/2021 07:20:00;Strada Urbana;LUNGOTEVERE TOR DI NONA;da specificare;;;;altezza fronte civico 5;Veicolo in marcia contro veicoli in sosta;Rettilineo;Una carreggiata a senso unico di marcia;Asciutto;Asfaltata;Verticale ed orizzontale;Nuvoloso;Normale;Buona;;1;0;0;0;12.4692;41.9015;-1;3;Autovettura privata;Sosta;;;;;;;
5355207;1;06/04/2021 07:20:00;Strada Urbana;LUNGOTEVERE TOR DI NONA;da specificare;;;;altezza fronte civico 5;Veicolo in marcia contro veicoli in sosta;Rettilineo;Una carreggiata a senso unico di marcia;Asciutto;Asfaltata;Verticale ed orizzontale;Nuvoloso;Normale;Buona;;1;0;0;0;12.4692;41.9015;-1;4;Autovettura privata;Sosta;;;;;;;
5355217;12;02/04/2021 19:40:00;Statale;VIA OSTIENSE;da specificare;;;;prox. civ. 849 dir. Roma centro;Scontro laterale fra veicoli in marcia;Rettilineo;Una carreggiata a doppio senso;Asciutto;Asfaltata;Verticale ed orizzontale;Sereno;Scarso;Buona;;0;0;0;3;12.4185;41.8027;-1;1;Autovettura privata;In marcia / fermata / arresto;Conducente;M;Illeso;0;;;
5355217;12;02/04/2021 19:40:00;Statale;VIA OSTIENSE;da specificare;;;;prox. civ. 849 dir. Roma centro;Scontro laterale fra veicoli in marcia;Rettilineo;Una carreggiata a doppio senso;Asciutto;Asfaltata;Verticale ed orizzontale;Sereno;Scarso;Buona;;0;0;0;3;12.4185;41.8027;-1;2;Autovettura privata;In marcia / fermata / arresto;Conducente;M;Illeso;0;;;
5355217;12;02/04/2021 19:40:00;Statale;VIA OSTIENSE;da specificare;;;;prox. civ. 849 dir. Roma centro;Scontro laterale fra veicoli in marcia;Rettilineo;Una carreggiata a doppio senso;Asciutto;Asfaltata;Verticale ed orizzontale;Sereno;Scarso;Buona;;0;0;0;3;12.4185;41.8027;-1;2;Autovettura privata;In marcia / fermata / arresto;Passeggero;F;Illeso;0;;;
5355218;3;02/04/2021 10:25:00;Strada Urbana;CIRCONVALLAZIONE NOMENTANA;all'intersezione con;VIA DELLA BATTERIA NOMENTANA;VIA DELLA BATTERIA NOMENTANA;;;Veicolo in marcia contro ostacolo accidentale;Intersezione stradale segnalata;Una carreggiata a senso unico di marcia;Asciutto;Asfaltata;Verticale ed orizzontale;Sereno;Normale;Buona;;0;0;0;1;12.5282;41.9277;-1;1;Autovettura privata;In marcia / fermata / arresto;Conducente;M;Illeso;0;;;
5355220;20;05/04/2021 11:30:00;Strada Urbana;VIA CASSIA;in corrispondenza;;del civico n.;640;;Scontro laterale fra veicoli in marcia;Rettilineo;Una carreggiata a doppio senso;Asciutto;Asfaltata;Verticale;Nuvoloso;Normale;Buona;;1;0;0;2;12.4469;41.9635;-1;1;Autovettura privata;In marcia / fermata / arresto;Conducente;M;Illeso;0;;;
5355220;20;05/04/2021 11:30:00;Strada Urbana;VIA CASSIA;in corrispondenza;;del civico n.;640;;Scontro laterale fra veicoli in marcia;Rettilineo;Una carreggiata a doppio senso;Asciutto;Asfaltata;Verticale;Nuvoloso;Normale;Buona;;1;0;0;2;12.4469;41.9635;-1;2;Motociclo a solo;In marcia / fermata / arresto;Conducente;M;Illeso;0;;Non accertato;
5355220;20;05/04/2021 11:30:00;Strada Urbana;VIA CASSIA;in corrispondenza;;del civico n.;640;;Scontro laterale fra veicoli in marcia;Rettilineo;Una carreggiata a doppio senso;Asciutto;Asfaltata;Verticale;Nuvoloso;Normale;Buona;;1;0;0;2;12.4469;41.9635;-1;2;Motociclo a solo;In marcia / fermata / arresto;Passeggero;M;Rimandato;0;NON DECEDUTO;Non accertato;
5355226;7;05/04/2021 17:45:00;Strada Urbana;VIA CASILINA;all'intersezione con;VIA TOR DE' SCHIAVI;VIA TOR DE' SCHIAVI;;;Scontro frontale/laterale SX fra veicoli in marcia;Incrocio;Due carreggiate;Asciutto;Asfaltata;Verticale ed orizzontale;Sereno;Scarso;Buona;;2;1;0;0;12.5576;41.8756;-1;1;Autovettura privata;In marcia / fermata / arresto;Conducente;M;Ricoverato;0;NON DECEDUTO;Non accertato;Inesploso
5355226;7;05/04/2021 17:45:00;Strada Urbana;VIA CASILINA;all'intersezione con;VIA TOR DE' SCHIAVI;VIA TOR DE' SCHIAVI;;;Scontro frontale/laterale SX fra veicoli in marcia;Incrocio;Due carreggiate;Asciutto;Asfaltata;Verticale ed orizzontale;Sereno;Scarso;Buona;;2;1;0;0;12.5576;41.8756;-1;2;Autovettura privata;In marcia / fermata / arresto;Conducente;M;Ricoverato;0;NON DECEDUTO;Non accertato;Inesploso
5355226;7;05/04/2021 17:45:00;Strada Urbana;VIA CASILINA;all'intersezione con;VIA TOR DE' SCHIAVI;VIA TOR DE' SCHIAVI;;;Scontro frontale/laterale SX fra veicoli in marcia;Incrocio;Due carreggiate;Asciutto;Asfaltata;Verticale ed orizzontale;Sereno;Scarso;Buona;;2;1;0;0;12.5576;41.8756;-1;2;Autovettura privata;In marcia / fermata / arresto;Passeggero;M;Prognosi riservata;0;NON DECEDUTO;Non accertato;Inesploso
5355228;3;02/04/2021 14:20:00;Strada Urbana;VIA NOMENTANA;in corrispondenza;;del civico n.;189;;Tamponamento;Rettilineo;Più di due carreggiate;Asciutto;Asfaltata;Verticale ed orizzontale;Sereno;Normale;Buona;;0;0;0;3;12.5063;41.913;-1;1;Autovettura privata;In marcia / fermata / arresto;Conducente;M;Illeso;0;;Non accertato;Inesploso
5355228;3;02/04/2021 14:20:00;Strada Urbana;VIA NOMENTANA;in corrispondenza;;del civico n.;189;;Tamponamento;Rettilineo;Più di due carreggiate;Asciutto;Asfaltata;Verticale ed orizzontale;Sereno;Normale;Buona;;0;0;0;3;12.5063;41.913;-1;1;Autovettura privata;In marcia / fermata / arresto;Passeggero;M;Illeso;0;;Non accertato;Inesploso
5355228;3;02/04/2021 14:20:00;Strada Urbana;VIA NOMENTANA;in corrispondenza;;del civico n.;189;;Tamponamento;Rettilineo;Più di due carreggiate;Asciutto;Asfaltata;Verticale ed orizzontale;Sereno;Normale;Buona;;0;0;0;3;12.5063;41.913;-1;2;Autovettura privata;In marcia / fermata / arresto;Conducente;F;Illeso;0;;Non accertato;Inesploso
5355241;3;02/04/2021 16:30:00;Strada Urbana;PIAZZALE DEL VERANO;all'intersezione con;VIA DEL VERANO;VIA DEL VERANO;;;Scontro frontale/laterale DX fra veicoli in marcia;Incrocio;Una carreggiata a senso unico di marcia;Asciutto;Asfaltata;Assente;Sereno;Scarso;Buona;;0;0;0;2;12.5188;41.9016;-1;1;Autovettura privata;In marcia / fermata / arresto;Conducente;F;Illeso;0;;;
5355241;3;02/04/2021 16:30:00;Strada Urbana;PIAZZALE DEL VERANO;all'intersezione con;VIA DEL VERANO;VIA DEL VERANO;;;Scontro frontale/laterale DX fra veicoli in marcia;Incrocio;Una carreggiata a senso unico di marcia;Asciutto;Asfaltata;Assente;Sereno;Scarso;Buona;;0;0;0;2;12.5188;41.9016;-1;2;Autocarro inferiore 35 q.;In marcia / fermata / arresto;Conducente;M;Illeso;0;;;
5355246;2;05/04/2021 10:30:00;Strada Urbana;VIALE GIORGIO WASHINGTON;da specificare;;;;alt. via Lubin;Ribaltamento senza urto contro ostacolo fisso;Rettilineo;Una carreggiata a doppio senso;Asciutto;Asfaltata;Verticale ed orizzontale;Sereno;Scarso;Buona;;1;0;0;0;12.4792;41.9133;-1;1;Velocipede;In marcia / fermata / arresto;Conducente;M;Ricoverato;0;NON DECEDUTO;Esente;
5355258;12;02/04/2021 13:50:00;Provinciale;VIA PONTINA;da specificare;;;;alt. km 11.300 dir. Latina;Tamponamento Multiplo;Rettilineo;Due carreggiate;Asciutto;Asfaltata;Verticale ed orizzontale;Sereno;Intenso;Buona;;1;0;0;4;12.4527;41.7967;-1;1;Autovettura privata;In marcia / fermata / arresto;Conducente;M;Illeso;0;;Utilizzato;Inesploso
5355258;12;02/04/2021 13:50:00;Provinciale;VIA PONTINA;da specificare;;;;alt. km 11.300 dir. Latina;Tamponamento Multiplo;Rettilineo;Due carreggiate;Asciutto;Asfaltata;Verticale ed orizzontale;Sereno;Intenso;Buona;;1;0;0;4;12.4527;41.7967;-1;2;Autovettura privata;In marcia / fermata / arresto;Conducente;M;Illeso;0;;Utilizzato;Inesploso
5355258;12;02/04/2021 13:50:00;Provinciale;VIA PONTINA;da specificare;;;;alt. km 11.300 dir. Latina;Tamponamento Multiplo;Rettilineo;Due carreggiate;Asciutto;Asfaltata;Verticale ed orizzontale;Sereno;Intenso;Buona;;1;0;0;4;12.4527;41.7967;-1;2;Autovettura privata;In marcia / fermata / arresto;Passeggero;F;Rimandato;0;NON DECEDUTO;Utilizzato;Inesploso
5355258;12;02/04/2021 13:50:00;Provinciale;VIA PONTINA;da specificare;;;;alt. km 11.300 dir. Latina;Tamponamento Multiplo;Rettilineo;Due carreggiate;Asciutto;Asfaltata;Verticale ed orizzontale;Sereno;Intenso;Buona;;1;0;0;4;12.4527;41.7967;-1;3;Autovettura privata;In marcia / fermata / arresto;Conducente;M;Illeso;0;;Utilizzato;Inesploso
5355258;12;02/04/2021 13:50:00;Provinciale;VIA PONTINA;da specificare;;;;alt. km 11.300 dir. Latina;Tamponamento Multiplo;Rettilineo;Due carreggiate;Asciutto;Asfaltata;Verticale ed orizzontale;Sereno;Intenso;Buona;;1;0;0;4;12.4527;41.7967;-1;4;Autovettura privata;In marcia / fermata / arresto;Conducente;M;Illeso;0;;Utilizzato;Esploso
5355262;3;03/04/2021 08:50:00;Strada Urbana;Tang Est dir San Giovanni;da specificare;;;;rampa immissione A24;Scontro laterale fra veicoli in marcia;Curva senza visuale libera;Più di due carreggiate;Asciutto;Asfaltata;Temporanea di cantiere;Sereno;Normale;Buona;;0;0;0;4;12.5324;41.9045;-1;1;Autovettura privata;In marcia / fermata / arresto;Conducente;M;Illeso;0;;;
5355262;3;03/04/2021 08:50:00;Strada Urbana;Tang Est dir San Giovanni;da specificare;;;;rampa immissione A24;Scontro laterale fra veicoli in marcia;Curva senza visuale libera;Più di due carreggiate;Asciutto;Asfaltata;Temporanea di cantiere;Sereno;Normale;Buona;;0;0;0;4;12.5324;41.9045;-1;1;Autovettura privata;In marcia / fermata / arresto;Passeggero;F;Illeso;0;;;
5355262;3;03/04/2021 08:50:00;Strada Urbana;Tang Est dir San Giovanni;da specificare;;;;rampa immissione A24;Scontro laterale fra veicoli in marcia;Curva senza visuale libera;Più di due carreggiate;Asciutto;Asfaltata;Temporanea di cantiere;Sereno;Normale;Buona;;0;0;0;4;12.5324;41.9045;-1;2;Autovettura privata;In marcia / fermata / arresto;Conducente;M;Illeso;0;;;
5355262;3;03/04/2021 08:50:00;Strada Urbana;Tang Est dir San Giovanni;da specificare;;;;rampa immissione A24;Scontro laterale fra veicoli in marcia;Curva senza visuale libera;Più di due carreggiate;Asciutto;Asfaltata;Temporanea di cantiere;Sereno;Normale;Buona;;0;0;0;4;12.5324;41.9045;-1;3;Autovettura privata;In marcia / fermata / arresto;Conducente;M;Illeso;0;;;
5355293;3;04/04/2021 15:30:00;Strada Urbana;VIA DI PORTA LABICANA;da specificare;;;;altezza civ. 24;Scontro laterale fra veicoli in marcia;Rettilineo;Una carreggiata a senso unico di marcia;Asciutto;In cubetti di porfido;Verticale ed orizzontale;Sereno;Scarso;Buona;;0;0;0;3;12.5133;41.8947;-1;1;Autovettura privata;In marcia / fermata / arresto;Conducente;M;Illeso;0;;;
5355293;3;04/04/2021 15:30:00;Strada Urbana;VIA DI PORTA LABICANA;da specificare;;;;altezza civ. 24;Scontro laterale fra veicoli in marcia;Rettilineo;Una carreggiata a senso unico di marcia;Asciutto;In cubetti di porfido;Verticale ed orizzontale;Sereno;Scarso;Buona;;0;0;0;3;12.5133;41.8947;-1;1;Autovettura privata;In marcia / fermata / arresto;Passeggero;M;Illeso;0;;;
5355293;3;04/04/2021 15:30:00;Strada Urbana;VIA DI PORTA LABICANA;da specificare;;;;altezza civ. 24;Scontro laterale fra veicoli in marcia;Rettilineo;Una carreggiata a senso unico di marcia;Asciutto;In cubetti di porfido;Verticale ed orizzontale;Sereno;Scarso;Buona;;0;0;0;3;12.5133;41.8947;-1;2;Motociclo a solo;In marcia / fermata / arresto;Conducente;M;Illeso;0;;;
5355306;3;05/04/2021 12:05:00;Strada Urbana;LARGO EDUARDO TALAMO;all'intersezione con;VIALE DELLO SCALO S. LORENZO;VIALE DELLO SCALO S. LORENZO;;;Veicolo in marcia contro veicolo arresto;Intersezione stradale segnalata;Una carreggiata a senso unico di marcia;Asciutto;In cubetti di porfido;Verticale ed orizzontale;Nuvoloso;Normale;Buona;;0;0;0;2;12.5168;41.8945;-1;1;Autovettura privata;In marcia / fermata / arresto;Conducente;M;Illeso;0;;;
5355306;3;05/04/2021 12:05:00;Strada Urbana;LARGO EDUARDO TALAMO;all'intersezione con;VIALE DELLO SCALO S. LORENZO;VIALE DELLO SCALO S. LORENZO;;;Veicolo in marcia contro veicolo arresto;Intersezione stradale segnalata;Una carreggiata a senso unico di marcia;Asciutto;In cubetti di porfido;Verticale ed orizzontale;Nuvoloso;Normale;Buona;;0;0;0;2;12.5168;41.8945;-1;2;Autobus in extraurbana;In marcia / fermata / arresto;Conducente;F;Illeso;0;;;
5355314;13;01/04/2021 19:00:00;Strada Urbana;VIA DELLE SIRENE;in corrispondenza;;del civico n.;15;;Veicolo in marcia contro veicolo in sosta;Rettilineo;Due carreggiate;Asciutto;Asfaltata;Verticale ed orizzontale;Sereno;Normale;Sufficiente;;0;0;0;0;12.2705;41.7328;-1;1;Autovettura privata;Allontanatosi;;;;;;;
5355314;13;01/04/2021 19:00:00;Strada Urbana;VIA DELLE SIRENE;in corrispondenza;;del civico n.;15;;Veicolo in marcia contro veicolo in sosta;Rettilineo;Due carreggiate;Asciutto;Asfaltata;Verticale ed orizzontale;Sereno;Normale;Sufficiente;;0;0;0;0;12.2705;41.7328;-1;2;Autovettura privata;Sosta;;;;;;;
5355318;1;06/04/2021 07:45:00;Strada Urbana;PIAZZALE OSTIENSE;all'intersezione con;VIALE MARCO POLO;VIALE MARCO POLO;;;Scontro frontale/laterale DX fra veicoli in marcia;Incrocio;Una carreggiata a senso unico di marcia;Asciutto;Asfaltata;Verticale ed orizzontale;Nuvoloso;Normale;Buona;;1;0;0;1;12.4832;41.8761;-1;1;Autovettura privata;In marcia / fermata / arresto;Conducente;M;Illeso;0;;Non accertato;Esploso
5355318;1;06/04/2021 07:45:00;Strada Urbana;PIAZZALE OSTIENSE;all'intersezione con;VIALE MARCO POLO;VIALE MARCO POLO;;;Scontro frontale/laterale DX fra veicoli in marcia;Incrocio;Una carreggiata a senso unico di marcia;Asciutto;Asfaltata;Verticale ed orizzontale;Nuvoloso;Normale;Buona;;1;0;0;1;12.4832;41.8761;-1;2;Motociclo a solo;In marcia / fermata / arresto;Conducente;M;Ricoverato;0;NON DECEDUTO;Non accertato;