Protocollo;Gruppo;DataOraIncidente;Localizzazione1;STRADA1;Localizzazione2;STRADA2;Strada02;Chilometrica;DaSpecificare;NaturaIncidente;particolaritastrade;TipoStrada;FondoStradale;Pavimentazione;Segnaletica;CondizioneAtmosferica;Traffico;Visibilita;Illuminazione;NUM_FERITI;NUM_RISERVATA;NUM_MORTI;NUM_ILLESI;Longitude;Latitude;Confermato;Progressivo;TipoVeicolo;StatoVeicolo;TipoPersona;Sesso;Tipolesione;Deceduto;DecedutoDopo;CinturaCascoUtilizzato;Airbag;
5356694;13;06/04/2021 17:05:00;Comunale extraurbana;VIALE CRISTOFORO COLOMBO;da specificare;;;; carreggiata laterale dir Roma alt. km 19,770;Veicolo in marcia contro ostacolo accidentale;Rettilineo;Più di due carreggiate;Asciutto;Asfaltata;Assente;Sereno;Normale;Buona;;0;0;0;7;12.3834;41.7649;-1;2;Autovettura privata;In marcia / fermata / arresto;Passeggero;F;Illeso;0;;Non accertato;Inesploso
5356694;13;06/04/2021 17:05:00;Comunale extraurbana;VIALE CRISTOFORO COLOMBO;da specificare;;;; carreggiata laterale dir Roma alt. km 19,770;Veicolo in marcia contro ostacolo accidentale;Rettilineo;Più di due carreggiate;Asciutto;Asfaltata;Assente;Sereno;Normale;Buona;;0;0;0;7;12.3834;41.7649;-1;3;Autovettura privata;In marcia / fermata / arresto;Conducente;M;Illeso;0;;;
5356694;13;06/04/2021 17:05:00;Comunale extraurbana;VIALE CRISTOFORO COLOMBO;da specificare;;;; carreggiata laterale dir Roma alt. km 19,770;Veicolo in marcia contro ostacolo accidentale;Rettilineo;Più di due carreggiate;Asciutto;Asfaltata;Assente;Sereno;Normale;Buona;;0;0;0;7;12.3834;41.7649;-1;3;Autovettura privata;In marcia / fermata / arresto;Passeggero;M;Illeso;0;;Non accertato;
5356694;13;06/04/2021 17:05:00;Comunale extraurbana;VIALE CRISTOFORO COLOMBO;da specificare;;;; carreggiata laterale dir Roma alt. km 19,770;Veicolo in marcia contro ostacolo accidentale;Rettilineo;Più di due carreggiate;Asciutto;Asfaltata;Assente;Sereno;Normale;Buona;;0;0;0;7;12.3834;41.7649;-1;3;Autovettura privata;In marcia / fermata / arresto;Passeggero;M;Illeso;0;;;
5356696;3;06/04/2021 09:15:00;Strada Urbana;VIA DEI SABELLI;all'intersezione con;VIA DEGLI AUSONI;VIA DEGLI AUSONI;;;Scontro frontale/laterale SX fra veicoli in marcia;Intersezione non regolata/non segnalata;Due carreggiate;Asciutto;Asfaltata;Assente;Sereno;Normale;Buona;;0;0;0;2;12.5167;41.8977;0;1;Autovettura privata;In marcia / fermata / arresto;Conducente;F;Illeso;0;;;
5356696;3;06/04/2021 09:15:00;Strada Urbana;VIA DEI SABELLI;all'intersezione con;VIA DEGLI AUSONI;VIA DEGLI AUSONI;;;Scontro frontale/laterale SX fra veicoli in marcia;Intersezione non regolata/non segnalata;Due carreggiate;Asciutto;Asfaltata;Assente;Sereno;Normale;Buona;;0;0;0;2;12.5167;41.8977;0;2;Ciclomotore;In marcia / fermata / arresto;Conducente;M;Illeso;0;;;
5356737;4;06/04/2021 17:30:00;Statale entro l'abitato;VIA SALARIA;in corrispondenza;;del civico n.;1492;;Veicolo in marcia contro veicolo in sosta;Rettilineo;Una carreggiata a doppio senso;Asciutto;Asfaltata;Orizzontale;Sereno;Scarso;Buona;;0;0;0;1;12.5194;42.0089;-1;1;Autovettura privata;In marcia / fermata / arresto;Conducente;F;Illeso;0;;Non accertato;Inesploso
5356737;4;06/04/2021 17:30:00;Statale entro l'abitato;VIA SALARIA;in corrispondenza;;del civico n.;1492;;Veicolo in marcia contro veicolo in sosta;Rettilineo;Una carreggiata a doppio senso;Asciutto;Asfaltata;Orizzontale;Sereno;Scarso;Buona;;0;0;0;1;12.5194;42.0089;-1;2;Autovettura privata;Sosta;;;;;;;
5356761;2;06/04/2021 19:00:00;Strada Urbana;VIALE LIBIA;da specificare;;;;fc 241;Investimento di pedone;Rettilineo;Una carreggiata a doppio senso;Asciutto;Asfaltata;Verticale ed orizzontale;Sereno;Intenso;Buona;;1;0;0;1;12.5185;41.9312;-1;;;;Pedone;M;Illeso;0;;;
5356761;2;06/04/2021 19:00:00;Strada Urbana;VIALE LIBIA;da specificare;;;;fc 241;Investimento di pedone;Rettilineo;Una carreggiata a doppio senso;Asciutto;Asfaltata;Verticale ed orizzontale;Sereno;Intenso;Buona;;1;0;0;1;12.5185;41.9312;-1;1;Motociclo a solo;In marcia / fermata / arresto;Conducente;F;Rimandato;0;NON DECEDUTO;;
5356783;2;06/04/2021 10:00:00;Strada Urbana;SOTTOVIA IGNAZIO GUIDI;da specificare;;;;uscita Via Nomentana;Veicolo in marcia contro ostacolo fisso;Galleria illuminata;Una carreggiata a senso unico di marcia;Asciutto;Asfaltata;Verticale ed orizzontale;Sereno;Normale;Sufficiente;;1;0;0;0;12.5014;41.9096;-1;1;Motociclo a solo;In marcia / fermata / arresto;Conducente;M;Rimandato;0;NON DECEDUTO;;
5356784;10;06/04/2021 21:20:00;Strada Urbana;VIA VALERIO PUBLICOLA;all'intersezione con;VIA FABRIZIO LUSCINO;VIA FABRIZIO LUSCINO;;;Scontro frontale/laterale DX fra veicoli in marcia;Incrocio;Due carreggiate;Asciutto;Asfaltata;Verticale ed orizzontale;Sereno;Normale;Sufficiente;;3;0;0;2;12.5561;41.8558;-1;1;Autovettura privata;In marcia / fermata / arresto;Conducente;F;Illeso;0;;Non accertato;Inesploso
5356784;10;06/04/2021 21:20:00;Strada Urbana;VIA VALERIO PUBLICOLA;all'intersezione con;VIA FABRIZIO LUSCINO;VIA FABRIZIO LUSCINO;;;Scontro frontale/laterale DX fra veicoli in marcia;Incrocio;Due carreggiate;Asciutto;Asfaltata;Verticale ed orizzontale;Sereno;Normale;Sufficiente;;3;0;0;2;12.5561;41.8558;-1;1;Autovettura privata;In marcia / fermata / arresto;Passeggero;F;Illeso;0;;Non accertato;Inesploso
5356784;10;06/04/2021 21:20:00;Strada Urbana;VIA VALERIO PUBLICOLA;all'intersezione con;VIA FABRIZIO LUSCINO;VIA FABRIZIO LUSCINO;;;Scontro frontale/laterale DX fra veicoli in marcia;Incrocio;Due carreggiate;Asciutto;Asfaltata;Verticale ed orizzontale;Sereno;Normale;Sufficiente;;3;0;0;2;12.5561;41.8558;-1;1;Autovettura privata;In marcia / fermata / arresto;Passeggero;M;Ricoverato;0;NON DECEDUTO;Non accertato;Inesploso
5356784;10;06/04/2021 21:20:00;Strada Urbana;VIA VALERIO PUBLICOLA;all'intersezione con;VIA FABRIZIO LUSCINO;VIA FABRIZIO LUSCINO;;;Scontro frontale/laterale DX fra veicoli in marcia;Incrocio;Due carreggiate;Asciutto;Asfaltata;Verticale ed orizzontale;Sereno;Normale;Sufficiente;;3;0;0;2;12.5561;41.8558;-1;2;Autovettura di polizia;In marcia / fermata / arresto;Conducente;M;Rimandato;0;NON DECEDUTO;Non accertato;Inesploso
5356784;10;06/04/2021 21:20:00;Strada Urbana;VIA VALERIO PUBLICOLA;all'intersezione con;VIA FABRIZIO LUSCINO;VIA FABRIZIO LUSCINO;;;Scontro frontale/laterale DX fra veicoli in marcia;Incrocio;Due carreggiate;Asciutto;Asfaltata;Verticale ed orizzontale;Sereno;Normale;Sufficiente;;3;0;0;2;12.5561;41.8558;-1;2;Autovettura di polizia;In marcia / fermata / arresto;Passeggero;M;Rimandato;0;NON DECEDUTO;Non accertato;Inesploso
5356802;5;06/04/2021 10:30:00;Strada Urbana;VIA DI CASAL BRUCIATO;in prossimità;;del civico n.;75;;Scontro laterale fra veicoli in marcia;Rettilineo;Una carreggiata a senso unico di marcia;Asciutto;Asfaltata;Assente;Nuvoloso;Scarso;Buona;;0;0;0;2;12.548;41.9046;-1;1;Autovettura privata;In marcia / fermata / arresto;Conducente;M;Illeso;0;;Non accertato;Inesploso
5356802;5;06/04/2021 10:30:00;Strada Urbana;VIA DI CASAL BRUCIATO;in prossimità;;del civico n.;75;;Scontro laterale fra veicoli in marcia;Rettilineo;Una carreggiata a senso unico di marcia;Asciutto;Asfaltata;Assente;Nuvoloso;Scarso;Buona;;0;0;0;2;12.548;41.9046;-1;2;Autovettura privata;In marcia / fermata / arresto;Conducente;M;Illeso;0;;Non accertato;Inesploso
5356803;17;06/04/2021 19:00:00;Strada Urbana;PIAZZA DEL FANTE;da specificare;;;;carreggiata lato Tevere;Tamponamento;Rettilineo;Due carreggiate;Asciutto;Asfaltata;Verticale ed orizzontale;Sereno;Scarso;Buona;;1;0;0;1;12.4669;41.9213;-1;1;Autovettura privata;In marcia / fermata / arresto;Conducente;M;Rimandato;0;NON DECEDUTO;;
5356803;17;06/04/2021 19:00:00;Strada Urbana;PIAZZA DEL FANTE;da specificare;;;;carreggiata lato Tevere;Tamponamento;Rettilineo;Due carreggiate;Asciutto;Asfaltata;Verticale ed orizzontale;Sereno;Scarso;Buona;;1;0;0;1;12.4669;41.9213;-1;2;Autovettura privata;In marcia / fermata / arresto;Conducente;M;Illeso;0;;;
5356824;5;06/04/2021 18:00:00;Strada Urbana;VIA TIBURTINA;da specificare;;;;prossimità via sambuci;Tamponamento;Rettilineo;Due carreggiate;Asciutto;Asfaltata;Orizzontale;Sereno;Normale;Buona;;0;0;0;2;12.5739;41.9257;-1;1;Autocarro inferiore 35 q.;In marcia / fermata / arresto;Conducente;M;Illeso;0;;Non accertato;
5356824;5;06/04/2021 18:00:00;Strada Urbana;VIA TIBURTINA;da specificare;;;;prossimità via sambuci;Tamponamento;Rettilineo;Due carreggiate;Asciutto;Asfaltata;Orizzontale;Sereno;Normale;Buona;;0;0;0;2;12.5739;41.9257;-1;2;Autovettura privata;In marcia / fermata / arresto;Conducente;M;Illeso;0;;Non accertato;
5356845;5;06/04/2021 15:30:00;Strada Urbana;VIA DI SALONE;all'intersezione con;VIA ADRIANO OLIVETTI;VIA ADRIANO OLIVETTI;;;Scontro frontale/laterale DX fra veicoli in marcia;Incrocio;Una carreggiata a doppio senso;Asciutto;Asfaltata;Verticale ed orizzontale;Sereno;Normale;Buona;;0;0;0;2;12.6339;41.9228;-1;1;Autovettura privata;In marcia / fermata / arresto;Conducente;F;Illeso;0;;Non accertato;Inesploso
5356845;5;06/04/2021 15:30:00;Strada Urbana;VIA DI SALONE;all'intersezione con;VIA ADRIANO OLIVETTI;VIA ADRIANO OLIVETTI;;;Scontro frontale/laterale DX fra veicoli in marcia;Incrocio;Una carreggiata a doppio senso;Asciutto;Asfaltata;Verticale ed orizzontale;Sereno;Normale;Buona;;0;0;0;2;12.6339;41.9228;-1;2;Autovettura privata;In marcia / fermata / arresto;Conducente;F;Illeso;0;;Non accertato;Inesploso
5356873;5;06/04/2021 17:30:00;Strada Urbana;VIA TIBURTINA;in corrispondenza;;del civico n.;652/a;;Tamponamento;Rettilineo;Due carreggiate;Asciutto;Asfaltata;Orizzontale;Sereno;Normale;Buona;;0;0;0;2;12.5176;41.9002;-1;1;Autovettura privata;In marcia / fermata / arresto;Conducente;M;Illeso;0;;Non accertato;
5356873;5;06/04/2021 17:30:00;Strada Urbana;VIA TIBURTINA;in corrispondenza;;del civico n.;652/a;;Tamponamento;Rettilineo;Due carreggiate;Asciutto;Asfaltata;Orizzontale;Sereno;Normale;Buona;;0;0;0;2;12.5176;41.9002;-1;2;Autovettura privata;In marcia / fermata / arresto;Conducente;F;Illeso;0;;;
5356893;5;06/04/2021 20:45:00;Strada Urbana;VIA DEI MONTI TIBURTINI;in prossimità;;del civico n.;643;;Scontro frontale/laterale SX fra veicoli in marcia;Rettilineo;Due carreggiate;Asciutto;Asfaltata;Orizzontale;Nuvoloso;Scarso;Buona;;0;0;0;2;12.5501;41.9149;-1;1;Autovettura privata;In marcia / fermata / arresto;Conducente;F;Illeso;0;;Non accertato;
5356893;5;06/04/2021 20:45:00;Strada Urbana;VIA DEI MONTI TIBURTINI;in prossimità;;del civico n.;643;;Scontro frontale/laterale SX fra veicoli in marcia;Rettilineo;Due carreggiate;Asciutto;Asfaltata;Orizzontale;Nuvoloso;Scarso;Buona;;0;0;0;2;12.5501;41.9149;-1;2;Autovettura privata;In marcia / fermata / arresto;Conducente;F;Illeso;0;;Non accertato;Esploso
5356907;19;06/04/2021 10:30:00;Strada Urbana;VIA BRACCIANENSE;da specificare;;;;prossimita' via Cassia;Tamponamento;Rettilineo;Una carreggiata a doppio senso;Asciutto;Asfaltata;Verticale ed orizzontale;Nuvoloso;Scarso;Buona;;1;0;0;1;12.391;41.9952;-1;1;Autovettura privata;In marcia / fermata / arresto;Conducente;F;Illeso;0;;Non accertato;Inesploso
5356907;19;06/04/2021 10:30:00;Strada Urbana;VIA BRACCIANENSE;da specificare;;;;prossimita' via Cassia;Tamponamento;Rettilineo;Una carreggiata a doppio senso;Asciutto;Asfaltata;Verticale ed orizzontale;Nuvoloso;Scarso;Buona;;1;0;0;1;12.391;41.9952;-1;2;Autovettura privata;In marcia / fermata / arresto;Conducente;M;Rimandato;0;NON DECEDUTO;Non accertato;Inesploso
5356954;19;06/04/2021 19:07:00;Strada Urbana;VIA TRIONFALE;in prossimità;;del civico n.;9452;;Scontro laterale fra veicoli in marcia;Rettilineo;Una carreggiata a doppio senso;Asciutto;Asfaltata;Orizzontale;Sereno;Normale;Buona;;0;0;0;3;12.418;41.945;-1;1;Autovettura privata;In marcia / fermata / arresto;Conducente;M;Illeso;0;;Non accertato;Inesploso
5356954;19;06/04/2021 19:07:00;Strada Urbana;VIA TRIONFALE;in prossimità;;del civico n.;9452;;Scontro laterale fra veicoli in marcia;Rettilineo;Una carreggiata a doppio senso;Asciutto;Asfaltata;Orizzontale;Sereno;Normale;Buona;;0;0;0;3;12.418;41.945;-1;1;Autovettura privata;In marcia / fermata / arresto;Passeggero;F;Illeso;0;;Non accertato;Inesploso
5356954;19;06/04/2021 19:07:00;Strada Urbana;VIA TRIONFALE;in prossimità;;del civico n.;9452;;Scontro laterale fra veicoli in marcia;Rettilineo;Una carreggiata a doppio senso;Asciutto;Asfaltata;Orizzontale;Sereno;Normale;Buona;;0;0;0;3;12.418;41.945;-1;2;Autoambulanza;In marcia / fermata / arresto;Conducente;M;Illeso;0;;Non accertato;Inesploso
5356959;5;06/04/2021 08:00:00;Strada Urbana;VIA FIUMINATA;all'intersezione con;VIA RECANATI;VIA RECANATI;;;Scontro frontale/laterale SX fra veicoli in marcia;Incrocio;Una carreggiata a doppio senso;Asciutto;Asfaltata;Verticale ed orizzontale;Nuvoloso;Normale;Buona;;3;0;0;2;12.5842;41.941;-1;;;;Pedone;F;Rimandato;0;NON DECEDUTO;;
5356959;5;06/04/2021 08:00:00;Strada Urbana;VIA FIUMINATA;all'intersezione con;VIA RECANATI;VIA RECANATI;;;Scontro frontale/laterale SX fra veicoli in marcia;Incrocio;Una carreggiata a doppio senso;Asciutto;Asfaltata;Verticale ed orizzontale;Nuvoloso;Normale;Buona;;3;0;0;2;12.5842;41.941;-1;;;;Pedone;F;Rimandato;0;NON DECEDUTO;;
5356959;5;06/04/2021 08:00:00;Strada Urbana;VIA FIUMINATA;all'intersezione con;VIA RECANATI;VIA RECANATI;;;Scontro frontale/laterale SX fra veicoli in marcia;Incrocio;Una carreggiata a doppio senso;Asciutto;Asfaltata;Verticale ed orizzontale;Nuvoloso;Normale;Buona;;3;0;0;2;12.5842;41.941;-1;1;Autovettura privata;In marcia / fermata / arresto;Conducente;F;Rimandato;0;NON DECEDUTO;Non accertato;
5356959;5;06/04/2021 08:00:00;Strada Urbana;VIA FIUMINATA;all'intersezione con;VIA RECANATI;VIA RECANATI;;;Scontro frontale/laterale SX fra veicoli in marcia;Incrocio;Una carreggiata a doppio senso;Asciutto;Asfaltata;Verticale ed orizzontale;Nuvoloso;Normale;Buona;;3;0;0;2;12.5842;41.941;-1;2;Autovettura privata;In marcia / fermata / arresto;Conducente;M;Illeso;0;;Non accertato;
5356959;5;06/04/2021 08:00:00;Strada Urbana;VIA FIUMINATA;all'intersezione con;VIA RECANATI;VIA RECANATI;;;Scontro frontale/laterale SX fra veicoli in marcia;Incrocio;Una carreggiata a doppio senso;Asciutto;Asfaltata;Verticale ed orizzontale;Nuvoloso;Normale;Buona;;3;0;0;2;12.5842;41.941;-1;2;Autovettura privata;In marcia / fermata / arresto;Passeggero;M;Illeso;0;;Non accertato;
5356964;19;06/04/2021 19:45:00;Strada Urbana;VIA GIUSEPPE TAVERNA;in prossimità;;del civico n.;145;;Scontro laterale fra veicoli in marcia;Rettilineo;Una carreggiata a doppio senso;Asciutto;Asfaltata;Assente;Sereno;Scarso;Buona;;1;0;0;2;12.429;41.9405;-1;1;Autovettura privata;In marcia / fermata / arresto;Conducente;M;Illeso;0;;Non accertato;Inesploso
5356964;19;06/04/2021 19:45:00;Strada Urbana;VIA GIUSEPPE TAVERNA;in prossimità;;del civico n.;145;;Scontro laterale fra veicoli in marcia;Rettilineo;Una carreggiata a doppio senso;Asciutto;Asfaltata;Assente;Sereno;Scarso;Buona;;1;0;0;2;12.429;41.9405;-1;2;Motociclo con passeggero;In marcia / fermata / arresto;Conducente;M;Illeso;0;;Non accertato;
5356964;19;06/04/2021 19:45:00;Strada Urbana;VIA GIUSEPPE TAVERNA;in prossimità;;del civico n.;145;;Scontro laterale fra veicoli in marcia;Rettilineo;Una carreggiata a doppio senso;Asciutto;Asfaltata;Assente;Sereno;Scarso;Buona;;1;0;0;2;12.429;41.9405;-1;2;Motociclo con passeggero;In marcia / fermata / arresto;Passeggero;M;Rimandato;0;NON DECEDUTO;Non accertato;
5357004;19;06/04/2021 16:50:00;Strada Urbana;VIA DEI MONTI DI PRIMAVALLE;in prossimità;;del civico n.;5;;Tamponamento;Rettilineo;Una carreggiata a doppio senso;Asciutto;Asfaltata;Verticale ed orizzontale;Sereno;Normale;Buona;;0;0;0;3;12.4143;41.9135;-1;1;Autovettura privata;In marcia / fermata / arresto;Conducente;M;Illeso;0;;Non accertato;Inesploso
5357004;19;06/04/2021 16:50:00;Strada Urbana;VIA DEI MONTI DI PRIMAVALLE;in prossimità;;del civico n.;5;;Tamponamento;Rettilineo;Una carreggiata a doppio senso;Asciutto;Asfaltata;Verticale ed orizzontale;Sereno;Normale;Buona;;0;0;0;3;12.4143;41.9135;-1;1;Autovettura privata;In marcia / fermata / arresto;Passeggero;M;Illeso;0;;Non accertato;Inesploso
5357004;19;06/04/2021 16:50:00;Strada Urbana;VIA DEI MONTI DI PRIMAVALLE;in prossimità;;del civico n.;5;;Tamponamento;Rettilineo;Una carreggiata a doppio senso;Asciutto;Asfaltata;Verticale ed orizzontale;Sereno;Normale;Buona;;0;0;0;3;12.4143;41.9135;-1;2;Autovettura privata;In marcia / fermata / arresto;Conducente;M;Illeso;0;;Non accertato;Inesploso
5357025;19;06/04/2021 14:05:00;Strada Urbana;VIA UGO DE CAROLIS;in prossimità;;del civico n.;96;;Scontro frontale/laterale SX fra veicoli in marcia;Rettilineo;Una carreggiata a doppio senso;Asciutto;Asfaltata;Assente;Sereno;Scarso;Buona;;1;0;0;1;12.4392;41.9173;-1;1;Autovettura privata;In marcia / fermata / arresto;Conducente;M;Illeso;0;;;
5357025;19;06/04/2021 14:05:00;Strada Urbana;VIA UGO DE CAROLIS;in prossimità;;del civico n.;96;;Scontro frontale/laterale SX fra veicoli in marcia;Rettilineo;Una carreggiata a doppio senso;Asciutto;Asfaltata;Assente;Sereno;Scarso;Buona;;1;0;0;1;12.4392;41.9173;-1;2;Motociclo a solo;In marcia / fermata / arresto;Conducente;M;Ricoverato;0;NON DECEDUTO;Non accertato;
5357057;1;07/04/2021 07:40:00;Strada Urbana;PIAZZA DI FIRENZE;all'intersezione con;VIA DEI PREFETTI;VIA DEI PREFETTI;;;Veicolo in marcia contro veicolo in sosta;Incrocio;Una carreggiata a senso unico di marcia;Asciutto;Acciotolata;Verticale ed orizzontale;Sereno;Scarso;Buona;;0;0;0;1;12.4759;41.9023;-1;1;Autocarro inferiore 35 q.;In marcia / fermata / arresto;Conducente;M;Illeso;0;;Non accertato;Inesploso
5357057;1;07/04/2021 07:40:00;Strada Urbana;PIAZZA DI FIRENZE;all'intersezione con;VIA DEI PREFETTI;VIA DEI PREFETTI;;;Veicolo in marcia contro veicolo in sosta;Incrocio;Una carreggiata a senso unico di marcia;Asciutto;Acciotolata;Verticale ed orizzontale;Sereno;Scarso;Buona;;0;0;0;1;12.4759;41.9023;-1;2;Autovettura privata;Sosta;;;;;;;
5357065;4;06/04/2021 17:10:00;Strada Urbana;VIA MONTE GIBERTO;da specificare;;;;Rampa uscita Viadotto Pertini;Tamponamento;Rettilineo;Una carreggiata a senso unico di marcia;Asciutto;Asfaltata;Verticale ed orizzontale;Sereno;Normale;Buona;;0;0;0;3;12.5162;41.9788;-1;1;Autovettura privata;In marcia / fermata / arresto;Conducente;F;Illeso;0;;Non accertato;Inesploso
5357065;4;06/04/2021 17:10:00;Strada Urbana;VIA MONTE GIBERTO;da specificare;;;;Rampa uscita Viadotto Pertini;Tamponamento;Rettilineo;Una carreggiata a senso unico di marcia;Asciutto;Asfaltata;Verticale ed orizzontale;Sereno;Normale;Buona;;0;0;0;3;12.5162;41.9788;-1;1;Autovettura privata;In marcia / fermata / arresto;Passeggero;F;Illeso;0;;Non accertato;Inesploso
5357065;4;06/04/2021 17:10:00;Strada Urbana;VIA MONTE GIBERTO;da specificare;;;;Rampa uscita Viadotto Pertini;Tamponamento;Rettilineo;Una carreggiata a senso unico di marcia;Asciutto;Asfaltata;Verticale ed orizzontale;Sereno;Normale;Buona;;0;0;0;3;12.5162;41.9788;-1;2;Autovettura privata;In marcia / fermata / arresto;Conducente;M;Illeso;0;;;
5357103;16;06/04/2021 08:15:00;Strada Urbana;VIA DEGLI AMALTEI;in prossimità;;del civico n.;8;;Veicolo in marcia contro ostacolo accidentale;Rettilineo;Una carreggiata a senso unico di marcia;Asciutto;Asfaltata;Verticale ed orizzontale;Nuvoloso;Scarso;Buona;;0;0;0;1;12.422;41.8822;-1;1;Autovettura privata;In marcia / fermata / arresto;Conducente;M;Illeso;0;;Non accertato;Inesploso
5357116;16;06/04/2021 02:30:00;Strada Urbana;VIA DEL CASALE LUMBROSO;in prossimità;;del civico n.;141;;Scontro frontale/laterale SX fra veicoli in marcia;Rettilineo;Una carreggiata a doppio senso;Asciutto;Asfaltata;Verticale ed orizzontale;Sereno;Scarso;Buona;;0;0;0;2;12.3647;41.8721;-1;1;Autovettura privata;In marcia / fermata / arresto;Conducente;M;Illeso;0;;Non accertato;Inesploso
5357116;16;06/04/2021 02:30:00;Strada Urbana;VIA DEL CASALE LUMBROSO;in prossimità;;del civico n.;141;;Scontro frontale/laterale SX fra veicoli in marcia;Rettilineo;Una carreggiata a doppio senso;Asciutto;Asfaltata;Verticale ed orizzontale;Sereno;Scarso;Buona;;0;0;0;2;12.3647;41.8721;-1;2;Autovettura privata;In marcia / fermata / arresto;Conducente;M;Illeso;0;;Non accertato;Inesploso
5357154;16;06/04/2021 12:50:00;Strada Urbana;PIAZZA DI S. PANCRAZIO;da specificare;;;;fronte civico 9/A;Scontro frontale/laterale DX fra veicoli in marcia;Rettilineo;Due carreggiate;Asciutto;Asfaltata;Verticale ed orizzontale;Nuvoloso;Normale;Buona;;0;0;0;3;12.4557;41.8849;-1;1;Autovettura privata;In marcia / fermata / arresto;Conducente;M;Illeso;0;;Non accertato;Inesploso
5357154;16;06/04/2021 12:50:00;Strada Urbana;PIAZZA DI S. PANCRAZIO;da specificare;;;;fronte civico 9/A;Scontro frontale/laterale DX fra veicoli in marcia;Rettilineo;Due carreggiate;Asciutto;Asfaltata;Verticale ed orizzontale;Nuvoloso;Normale;Buona;;0;0;0;3;12.4557;41.8849;-1;2;Autovettura privata;In marcia / fermata / arresto;Conducente;F;Illeso;0;;Non accertato;Inesploso
5357154;16;06/04/2021 12:50:00;Strada Urbana;PIAZZA DI S. PANCRAZIO;da specificare;;;;fronte civico 9/A;Scontro frontale/laterale DX fra veicoli in marcia;Rettilineo;Due carreggiate;Asciutto;Asfaltata;Verticale ed orizzontale;Nuvoloso;Normale;Buona;;0;0;0;3;12.4557;41.8849;-1;2;Autovettura privata;In marcia / fermata / arresto;Passeggero;M;Illeso;0;;Non accertato;Inesploso
5357161;16;06/04/2021 09:45:00;Strada Urbana;VIA ASCANIO RIVALDI;all'intersezione con;VIA FOLCO PORTINARI;VIA FOLCO PORTINARI;;;Scontro laterale fra veicoli in marcia;Intersezione stradale segnalata;Due carreggiate;Asciutto;Asfaltata;Assente;Nuvoloso;Normale;Buona;;0;0;0;3;12.4498;41.8679;-1;1;Autovettura privata;In marcia / fermata / arresto;Conducente;F;Illeso;0;;Non accertato;Inesploso
5357161;16;06/04/2021 09:45:00;Strada Urbana;VIA ASCANIO RIVALDI;all'intersezione con;VIA FOLCO PORTINARI;VIA FOLCO PORTINARI;;;Scontro laterale fra veicoli in marcia;Intersezione stradale segnalata;Due carreggiate;Asciutto;Asfaltata;Assente;Nuvoloso;Normale;Buona;;0;0;0;3;12.4498;41.8679;-1;2;Autovettura privata;In marcia / fermata / arresto;Conducente;M;Illeso;0;;Non accertato;Inesploso
5357161;16;06/04/2021 09:45:00;Strada Urbana;VIA ASCANIO RIVALDI;all'intersezione con;VIA FOLCO PORTINARI;VIA FOLCO PORTINARI;;;Scontro laterale fra veicoli in marcia;Intersezione stradale segnalata;Due carreggiate;Asciutto;Asfaltata;Assente;Nuvoloso;Normale;Buona;;0;0;0;3;12.4498;41.8679;-1;2;Autovettura privata;In marcia / fermata / arresto;Passeggero;M;Illeso;0;;Non accertato;Inesploso
5357218;1;07/04/2021 09:40:00;Strada Urbana;PIAZZA DI S. GIOVANNI IN LATERANO;in corrispondenza;;del civico n.;52;;Tamponamento;Rettilineo;Una carreggiata a doppio senso;Asciutto;Asfaltata;Verticale ed orizzontale;Sereno;Intenso;Buona;;0;0;0;3;12.5051;41.8874;-1;1;Autovettura privata;In marcia / fermata / arresto;Conducente;M;Illeso;0;;;
5357218;1;07/04/2021 09:40:00;Strada Urbana;PIAZZA DI S. GIOVANNI IN LATERANO;in corrispondenza;;del civico n.;52;;Tamponamento;Rettilineo;Una carreggiata a doppio senso;Asciutto;Asfaltata;Verticale ed orizzontale;Sereno;Intenso;Buona;;0;0;0;3;12.5051;41.8874;-1;1;Autovettura privata;In marcia / fermata / arresto;Passeggero;F;Illeso;0;;;
5357218;1;07/04/2021 09:40:00;Strada Urbana;PIAZZA DI S. GIOVANNI IN LATERANO;in corrispondenza;;del civico n.;52;;Tamponamento;Rettilineo;Una carreggiata a doppio senso;Asciutto;Asfaltata;Verticale ed orizzontale;Sereno;Intenso;Buona;;0;0;0;3;12.5051;41.8874;-1;2;Autovettura privata;In marcia / fermata / arresto;Conducente;M;Illeso;0;;;
5357278;12;07/04/2021 07:15:00;Provinciale entro l'abitato;VIA OSTIENSE;da specificare;;;;in prossimità via Sarsina direzione Ostia;Tamponamento;Rettilineo;Una carreggiata a doppio senso;Asciutto;Asfaltata;Verticale ed orizzontale;Sereno;Normale;Buona;;0;0;0;2;12.4063;41.7963;-1;1;Autocarro inferiore 35 q.;In marcia / fermata / arresto;Conducente;M;Illeso;0;;Non accertato;Inesploso
5357278;12;07/04/2021 07:15:00;Provinciale entro l'abitato;VIA OSTIENSE;da specificare;;;;in prossimità via Sarsina direzione Ostia;Tamponamento;Rettilineo;Una carreggiata a doppio senso;Asciutto;Asfaltata;Verticale ed orizzontale;Sereno;Normale;Buona;;0;0;0;2;12.4063;41.7963;-1;2;Autocarro inferiore 35 q.;In marcia / fermata / arresto;Conducente;M;Illeso;0;;Non accertato;Inesploso