Protocollo;Gruppo;DataOraIncidente;Localizzazione1;STRADA1;Localizzazione2;STRADA2;Strada02;Chilometrica;DaSpecificare;NaturaIncidente;particolaritastrade;TipoStrada;FondoStradale;Pavimentazione;Segnaletica;CondizioneAtmosferica;Traffico;Visibilita;Illuminazione;NUM_FERITI;NUM_RISERVATA;NUM_MORTI;NUM_ILLESI;Longitude;Latitude;Confermato;Progressivo;TipoVeicolo;StatoVeicolo;TipoPersona;Sesso;Tipolesione;Deceduto;DecedutoDopo;CinturaCascoUtilizzato;Airbag;
5360300;5;08/04/2021 21:10:00;Strada Urbana;VIA DEI MONTI TIBURTINI;da specificare;;;;dopo rampa immissione dir.Ponte Lanciani;Tamponamento;Rettilineo;Una carreggiata a doppio senso;Asciutto;Asfaltata;Verticale ed orizzontale;Sereno;Normale;Sufficiente;;1;0;0;2;12.5414;41.9176;-1;1;Autovettura privata;In marcia / fermata / arresto;Conducente;F;Illeso;0;;Non accertato;
5360300;5;08/04/2021 21:10:00;Strada Urbana;VIA DEI MONTI TIBURTINI;da specificare;;;;dopo rampa immissione dir.Ponte Lanciani;Tamponamento;Rettilineo;Una carreggiata a doppio senso;Asciutto;Asfaltata;Verticale ed orizzontale;Sereno;Normale;Sufficiente;;1;0;0;2;12.5414;41.9176;-1;2;Motociclo con passeggero;In marcia / fermata / arresto;Conducente;M;Rimandato;0;NON DECEDUTO;Non accertato;
5360300;5;08/04/2021 21:10:00;Strada Urbana;VIA DEI MONTI TIBURTINI;da specificare;;;;dopo rampa immissione dir.Ponte Lanciani;Tamponamento;Rettilineo;Una carreggiata a doppio senso;Asciutto;Asfaltata;Verticale ed orizzontale;Sereno;Normale;Sufficiente;;1;0;0;2;12.5414;41.9176;-1;2;Motociclo con passeggero;In marcia / fermata / arresto;Passeggero;F;Illeso;0;;Non accertato;
5360311;9;08/04/2021 15:40:00;Strada Urbana;VIA PINEROLO;in corrispondenza;;del civico n.;21;;Scontro frontale/laterale SX fra veicoli in marcia;Rettilineo;Una carreggiata a doppio senso;Asciutto;Asfaltata;Verticale ed orizzontale;Sereno;;Buona;;2;0;0;1;12.5161;41.883;-1;1;Autovettura privata;In marcia / fermata / arresto;Conducente;M;Illeso;0;;Non accertato;Inesploso
5360311;9;08/04/2021 15:40:00;Strada Urbana;VIA PINEROLO;in corrispondenza;;del civico n.;21;;Scontro frontale/laterale SX fra veicoli in marcia;Rettilineo;Una carreggiata a doppio senso;Asciutto;Asfaltata;Verticale ed orizzontale;Sereno;;Buona;;2;0;0;1;12.5161;41.883;-1;2;Motociclo con passeggero;In marcia / fermata / arresto;Conducente;M;Rimandato;0;NON DECEDUTO;Non accertato;
5360311;9;08/04/2021 15:40:00;Strada Urbana;VIA PINEROLO;in corrispondenza;;del civico n.;21;;Scontro frontale/laterale SX fra veicoli in marcia;Rettilineo;Una carreggiata a doppio senso;Asciutto;Asfaltata;Verticale ed orizzontale;Sereno;;Buona;;2;0;0;1;12.5161;41.883;-1;2;Motociclo con passeggero;In marcia / fermata / arresto;Passeggero;M;Rimandato;0;NON DECEDUTO;Non accertato;
5360316;4;08/04/2021 16:00:00;Strada Urbana;VIALE CARNARO;all'intersezione con;VIA BRENNERO;VIA BRENNERO;;;Tamponamento;Intersezione stradale segnalata;Una carreggiata a senso unico di marcia;Asciutto;Asfaltata;Verticale ed orizzontale;Sereno;Normale;Buona;;0;0;0;2;12.5334;41.9378;-1;1;Motociclo a solo;In marcia / fermata / arresto;Conducente;M;Illeso;0;;;
5360316;4;08/04/2021 16:00:00;Strada Urbana;VIALE CARNARO;all'intersezione con;VIA BRENNERO;VIA BRENNERO;;;Tamponamento;Intersezione stradale segnalata;Una carreggiata a senso unico di marcia;Asciutto;Asfaltata;Verticale ed orizzontale;Sereno;Normale;Buona;;0;0;0;2;12.5334;41.9378;-1;2;Autovettura privata;In marcia / fermata / arresto;Conducente;M;Illeso;0;;;
5360327;9;08/04/2021 17:10:00;Strada Urbana;VIA ARRIGO DAVILA;da specificare;;;;prossimità 35/A;Scontro frontale/laterale SX fra veicoli in marcia;Rettilineo;Una carreggiata a doppio senso;Asciutto;Asfaltata;Assente;Sereno;Normale;Buona;;0;0;0;2;12.5275;41.8688;-1;1;Autovettura privata;In marcia / fermata / arresto;Conducente;F;Illeso;0;;Non accertato;Inesploso
5360327;9;08/04/2021 17:10:00;Strada Urbana;VIA ARRIGO DAVILA;da specificare;;;;prossimità 35/A;Scontro frontale/laterale SX fra veicoli in marcia;Rettilineo;Una carreggiata a doppio senso;Asciutto;Asfaltata;Assente;Sereno;Normale;Buona;;0;0;0;2;12.5275;41.8688;-1;2;Motociclo a solo;In marcia / fermata / arresto;Conducente;M;Illeso;0;;Non accertato;
5360336;17;08/04/2021 10:00:00;Strada Urbana;PIAZZA MONTE GRAPPA;all'intersezione semaforizzata con;LUNGOTEVERE DELLE ARMI;LUNGOTEVERE DELLE ARMI;;;Scontro laterale fra veicoli in marcia;Intersezione semaforizzata;Una carreggiata a senso unico di marcia;Asciutto;Asfaltata;Verticale ed orizzontale;Sereno;Normale;Buona;;1;0;0;1;12.4697;41.9186;-1;1;Autovettura privata;In marcia / fermata / arresto;Conducente;M;Illeso;0;;Non accertato;Inesploso
5360336;17;08/04/2021 10:00:00;Strada Urbana;PIAZZA MONTE GRAPPA;all'intersezione semaforizzata con;LUNGOTEVERE DELLE ARMI;LUNGOTEVERE DELLE ARMI;;;Scontro laterale fra veicoli in marcia;Intersezione semaforizzata;Una carreggiata a senso unico di marcia;Asciutto;Asfaltata;Verticale ed orizzontale;Sereno;Normale;Buona;;1;0;0;1;12.4697;41.9186;-1;2;Motociclo a solo;In marcia / fermata / arresto;Conducente;M;Rimandato;0;NON DECEDUTO;;
5360354;17;08/04/2021 17:35:00;Strada Urbana;PIAZZALE MARESCIALLO GIARDINO;all'intersezione semaforizzata con;LUNGOTEVERE MARESCIALLO CADORNA;LUNGOTEVERE MARESCIALLO CADORNA;;;Scontro laterale fra veicoli in marcia;Intersezione semaforizzata;Una carreggiata a senso unico di marcia;Asciutto;Asfaltata;Verticale ed orizzontale;Sereno;Normale;Buona;;0;0;0;5;12.4586;41.9241;-1;1;Autocarro inferiore 35 q.;In marcia / fermata / arresto;Conducente;M;Illeso;0;;Non accertato;Inesploso
5360354;17;08/04/2021 17:35:00;Strada Urbana;PIAZZALE MARESCIALLO GIARDINO;all'intersezione semaforizzata con;LUNGOTEVERE MARESCIALLO CADORNA;LUNGOTEVERE MARESCIALLO CADORNA;;;Scontro laterale fra veicoli in marcia;Intersezione semaforizzata;Una carreggiata a senso unico di marcia;Asciutto;Asfaltata;Verticale ed orizzontale;Sereno;Normale;Buona;;0;0;0;5;12.4586;41.9241;-1;1;Autocarro inferiore 35 q.;In marcia / fermata / arresto;Passeggero;M;Illeso;0;;Non accertato;Inesploso
5360354;17;08/04/2021 17:35:00;Strada Urbana;PIAZZALE MARESCIALLO GIARDINO;all'intersezione semaforizzata con;LUNGOTEVERE MARESCIALLO CADORNA;LUNGOTEVERE MARESCIALLO CADORNA;;;Scontro laterale fra veicoli in marcia;Intersezione semaforizzata;Una carreggiata a senso unico di marcia;Asciutto;Asfaltata;Verticale ed orizzontale;Sereno;Normale;Buona;;0;0;0;5;12.4586;41.9241;-1;2;Autovettura privata;In marcia / fermata / arresto;Conducente;F;Illeso;0;;Non accertato;Inesploso
5360354;17;08/04/2021 17:35:00;Strada Urbana;PIAZZALE MARESCIALLO GIARDINO;all'intersezione semaforizzata con;LUNGOTEVERE MARESCIALLO CADORNA;LUNGOTEVERE MARESCIALLO CADORNA;;;Scontro laterale fra veicoli in marcia;Intersezione semaforizzata;Una carreggiata a senso unico di marcia;Asciutto;Asfaltata;Verticale ed orizzontale;Sereno;Normale;Buona;;0;0;0;5;12.4586;41.9241;-1;2;Autovettura privata;In marcia / fermata / arresto;Passeggero;M;Illeso;0;;Non accertato;Inesploso
5360375;2;08/04/2021 12:05:00;Strada Urbana;LUNGOTEVERE DELL'ACQUA ACETOSA;all'intersezione con;VIA CILE;VIA CILE;;;Scontro frontale/laterale DX fra veicoli in marcia;Intersezione stradale segnalata;Una carreggiata a doppio senso;Asciutto;Asfaltata;Verticale ed orizzontale;Sereno;Normale;Buona;;1;0;0;1;12.4757;41.9355;-1;1;Monopattino elettrico;In marcia / fermata / arresto;Conducente;F;Rimandato;0;NON DECEDUTO;Non accertato;Inesistente
5360375;2;08/04/2021 12:05:00;Strada Urbana;LUNGOTEVERE DELL'ACQUA ACETOSA;all'intersezione con;VIA CILE;VIA CILE;;;Scontro frontale/laterale DX fra veicoli in marcia;Intersezione stradale segnalata;Una carreggiata a doppio senso;Asciutto;Asfaltata;Verticale ed orizzontale;Sereno;Normale;Buona;;1;0;0;1;12.4757;41.9355;-1;2;Autovettura privata;In marcia / fermata / arresto;Conducente;F;Illeso;0;;Non accertato;Inesploso
5360399;2;08/04/2021 14:00:00;Strada Urbana;CIRCONVALLAZIONE SALARIA;da specificare;;;;altezza Ponte delle Valli dir. stadio;Tamponamento;Rettilineo;Una carreggiata a senso unico di marcia;Asciutto;Asfaltata;Verticale ed orizzontale;Sereno;Normale;Buona;;2;0;0;1;12.5214;41.9338;-1;1;Autovettura privata;In marcia / fermata / arresto;Conducente;M;Rimandato;0;NON DECEDUTO;Non accertato;Inesploso
5360399;2;08/04/2021 14:00:00;Strada Urbana;CIRCONVALLAZIONE SALARIA;da specificare;;;;altezza Ponte delle Valli dir. stadio;Tamponamento;Rettilineo;Una carreggiata a senso unico di marcia;Asciutto;Asfaltata;Verticale ed orizzontale;Sereno;Normale;Buona;;2;0;0;1;12.5214;41.9338;-1;2;Autovettura privata;In marcia / fermata / arresto;Conducente;M;Illeso;0;;Non accertato;Inesistente
5360399;2;08/04/2021 14:00:00;Strada Urbana;CIRCONVALLAZIONE SALARIA;da specificare;;;;altezza Ponte delle Valli dir. stadio;Tamponamento;Rettilineo;Una carreggiata a senso unico di marcia;Asciutto;Asfaltata;Verticale ed orizzontale;Sereno;Normale;Buona;;2;0;0;1;12.5214;41.9338;-1;2;Autovettura privata;In marcia / fermata / arresto;Passeggero;F;Rimandato;0;NON DECEDUTO;Non accertato;Inesistente
5360402;4;08/04/2021 18:30:00;Strada Urbana;VIA ELSA DE' GIORGI;da specificare;;;;prossimità VIA GIUSEPPE DE SANTIS;Veicolo in marcia contro ostacolo accidentale;Curva senza visuale libera;Due carreggiate;Asciutto;Asfaltata;Verticale ed orizzontale;Sereno;Normale;Buona;;1;0;0;0;12.5394;41.9657;-1;1;Motociclo a solo;In marcia / fermata / arresto;Conducente;M;Rifiuta cure immediate;0;NON DECEDUTO;Non accertato;
5360409;2;09/04/2021 09:20:00;Strada Urbana;VIA FLAMINIA;all'intersezione semaforizzata con;VIA LUIGI CANINA;VIA LUIGI CANINA;;;Scontro frontale/laterale SX fra veicoli in marcia;Incrocio;Una carreggiata a senso unico di marcia;Asciutto;Asfaltata;Verticale ed orizzontale;Sereno;Normale;Buona;;0;0;0;3;12.4722;41.9209;-1;1;Autovettura privata;In marcia / fermata / arresto;Conducente;M;Illeso;0;;Non accertato;Esploso
5360409;2;09/04/2021 09:20:00;Strada Urbana;VIA FLAMINIA;all'intersezione semaforizzata con;VIA LUIGI CANINA;VIA LUIGI CANINA;;;Scontro frontale/laterale SX fra veicoli in marcia;Incrocio;Una carreggiata a senso unico di marcia;Asciutto;Asfaltata;Verticale ed orizzontale;Sereno;Normale;Buona;;0;0;0;3;12.4722;41.9209;-1;2;Autovettura privata;In marcia / fermata / arresto;Conducente;M;Illeso;0;;Non accertato;Esploso
5360409;2;09/04/2021 09:20:00;Strada Urbana;VIA FLAMINIA;all'intersezione semaforizzata con;VIA LUIGI CANINA;VIA LUIGI CANINA;;;Scontro frontale/laterale SX fra veicoli in marcia;Incrocio;Una carreggiata a senso unico di marcia;Asciutto;Asfaltata;Verticale ed orizzontale;Sereno;Normale;Buona;;0;0;0;3;12.4722;41.9209;-1;2;Autovettura privata;In marcia / fermata / arresto;Passeggero;F;Illeso;0;;Non accertato;Inesploso
5360453;4;08/04/2021 20:15:00;Strada Urbana;VIA RENATO FUCINI;all'intersezione semaforizzata con;VIA DARIO NICCODEMI;VIA DARIO NICCODEMI;;;Scontro frontale/laterale DX fra veicoli in marcia;Intersezione semaforizzata;Due carreggiate;Asciutto;Asfaltata;Verticale ed orizzontale;Sereno;Normale;Buona;;0;0;0;3;12.5475;41.9518;-1;1;Autovettura privata;In marcia / fermata / arresto;Conducente;M;Illeso;0;;Non accertato;Inesploso
5360453;4;08/04/2021 20:15:00;Strada Urbana;VIA RENATO FUCINI;all'intersezione semaforizzata con;VIA DARIO NICCODEMI;VIA DARIO NICCODEMI;;;Scontro frontale/laterale DX fra veicoli in marcia;Intersezione semaforizzata;Due carreggiate;Asciutto;Asfaltata;Verticale ed orizzontale;Sereno;Normale;Buona;;0;0;0;3;12.5475;41.9518;-1;2;Autovettura privata;In marcia / fermata / arresto;Conducente;F;Illeso;0;;;
5360453;4;08/04/2021 20:15:00;Strada Urbana;VIA RENATO FUCINI;all'intersezione semaforizzata con;VIA DARIO NICCODEMI;VIA DARIO NICCODEMI;;;Scontro frontale/laterale DX fra veicoli in marcia;Intersezione semaforizzata;Due carreggiate;Asciutto;Asfaltata;Verticale ed orizzontale;Sereno;Normale;Buona;;0;0;0;3;12.5475;41.9518;-1;2;Autovettura privata;In marcia / fermata / arresto;Passeggero;M;Illeso;0;;Non accertato;Inesploso
5360511;17;08/04/2021 20:20:00;Strada Urbana;VIA CIPRO;in prossimità;;del civico n.;37;;Veicolo in marcia contro veicolo arresto;Rettilineo;Due carreggiate;Asciutto;Asfaltata;Verticale ed orizzontale;Sereno;Normale;Sufficiente;;0;0;0;3;12.4465;41.9067;-1;1;Autovettura privata;In marcia / fermata / arresto;Conducente;M;Illeso;0;;;
5360511;17;08/04/2021 20:20:00;Strada Urbana;VIA CIPRO;in prossimità;;del civico n.;37;;Veicolo in marcia contro veicolo arresto;Rettilineo;Due carreggiate;Asciutto;Asfaltata;Verticale ed orizzontale;Sereno;Normale;Sufficiente;;0;0;0;3;12.4465;41.9067;-1;1;Autovettura privata;In marcia / fermata / arresto;Passeggero;F;Illeso;0;;;
5360511;17;08/04/2021 20:20:00;Strada Urbana;VIA CIPRO;in prossimità;;del civico n.;37;;Veicolo in marcia contro veicolo arresto;Rettilineo;Due carreggiate;Asciutto;Asfaltata;Verticale ed orizzontale;Sereno;Normale;Sufficiente;;0;0;0;3;12.4465;41.9067;-1;2;Motociclo a solo;In marcia / fermata / arresto;Conducente;M;Illeso;0;;;
5360542;15;08/04/2021 10:30:00;Strada Urbana;VIA FULDA;in prossimità;;del civico n.;14;;Veicolo in marcia contro veicoli in sosta;Pendenza;Una carreggiata a senso unico di marcia;Asciutto;Asfaltata;Orizzontale;Sereno;Normale;Buona;;0;0;0;1;12.4279;41.8357;-1;1;Autovettura privata;In marcia / fermata / arresto;Conducente;F;Illeso;0;;Non accertato;Inesploso
5360542;15;08/04/2021 10:30:00;Strada Urbana;VIA FULDA;in prossimità;;del civico n.;14;;Veicolo in marcia contro veicoli in sosta;Pendenza;Una carreggiata a senso unico di marcia;Asciutto;Asfaltata;Orizzontale;Sereno;Normale;Buona;;0;0;0;1;12.4279;41.8357;-1;2;Motociclo a solo;Sosta;;;;;;;
5360542;15;08/04/2021 10:30:00;Strada Urbana;VIA FULDA;in prossimità;;del civico n.;14;;Veicolo in marcia contro veicoli in sosta;Pendenza;Una carreggiata a senso unico di marcia;Asciutto;Asfaltata;Orizzontale;Sereno;Normale;Buona;;0;0;0;1;12.4279;41.8357;-1;3;Motociclo a solo;Sosta;;;;;;;
5360556;17;08/04/2021 15:20:00;Strada Urbana;VIA GOMENIZZA;in prossimità;;del civico n.;3;;Veicolo in marcia contro veicoli in sosta;Rettilineo;Una carreggiata a doppio senso;Asciutto;Asfaltata;Verticale ed orizzontale;Sereno;Normale;Buona;;0;0;0;1;12.4546;41.9205;-1;1;Autovettura privata;In marcia / fermata / arresto;Conducente;M;Illeso;0;;;
5360556;17;08/04/2021 15:20:00;Strada Urbana;VIA GOMENIZZA;in prossimità;;del civico n.;3;;Veicolo in marcia contro veicoli in sosta;Rettilineo;Una carreggiata a doppio senso;Asciutto;Asfaltata;Verticale ed orizzontale;Sereno;Normale;Buona;;0;0;0;1;12.4546;41.9205;-1;2;Autovettura privata;Sosta;;;;;;;
5360556;17;08/04/2021 15:20:00;Strada Urbana;VIA GOMENIZZA;in prossimità;;del civico n.;3;;Veicolo in marcia contro veicoli in sosta;Rettilineo;Una carreggiata a doppio senso;Asciutto;Asfaltata;Verticale ed orizzontale;Sereno;Normale;Buona;;0;0;0;1;12.4546;41.9205;-1;3;Autovettura privata;Sosta;;;;;;;
5360556;17;08/04/2021 15:20:00;Strada Urbana;VIA GOMENIZZA;in prossimità;;del civico n.;3;;Veicolo in marcia contro veicoli in sosta;Rettilineo;Una carreggiata a doppio senso;Asciutto;Asfaltata;Verticale ed orizzontale;Sereno;Normale;Buona;;0;0;0;1;12.4546;41.9205;-1;4;Autovettura privata;Sosta;;;;;;;
5360556;17;08/04/2021 15:20:00;Strada Urbana;VIA GOMENIZZA;in prossimità;;del civico n.;3;;Veicolo in marcia contro veicoli in sosta;Rettilineo;Una carreggiata a doppio senso;Asciutto;Asfaltata;Verticale ed orizzontale;Sereno;Normale;Buona;;0;0;0;1;12.4546;41.9205;-1;5;Autovettura privata;Sosta;;;;;;;
5360564;1;09/04/2021 09:40:00;Strada Urbana;VIA GALVANI;in corrispondenza;;del civico n.;4;;Veicolo in marcia contro veicolo arresto;Rettilineo;Una carreggiata a doppio senso;Asciutto;Asfaltata;Verticale ed orizzontale;Sereno;Normale;Buona;;0;0;0;2;12.4783;41.8782;-1;1;Autovettura privata;In marcia / fermata / arresto;Conducente;M;Illeso;0;;;
5360564;1;09/04/2021 09:40:00;Strada Urbana;VIA GALVANI;in corrispondenza;;del civico n.;4;;Veicolo in marcia contro veicolo arresto;Rettilineo;Una carreggiata a doppio senso;Asciutto;Asfaltata;Verticale ed orizzontale;Sereno;Normale;Buona;;0;0;0;2;12.4783;41.8782;-1;1;Autovettura privata;In marcia / fermata / arresto;Passeggero;F;Illeso;0;;;
5360564;1;09/04/2021 09:40:00;Strada Urbana;VIA GALVANI;in corrispondenza;;del civico n.;4;;Veicolo in marcia contro veicolo arresto;Rettilineo;Una carreggiata a doppio senso;Asciutto;Asfaltata;Verticale ed orizzontale;Sereno;Normale;Buona;;0;0;0;2;12.4783;41.8782;-1;2;Autovettura privata;Allontanatosi;;;;;;;
5360599;16;08/04/2021 09:55:00;Strada Urbana;VIA DI BRAVETTA;all'intersezione con;VIA FRANCESCO DE FICORONI;VIA FRANCESCO DE FICORONI;;;Scontro frontale fra veicoli in marcia;Intersezione non regolata/non segnalata;Una carreggiata a doppio senso;Asciutto;Asfaltata;Orizzontale;Sereno;Normale;Buona;;1;0;0;1;12.4257;41.8762;-1;1;Autovettura privata;In marcia / fermata / arresto;Conducente;M;Illeso;0;;Non accertato;Inesploso
5360599;16;08/04/2021 09:55:00;Strada Urbana;VIA DI BRAVETTA;all'intersezione con;VIA FRANCESCO DE FICORONI;VIA FRANCESCO DE FICORONI;;;Scontro frontale fra veicoli in marcia;Intersezione non regolata/non segnalata;Una carreggiata a doppio senso;Asciutto;Asfaltata;Orizzontale;Sereno;Normale;Buona;;1;0;0;1;12.4257;41.8762;-1;2;Motociclo a solo;In marcia / fermata / arresto;Conducente;M;Rimandato;0;NON DECEDUTO;Non accertato;
5360615;18;09/04/2021 11:15:00;Strada Urbana;VIA GAETANO MAZZONI;all'intersezione con;VIA SUOR MARIA AGOSTINA;VIA SUOR MARIA AGOSTINA;;;Scontro laterale fra veicoli in marcia;Intersezione stradale segnalata;Una carreggiata a senso unico di marcia;Asciutto;Asfaltata;Verticale ed orizzontale;Sereno;Normale;Buona;;0;0;0;2;12.3915;41.9052;-1;1;Autovettura privata;In marcia / fermata / arresto;Conducente;M;Illeso;0;;Non accertato;Inesploso
5360615;18;09/04/2021 11:15:00;Strada Urbana;VIA GAETANO MAZZONI;all'intersezione con;VIA SUOR MARIA AGOSTINA;VIA SUOR MARIA AGOSTINA;;;Scontro laterale fra veicoli in marcia;Intersezione stradale segnalata;Una carreggiata a senso unico di marcia;Asciutto;Asfaltata;Verticale ed orizzontale;Sereno;Normale;Buona;;0;0;0;2;12.3915;41.9052;-1;2;Motociclo a solo;In marcia / fermata / arresto;Conducente;F;Illeso;0;;Non accertato;
5360645;17;09/04/2021 09:20:00;Strada Urbana;VIA DEGLI SCIPIONI;all'intersezione con;VIA EZIO;VIA EZIO;;;Scontro laterale fra veicoli in marcia;Incrocio;Una carreggiata a senso unico di marcia;Asciutto;Asfaltata;Verticale ed orizzontale;Sereno;Normale;Buona;;1;0;0;1;12.463;41.9098;-1;1;Autocarro superiore 35 q.;In marcia / fermata / arresto;Conducente;M;Illeso;0;;;
5360645;17;09/04/2021 09:20:00;Strada Urbana;VIA DEGLI SCIPIONI;all'intersezione con;VIA EZIO;VIA EZIO;;;Scontro laterale fra veicoli in marcia;Incrocio;Una carreggiata a senso unico di marcia;Asciutto;Asfaltata;Verticale ed orizzontale;Sereno;Normale;Buona;;1;0;0;1;12.463;41.9098;-1;2;Motociclo a solo;In marcia / fermata / arresto;Conducente;M;Rimandato;0;NON DECEDUTO;;
5360652;16;08/04/2021 15:30:00;;VIA ORESTE REGNOLI;all'intersezione con;VIA DEL VASCELLO;VIA DEL VASCELLO;;;Scontro frontale/laterale DX fra veicoli in marcia;;;;;;;;;;0;0;0;3;12.4597;41.884;0;1;Motociclo a solo;In marcia / fermata / arresto;Conducente;M;Illeso;0;;;
5360652;16;08/04/2021 15:30:00;;VIA ORESTE REGNOLI;all'intersezione con;VIA DEL VASCELLO;VIA DEL VASCELLO;;;Scontro frontale/laterale DX fra veicoli in marcia;;;;;;;;;;0;0;0;3;12.4597;41.884;0;2;Autovettura privata;In marcia / fermata / arresto;Conducente;F;Illeso;0;;;
5360652;16;08/04/2021 15:30:00;;VIA ORESTE REGNOLI;all'intersezione con;VIA DEL VASCELLO;VIA DEL VASCELLO;;;Scontro frontale/laterale DX fra veicoli in marcia;;;;;;;;;;0;0;0;3;12.4597;41.884;0;2;Autovettura privata;In marcia / fermata / arresto;Passeggero;F;Illeso;0;;;
5360678;2;09/04/2021 10:30:00;Strada Urbana;VIA ASMARA;in prossimità;;del civico n.;3;;Tamponamento Multiplo;Rettilineo;Una carreggiata a doppio senso;Asciutto;Asfaltata;Orizzontale;Sereno;Normale;Buona;;0;0;0;3;12.4903;41.934;-1;1;Autovettura privata;In marcia / fermata / arresto;Conducente;M;Illeso;0;;Non accertato;Inesploso
5360678;2;09/04/2021 10:30:00;Strada Urbana;VIA ASMARA;in prossimità;;del civico n.;3;;Tamponamento Multiplo;Rettilineo;Una carreggiata a doppio senso;Asciutto;Asfaltata;Orizzontale;Sereno;Normale;Buona;;0;0;0;3;12.4903;41.934;-1;2;Autovettura privata;In marcia / fermata / arresto;Conducente;M;Illeso;0;;Non accertato;Inesploso
5360678;2;09/04/2021 10:30:00;Strada Urbana;VIA ASMARA;in prossimità;;del civico n.;3;;Tamponamento Multiplo;Rettilineo;Una carreggiata a doppio senso;Asciutto;Asfaltata;Orizzontale;Sereno;Normale;Buona;;0;0;0;3;12.4903;41.934;-1;3;Autovettura pubblica;In marcia / fermata / arresto;Conducente;M;Illeso;0;;Non accertato;Inesploso
5360709;12;08/04/2021 16:50:00;Strada Urbana;VIA DEGLI ASTRINI;all'intersezione con;VIA DEGLI AGROSTEMMI;VIA DEGLI AGROSTEMMI;;;Scontro laterale fra veicoli in marcia;Intersezione non regolata/non segnalata;Una carreggiata a doppio senso;Asciutto;Asfaltata;Assente;Sereno;Scarso;Buona;;0;0;0;2;12.5878;41.7022;-1;1;Trattore stradale;In marcia / fermata / arresto;Conducente;M;Illeso;0;;Utilizzato;Inesploso
5360709;12;08/04/2021 16:50:00;Strada Urbana;VIA DEGLI ASTRINI;all'intersezione con;VIA DEGLI AGROSTEMMI;VIA DEGLI AGROSTEMMI;;;Scontro laterale fra veicoli in marcia;Intersezione non regolata/non segnalata;Una carreggiata a doppio senso;Asciutto;Asfaltata;Assente;Sereno;Scarso;Buona;;0;0;0;2;12.5878;41.7022;-1;2;Autocarro inferiore 35 q.;In marcia / fermata / arresto;Conducente;M;Illeso;0;;Utilizzato;Inesploso
5360720;16;09/04/2021 09:15:00;Strada Urbana;VIA FRANCESCO DAVERIO;in prossimità;;del civico n.;32;;Veicolo in marcia contro veicolo arresto;Rettilineo;Una carreggiata a senso unico di marcia;Asciutto;Asfaltata;Verticale ed orizzontale;Sereno;Normale;Buona;;0;0;0;2;12.4589;41.8857;-1;1;Autovettura privata;In marcia / fermata / arresto;Conducente;M;Illeso;0;;Non accertato;Inesploso
5360720;16;09/04/2021 09:15:00;Strada Urbana;VIA FRANCESCO DAVERIO;in prossimità;;del civico n.;32;;Veicolo in marcia contro veicolo arresto;Rettilineo;Una carreggiata a senso unico di marcia;Asciutto;Asfaltata;Verticale ed orizzontale;Sereno;Normale;Buona;;0;0;0;2;12.4589;41.8857;-1;2;Autovettura privata;In marcia / fermata / arresto;Conducente;F;Illeso;0;;Non accertato;Inesploso
5360738;16;09/04/2021 09:30:00;Strada Urbana;VIA GIORGIO ZOEGA;in prossimità;;del civico n.;5;;Veicolo in marcia contro veicolo in sosta;Rettilineo;Una carreggiata a doppio senso;Asciutto;Asfaltata;Orizzontale;Sereno;Normale;Buona;;0;0;0;1;12.432;41.8763;-1;1;Autovettura privata;Sosta;;;;;;;
5360738;16;09/04/2021 09:30:00;Strada Urbana;VIA GIORGIO ZOEGA;in prossimità;;del civico n.;5;;Veicolo in marcia contro veicolo in sosta;Rettilineo;Una carreggiata a doppio senso;Asciutto;Asfaltata;Orizzontale;Sereno;Normale;Buona;;0;0;0;1;12.432;41.8763;-1;2;Autovettura privata;In marcia / fermata / arresto;Conducente;F;Illeso;0;;Non accertato;Inesploso
5360741;12;08/04/2021 14:50:00;Strada Urbana;VIA ALFONSINE;all'intersezione con;VIA DI MEZZOCAMMINO;VIA DI MEZZOCAMMINO;;;Scontro frontale/laterale SX fra veicoli in marcia;Incrocio;Una carreggiata a doppio senso;Asciutto;Asfaltata;Verticale ed orizzontale;Sereno;Normale;Buona;;0;0;0;1;12.4227;41.79;-1;1;Autovettura privata;In marcia / fermata / arresto;Conducente;F;Illeso;0;;;
5360795;1;09/04/2021 12:05:00;Strada Urbana;VIA RUGGERO BONGHI;all'intersezione con;VIA LUDOVICO MURATORI;VIA LUDOVICO MURATORI;;;Scontro frontale/laterale DX fra veicoli in marcia;Incrocio;Una carreggiata a senso unico di marcia;Asciutto;Asfaltata;Verticale ed orizzontale;Sereno;Normale;Buona;;0;0;0;2;12.5002;41.8905;-1;1;Autovettura privata;In marcia / fermata / arresto;Conducente;M;Illeso;0;;;
5360795;1;09/04/2021 12:05:00;Strada Urbana;VIA RUGGERO BONGHI;all'intersezione con;VIA LUDOVICO MURATORI;VIA LUDOVICO MURATORI;;;Scontro frontale/laterale DX fra veicoli in marcia;Incrocio;Una carreggiata a senso unico di marcia;Asciutto;Asfaltata;Verticale ed orizzontale;Sereno;Normale;Buona;;0;0;0;2;12.5002;41.8905;-1;2;Autovettura privata;In marcia / fermata / arresto;Conducente;F;Illeso;0;;;
5360795;1;09/04/2021 12:05:00;Strada Urbana;VIA RUGGERO BONGHI;all'intersezione con;VIA LUDOVICO MURATORI;VIA LUDOVICO MURATORI;;;Scontro frontale/laterale DX fra veicoli in marcia;Incrocio;Una carreggiata a senso unico di marcia;Asciutto;Asfaltata;Verticale ed orizzontale;Sereno;Normale;Buona;;0;0;0;2;12.5002;41.8905;-1;3;Autovettura privata;Sosta;;;;;;;