Protocollo;Gruppo;DataOraIncidente;Localizzazione1;STRADA1;Localizzazione2;STRADA2;Strada02;Chilometrica;DaSpecificare;NaturaIncidente;particolaritastrade;TipoStrada;FondoStradale;Pavimentazione;Segnaletica;CondizioneAtmosferica;Traffico;Visibilita;Illuminazione;NUM_FERITI;NUM_RISERVATA;NUM_MORTI;NUM_ILLESI;Longitude;Latitude;Confermato;Progressivo;TipoVeicolo;StatoVeicolo;TipoPersona;Sesso;Tipolesione;Deceduto;DecedutoDopo;CinturaCascoUtilizzato;Airbag;
5364117;7;10/04/2021 09:45:00;Strada Urbana;VIA DELLE ACACIE;in corrispondenza;;del civico n.;38a;;Veicolo in marcia contro veicoli in sosta;Rettilineo;Una carreggiata a doppio senso;Asciutto;Asfaltata;Verticale ed orizzontale;Sereno;Normale;Buona;;0;0;0;1;12.564;41.8872;-1;2;Autovettura privata;Sosta;;;;;;;
5364117;7;10/04/2021 09:45:00;Strada Urbana;VIA DELLE ACACIE;in corrispondenza;;del civico n.;38a;;Veicolo in marcia contro veicoli in sosta;Rettilineo;Una carreggiata a doppio senso;Asciutto;Asfaltata;Verticale ed orizzontale;Sereno;Normale;Buona;;0;0;0;1;12.564;41.8872;-1;3;Autovettura privata;Sosta;;;;;;;
5364117;7;10/04/2021 09:45:00;Strada Urbana;VIA DELLE ACACIE;in corrispondenza;;del civico n.;38a;;Veicolo in marcia contro veicoli in sosta;Rettilineo;Una carreggiata a doppio senso;Asciutto;Asfaltata;Verticale ed orizzontale;Sereno;Normale;Buona;;0;0;0;1;12.564;41.8872;-1;4;Autovettura privata;Sosta;;;;;;;
5364130;5;10/04/2021 16:55:00;Strada Urbana;VIALE ALTIERO SPINELLI;in corrispondenza;;del civico n.;30;;Veicolo in marcia contro veicolo in sosta;Rettilineo;Due carreggiate;Asciutto;Asfaltata;Verticale ed orizzontale;Nuvoloso;Scarso;Buona;;0;0;0;1;12.5329;41.9109;-1;1;Motociclo a solo;Sosta;;;;;;;
5364130;5;10/04/2021 16:55:00;Strada Urbana;VIALE ALTIERO SPINELLI;in corrispondenza;;del civico n.;30;;Veicolo in marcia contro veicolo in sosta;Rettilineo;Due carreggiate;Asciutto;Asfaltata;Verticale ed orizzontale;Nuvoloso;Scarso;Buona;;0;0;0;1;12.5329;41.9109;-1;2;Autovettura privata;In marcia / fermata / arresto;Conducente;M;Illeso;0;;Non accertato;
5364144;5;10/04/2021 19:00:00;Strada Urbana;NUOVA CIRCONVALLAZIONE INTERNA;da specificare;;;;100 mt prima del tunnel uscita Camesena;Veicolo in marcia contro ostacolo fisso;Curva a visuale libera;Due carreggiate;Bagnato (brina);Asfaltata;Orizzontale;Nuvoloso;Normale;Buona;;0;0;0;1;12.5337;41.909;-1;1;Autovettura privata;In marcia / fermata / arresto;Conducente;M;Illeso;0;;Non accertato;Esploso
5364154;5;10/04/2021 16:20:00;Strada Urbana;VIA OSTIENSE;all'intersezione semaforizzata con;VIA VALCO DI S. PAOLO;VIA VALCO DI S. PAOLO;;;Investimento di pedone;Incrocio;Due carreggiate;Bagnato (pioggia);Asfaltata;Verticale ed orizzontale;Pioggia in atto;Normale;Buona;;1;0;0;1;12.4766;41.8523;-1;;;;Pedone;M;Rimandato;0;NON DECEDUTO;;
5364154;5;10/04/2021 16:20:00;Strada Urbana;VIA OSTIENSE;all'intersezione semaforizzata con;VIA VALCO DI S. PAOLO;VIA VALCO DI S. PAOLO;;;Investimento di pedone;Incrocio;Due carreggiate;Bagnato (pioggia);Asfaltata;Verticale ed orizzontale;Pioggia in atto;Normale;Buona;;1;0;0;1;12.4766;41.8523;-1;1;Autovettura privata;In marcia / fermata / arresto;Conducente;F;Illeso;0;;;
5364169;7;11/04/2021 18:30:00;Strada Urbana;VIA CASILINA;in prossimità;;del civico n.;997;;Tamponamento;Rettilineo;Una carreggiata a doppio senso;Asciutto;Asfaltata;Verticale ed orizzontale;Nuvoloso;Normale;Buona;;2;0;0;0;12.5807;41.871;-1;1;Autovettura privata;In marcia / fermata / arresto;Conducente;F;Rimandato;0;NON DECEDUTO;Non accertato;Inesploso
5364169;7;11/04/2021 18:30:00;Strada Urbana;VIA CASILINA;in prossimità;;del civico n.;997;;Tamponamento;Rettilineo;Una carreggiata a doppio senso;Asciutto;Asfaltata;Verticale ed orizzontale;Nuvoloso;Normale;Buona;;2;0;0;0;12.5807;41.871;-1;1;Autovettura privata;In marcia / fermata / arresto;Passeggero;M;Rimandato;0;NON DECEDUTO;;
5364169;7;11/04/2021 18:30:00;Strada Urbana;VIA CASILINA;in prossimità;;del civico n.;997;;Tamponamento;Rettilineo;Una carreggiata a doppio senso;Asciutto;Asfaltata;Verticale ed orizzontale;Nuvoloso;Normale;Buona;;2;0;0;0;12.5807;41.871;-1;2;Autovettura privata;In marcia / fermata / arresto;;;;;;;
5364175;13;10/04/2021 20:05:00;Strada Urbana;VIA PIETRO ROMANI;in prossimità;;del civico n.;11;;Veicolo in marcia contro veicolo in sosta;Rettilineo;Una carreggiata a doppio senso;Asciutto;Asfaltata;Verticale ed orizzontale;Sereno;Normale;Buona;;0;0;0;1;12.3743;41.7446;-1;1;Autovettura privata;Sosta;;;;;;;
5364175;13;10/04/2021 20:05:00;Strada Urbana;VIA PIETRO ROMANI;in prossimità;;del civico n.;11;;Veicolo in marcia contro veicolo in sosta;Rettilineo;Una carreggiata a doppio senso;Asciutto;Asfaltata;Verticale ed orizzontale;Sereno;Normale;Buona;;0;0;0;1;12.3743;41.7446;-1;2;Autovettura privata;In marcia / fermata / arresto;Conducente;M;Illeso;0;;;
5364191;1;11/04/2021 12:00:00;Strada Urbana;VIA GUSTAVO MODENA;all'intersezione con;PIAZZA GIUDITTA TAVANI ARQUATI;PIAZZA GIUDITTA TAVANI ARQUATI;;;Scontro frontale/laterale DX fra veicoli in marcia;Intersezione stradale segnalata;Una carreggiata a senso unico di marcia;Asciutto;In cubetti di porfido;Verticale;Nuvoloso;Scarso;Buona;;0;0;0;2;12.473;41.8901;-1;1;Autocarro inferiore 35 q.;In marcia / fermata / arresto;Conducente;M;Illeso;0;;Non accertato;Inesploso
5364191;1;11/04/2021 12:00:00;Strada Urbana;VIA GUSTAVO MODENA;all'intersezione con;PIAZZA GIUDITTA TAVANI ARQUATI;PIAZZA GIUDITTA TAVANI ARQUATI;;;Scontro frontale/laterale DX fra veicoli in marcia;Intersezione stradale segnalata;Una carreggiata a senso unico di marcia;Asciutto;In cubetti di porfido;Verticale;Nuvoloso;Scarso;Buona;;0;0;0;2;12.473;41.8901;-1;2;Autovettura privata;In marcia / fermata / arresto;Conducente;M;Illeso;0;;Non accertato;Inesploso
5364202;12;11/04/2021 12:00:00;Strada Urbana;VIA FRANCO FRANCHI;da specificare;;;;ALL'ITERNO DEL PARCHEGGIO 'ELITE';Veicolo in marcia contro veicolo fermo;Rettilineo;Una carreggiata a senso unico di marcia;Asciutto;Asfaltata;Assente;Sereno;Scarso;Buona;;0;0;0;3;12.4804;41.7671;-1;1;Autocarro inferiore 35 q.;In marcia / fermata / arresto;Conducente;M;Illeso;0;;;
5364202;12;11/04/2021 12:00:00;Strada Urbana;VIA FRANCO FRANCHI;da specificare;;;;ALL'ITERNO DEL PARCHEGGIO 'ELITE';Veicolo in marcia contro veicolo fermo;Rettilineo;Una carreggiata a senso unico di marcia;Asciutto;Asfaltata;Assente;Sereno;Scarso;Buona;;0;0;0;3;12.4804;41.7671;-1;2;Autovettura privata;In marcia / fermata / arresto;Conducente;F;Illeso;0;;;
5364202;12;11/04/2021 12:00:00;Strada Urbana;VIA FRANCO FRANCHI;da specificare;;;;ALL'ITERNO DEL PARCHEGGIO 'ELITE';Veicolo in marcia contro veicolo fermo;Rettilineo;Una carreggiata a senso unico di marcia;Asciutto;Asfaltata;Assente;Sereno;Scarso;Buona;;0;0;0;3;12.4804;41.7671;-1;2;Autovettura privata;In marcia / fermata / arresto;Passeggero;M;Illeso;0;;;
5364213;7;12/04/2021 10:00:00;Strada Urbana;VIA DEI PIOPPI;in corrispondenza;;del civico n.;32;;Tamponamento;Rettilineo;Due carreggiate;Asciutto;Asfaltata;Verticale ed orizzontale;Sereno;Normale;Buona;;0;0;0;4;12.5691;41.8776;-1;1;Autovettura privata;In marcia / fermata / arresto;Conducente;M;Illeso;0;;Non accertato;Inesploso
5364213;7;12/04/2021 10:00:00;Strada Urbana;VIA DEI PIOPPI;in corrispondenza;;del civico n.;32;;Tamponamento;Rettilineo;Due carreggiate;Asciutto;Asfaltata;Verticale ed orizzontale;Sereno;Normale;Buona;;0;0;0;4;12.5691;41.8776;-1;2;Autovettura privata;In marcia / fermata / arresto;Conducente;M;Illeso;0;;Non accertato;Inesploso
5364213;7;12/04/2021 10:00:00;Strada Urbana;VIA DEI PIOPPI;in corrispondenza;;del civico n.;32;;Tamponamento;Rettilineo;Due carreggiate;Asciutto;Asfaltata;Verticale ed orizzontale;Sereno;Normale;Buona;;0;0;0;4;12.5691;41.8776;-1;2;Autovettura privata;In marcia / fermata / arresto;Passeggero;M;Illeso;0;;Non accertato;Inesploso
5364213;7;12/04/2021 10:00:00;Strada Urbana;VIA DEI PIOPPI;in corrispondenza;;del civico n.;32;;Tamponamento;Rettilineo;Due carreggiate;Asciutto;Asfaltata;Verticale ed orizzontale;Sereno;Normale;Buona;;0;0;0;4;12.5691;41.8776;-1;2;Autovettura privata;In marcia / fermata / arresto;Passeggero;M;Illeso;0;;Non accertato;Inesploso
5364218;16;10/04/2021 20:20:00;;VIA ODERISI DA GUBBIO;in corrispondenza;;del civico n.;170;;Tamponamento;;;;;;;;;;1;0;0;0;12.4649;41.8651;0;1;Autovettura privata;In marcia / fermata / arresto;Conducente;M;Rimandato;0;NON DECEDUTO;;
5364218;16;10/04/2021 20:20:00;;VIA ODERISI DA GUBBIO;in corrispondenza;;del civico n.;170;;Tamponamento;;;;;;;;;;1;0;0;0;12.4649;41.8651;0;2;Autovettura privata;Allontanatosi;;;;;;;
5364246;4;10/04/2021 16:25:00;Strada Urbana;VIA UGO OJETTI;da specificare;;;;in corrispondenza di Via Barbara Maria Tosatti;Veicolo in marcia contro veicolo fermo;Rettilineo;Una carreggiata a senso unico di marcia;Asciutto;Asfaltata;Orizzontale;Nuvoloso;Normale;Buona;;0;0;0;3;12.5484;41.9441;-1;1;Autovettura privata;In marcia / fermata / arresto;Conducente;M;Illeso;0;;Non accertato;Inesploso
5364246;4;10/04/2021 16:25:00;Strada Urbana;VIA UGO OJETTI;da specificare;;;;in corrispondenza di Via Barbara Maria Tosatti;Veicolo in marcia contro veicolo fermo;Rettilineo;Una carreggiata a senso unico di marcia;Asciutto;Asfaltata;Orizzontale;Nuvoloso;Normale;Buona;;0;0;0;3;12.5484;41.9441;-1;2;Autovettura privata;In marcia / fermata / arresto;Conducente;M;Illeso;0;;Non accertato;Inesploso
5364246;4;10/04/2021 16:25:00;Strada Urbana;VIA UGO OJETTI;da specificare;;;;in corrispondenza di Via Barbara Maria Tosatti;Veicolo in marcia contro veicolo fermo;Rettilineo;Una carreggiata a senso unico di marcia;Asciutto;Asfaltata;Orizzontale;Nuvoloso;Normale;Buona;;0;0;0;3;12.5484;41.9441;-1;2;Autovettura privata;In marcia / fermata / arresto;Passeggero;F;Illeso;0;;Non accertato;Inesploso
5364261;1;10/04/2021 14:15:00;Strada Urbana;VIA DI S. GREGORIO;da specificare;;;;FERMATA ATAC SAN GREGORIO;Veicolo in marcia contro ostacolo fisso;Rettilineo;Due carreggiate;Bagnato (pioggia);Asfaltata;Verticale;Nuvoloso;Normale;Buona;;0;0;0;1;;;0;1;Autovettura privata;In marcia / fermata / arresto;Conducente;;Illeso;0;;;
5364301;18;11/04/2021 20:30:00;Statale entro l'abitato;VIA AURELIA;in prossimità;;del civico n.;1334;;Tamponamento;Rettilineo;Più di due carreggiate;Bagnato (pioggia);Asfaltata;Verticale ed orizzontale;Pioggia in atto;Normale;Buona;;3;0;0;2;12.3536;41.8821;-1;1;Autovettura privata;In marcia / fermata / arresto;Conducente;M;Rimandato;0;NON DECEDUTO;;
5364301;18;11/04/2021 20:30:00;Statale entro l'abitato;VIA AURELIA;in prossimità;;del civico n.;1334;;Tamponamento;Rettilineo;Più di due carreggiate;Bagnato (pioggia);Asfaltata;Verticale ed orizzontale;Pioggia in atto;Normale;Buona;;3;0;0;2;12.3536;41.8821;-1;2;Autovettura privata;In marcia / fermata / arresto;Conducente;M;Illeso;0;;;
5364301;18;11/04/2021 20:30:00;Statale entro l'abitato;VIA AURELIA;in prossimità;;del civico n.;1334;;Tamponamento;Rettilineo;Più di due carreggiate;Bagnato (pioggia);Asfaltata;Verticale ed orizzontale;Pioggia in atto;Normale;Buona;;3;0;0;2;12.3536;41.8821;-1;2;Autovettura privata;In marcia / fermata / arresto;Passeggero;F;Illeso;0;;;
5364301;18;11/04/2021 20:30:00;Statale entro l'abitato;VIA AURELIA;in prossimità;;del civico n.;1334;;Tamponamento;Rettilineo;Più di due carreggiate;Bagnato (pioggia);Asfaltata;Verticale ed orizzontale;Pioggia in atto;Normale;Buona;;3;0;0;2;12.3536;41.8821;-1;2;Autovettura privata;In marcia / fermata / arresto;Passeggero;F;Rimandato;0;NON DECEDUTO;;
5364301;18;11/04/2021 20:30:00;Statale entro l'abitato;VIA AURELIA;in prossimità;;del civico n.;1334;;Tamponamento;Rettilineo;Più di due carreggiate;Bagnato (pioggia);Asfaltata;Verticale ed orizzontale;Pioggia in atto;Normale;Buona;;3;0;0;2;12.3536;41.8821;-1;2;Autovettura privata;In marcia / fermata / arresto;Passeggero;F;Rimandato;0;NON DECEDUTO;;
5364308;4;10/04/2021 17:00:00;Strada Urbana;VIALE TIRRENO;in corrispondenza;;del civico n.;112;;Veicolo in marcia contro veicolo in sosta;Rettilineo;Due carreggiate;Asciutto;Asfaltata;Assente;Nuvoloso;Normale;Buona;;0;0;0;1;12.5301;41.9387;-1;1;Autovettura privata;In marcia / fermata / arresto;Conducente;M;Illeso;0;;Non accertato;
5364308;4;10/04/2021 17:00:00;Strada Urbana;VIALE TIRRENO;in corrispondenza;;del civico n.;112;;Veicolo in marcia contro veicolo in sosta;Rettilineo;Due carreggiate;Asciutto;Asfaltata;Assente;Nuvoloso;Normale;Buona;;0;0;0;1;12.5301;41.9387;-1;2;Autovettura privata;Sosta;;;;;;;
5364313;7;12/04/2021 11:00:00;Strada Urbana;VIALE ALESSANDRINO;in prossimità;;del civico n.;695;;Tamponamento;Rettilineo;Una carreggiata a doppio senso;Asciutto;Asfaltata;Orizzontale;Sereno;Normale;Buona;;0;0;0;3;12.5767;41.8876;-1;1;Autocarro inferiore 35 q.;In marcia / fermata / arresto;Conducente;M;Illeso;0;;Non accertato;Inesploso
5364313;7;12/04/2021 11:00:00;Strada Urbana;VIALE ALESSANDRINO;in prossimità;;del civico n.;695;;Tamponamento;Rettilineo;Una carreggiata a doppio senso;Asciutto;Asfaltata;Orizzontale;Sereno;Normale;Buona;;0;0;0;3;12.5767;41.8876;-1;1;Autocarro inferiore 35 q.;In marcia / fermata / arresto;Passeggero;M;Illeso;0;;Non accertato;Inesploso
5364313;7;12/04/2021 11:00:00;Strada Urbana;VIALE ALESSANDRINO;in prossimità;;del civico n.;695;;Tamponamento;Rettilineo;Una carreggiata a doppio senso;Asciutto;Asfaltata;Orizzontale;Sereno;Normale;Buona;;0;0;0;3;12.5767;41.8876;-1;2;Autocarro inferiore 35 q.;In marcia / fermata / arresto;Conducente;M;Illeso;0;;Non accertato;Inesploso
5364314;12;10/04/2021 13:50:00;Strada Urbana;VIALE DELL'ARTE;all'intersezione con;VIALE DELLA CIVILTA' ROMANA;VIALE DELLA CIVILTA' ROMANA;;;Investimento di pedone;Intersezione stradale segnalata;Una carreggiata a doppio senso;Bagnato (pioggia);Asfaltata;Verticale ed orizzontale;Nuvoloso;Scarso;Buona;;1;0;0;1;12.4822;41.917;-1;;;;Pedone;M;Rimandato;0;NON DECEDUTO;;
5364314;12;10/04/2021 13:50:00;Strada Urbana;VIALE DELL'ARTE;all'intersezione con;VIALE DELLA CIVILTA' ROMANA;VIALE DELLA CIVILTA' ROMANA;;;Investimento di pedone;Intersezione stradale segnalata;Una carreggiata a doppio senso;Bagnato (pioggia);Asfaltata;Verticale ed orizzontale;Nuvoloso;Scarso;Buona;;1;0;0;1;12.4822;41.917;-1;1;Autovettura privata;In marcia / fermata / arresto;Conducente;M;Illeso;0;;Non accertato;Inesploso
5364339;16;11/04/2021 21:30:00;Strada Urbana;VIA ETTORE ROLLI;all'intersezione con;VIA DEGLI STRADIVARI;VIA DEGLI STRADIVARI;;;Scontro laterale fra veicoli in marcia;Intersezione semaforizzata;Una carreggiata a doppio senso;Bagnato (pioggia);Asfaltata;Verticale ed orizzontale;Nuvoloso;Normale;Buona;;1;0;0;1;;;0;1;Motociclo a solo;In marcia / fermata / arresto;Conducente;M;Rimandato;0;NON DECEDUTO;Non accertato;
5364339;16;11/04/2021 21:30:00;Strada Urbana;VIA ETTORE ROLLI;all'intersezione con;VIA DEGLI STRADIVARI;VIA DEGLI STRADIVARI;;;Scontro laterale fra veicoli in marcia;Intersezione semaforizzata;Una carreggiata a doppio senso;Bagnato (pioggia);Asfaltata;Verticale ed orizzontale;Nuvoloso;Normale;Buona;;1;0;0;1;;;0;2;Autovettura privata;In marcia / fermata / arresto;Conducente;F;Illeso;0;;Non accertato;
5364361;3;10/04/2021 19:30:00;Strada Urbana;VIA DELLA LEGA LOMBARDA;all'intersezione con;VIA ARDUINO;VIA ARDUINO;;;Tamponamento;Rotatoria;Una carreggiata a doppio senso;Bagnato (pioggia);Asfaltata;Verticale ed orizzontale;Nuvoloso;Normale;Buona;;0;0;0;2;12.5234;41.9089;-1;1;Autovettura privata;In marcia / fermata / arresto;Conducente;M;Illeso;0;;Non accertato;Inesploso
5364361;3;10/04/2021 19:30:00;Strada Urbana;VIA DELLA LEGA LOMBARDA;all'intersezione con;VIA ARDUINO;VIA ARDUINO;;;Tamponamento;Rotatoria;Una carreggiata a doppio senso;Bagnato (pioggia);Asfaltata;Verticale ed orizzontale;Nuvoloso;Normale;Buona;;0;0;0;2;12.5234;41.9089;-1;2;Autovettura privata;In marcia / fermata / arresto;Conducente;M;Illeso;0;;Non accertato;Inesploso
5364417;4;11/04/2021 10:15:00;Strada Urbana;VIA MONTE GIBERTO;in corrispondenza;;del civico n.;43 A;;Veicolo in marcia contro veicolo fermo;Rettilineo;Una carreggiata a doppio senso;Bagnato (umidità in atto);Asfaltata;Orizzontale;Nuvoloso;Scarso;Buona;;0;0;0;3;12.5166;41.9793;-1;1;Autovettura privata;In marcia / fermata / arresto;Conducente;M;Illeso;0;;;
5364417;4;11/04/2021 10:15:00;Strada Urbana;VIA MONTE GIBERTO;in corrispondenza;;del civico n.;43 A;;Veicolo in marcia contro veicolo fermo;Rettilineo;Una carreggiata a doppio senso;Bagnato (umidità in atto);Asfaltata;Orizzontale;Nuvoloso;Scarso;Buona;;0;0;0;3;12.5166;41.9793;-1;1;Autovettura privata;In marcia / fermata / arresto;Passeggero;F;Illeso;0;;;
5364417;4;11/04/2021 10:15:00;Strada Urbana;VIA MONTE GIBERTO;in corrispondenza;;del civico n.;43 A;;Veicolo in marcia contro veicolo fermo;Rettilineo;Una carreggiata a doppio senso;Bagnato (umidità in atto);Asfaltata;Orizzontale;Nuvoloso;Scarso;Buona;;0;0;0;3;12.5166;41.9793;-1;2;Autovettura privata;In marcia / fermata / arresto;Conducente;M;Illeso;0;;;
5364461;15;12/04/2021 08:30:00;Strada Urbana;VIA PORTUENSE;da specificare;;;;fronte civico 471;Scontro frontale/laterale SX fra veicoli in marcia;Rettilineo;Una carreggiata a doppio senso;Asciutto;Asfaltata;Orizzontale;Nuvoloso;Intenso;Buona;;0;0;0;2;12.414;41.8469;-1;1;Motociclo a solo;In marcia / fermata / arresto;Conducente;M;Illeso;0;;Non accertato;
5364461;15;12/04/2021 08:30:00;Strada Urbana;VIA PORTUENSE;da specificare;;;;fronte civico 471;Scontro frontale/laterale SX fra veicoli in marcia;Rettilineo;Una carreggiata a doppio senso;Asciutto;Asfaltata;Orizzontale;Nuvoloso;Intenso;Buona;;0;0;0;2;12.414;41.8469;-1;2;Autovettura privata;In marcia / fermata / arresto;Conducente;F;Illeso;0;;Non accertato;Inesploso
5364480;10;12/04/2021 13:00:00;Strada Urbana;PIAZZA QUINTO CURZIO;all'intersezione con;VIA STATILIO OTTATO;VIA STATILIO OTTATO;;;Scontro laterale fra veicoli in marcia;Incrocio;Due carreggiate;Asciutto;Asfaltata;Verticale ed orizzontale;Sereno;Normale;Buona;;1;0;0;2;12.5682;41.8563;-1;1;Autovettura privata;In marcia / fermata / arresto;Conducente;M;Rimandato;0;NON DECEDUTO;;
5364480;10;12/04/2021 13:00:00;Strada Urbana;PIAZZA QUINTO CURZIO;all'intersezione con;VIA STATILIO OTTATO;VIA STATILIO OTTATO;;;Scontro laterale fra veicoli in marcia;Incrocio;Due carreggiate;Asciutto;Asfaltata;Verticale ed orizzontale;Sereno;Normale;Buona;;1;0;0;2;12.5682;41.8563;-1;2;Autovettura privata;In marcia / fermata / arresto;Conducente;M;Illeso;0;;;
5364480;10;12/04/2021 13:00:00;Strada Urbana;PIAZZA QUINTO CURZIO;all'intersezione con;VIA STATILIO OTTATO;VIA STATILIO OTTATO;;;Scontro laterale fra veicoli in marcia;Incrocio;Due carreggiate;Asciutto;Asfaltata;Verticale ed orizzontale;Sereno;Normale;Buona;;1;0;0;2;12.5682;41.8563;-1;2;Autovettura privata;In marcia / fermata / arresto;Passeggero;M;Illeso;0;;;
5364480;10;12/04/2021 13:00:00;Strada Urbana;PIAZZA QUINTO CURZIO;all'intersezione con;VIA STATILIO OTTATO;VIA STATILIO OTTATO;;;Scontro laterale fra veicoli in marcia;Incrocio;Due carreggiate;Asciutto;Asfaltata;Verticale ed orizzontale;Sereno;Normale;Buona;;1;0;0;2;12.5682;41.8563;-1;3;Autovettura privata;Sosta;;;;;;;
5364525;16;11/04/2021 19:15:00;Strada Urbana;VIA LEONE XIII;in prossimità;;del palo luce n.;fronte 24;;Veicolo in marcia contro veicolo in sosta;Rettilineo;Due carreggiate;Asciutto;Asfaltata;Orizzontale;Nuvoloso;Normale;Buona;;1;0;0;0;12.4404;41.8869;-1;1;Autovettura privata;In marcia / fermata / arresto;Conducente;F;Rimandato;0;NON DECEDUTO;Non accertato;Inesploso
5364525;16;11/04/2021 19:15:00;Strada Urbana;VIA LEONE XIII;in prossimità;;del palo luce n.;fronte 24;;Veicolo in marcia contro veicolo in sosta;Rettilineo;Due carreggiate;Asciutto;Asfaltata;Orizzontale;Nuvoloso;Normale;Buona;;1;0;0;0;12.4404;41.8869;-1;2;Autovettura privata;Sosta;;;;;;;
5364529;6;12/04/2021 05:56:00;Strada Urbana;VIA GENTILE DA MOGLIANO;in prossimità;;del civico n.;fr. 138;;Veicolo in marcia contro veicoli in sosta;Rettilineo;Una carreggiata a senso unico di marcia;Asciutto;Asfaltata;Assente;Sereno;Normale;Buona;;0;0;0;0;12.5331;41.8889;-1;2;Autovettura privata;Sosta;;;;;;;
5364529;6;12/04/2021 05:56:00;Strada Urbana;VIA GENTILE DA MOGLIANO;in prossimità;;del civico n.;fr. 138;;Veicolo in marcia contro veicoli in sosta;Rettilineo;Una carreggiata a senso unico di marcia;Asciutto;Asfaltata;Assente;Sereno;Normale;Buona;;0;0;0;0;12.5331;41.8889;-1;3;Autovettura privata;Sosta;;;;;;;
5364529;6;12/04/2021 05:56:00;Strada Urbana;VIA GENTILE DA MOGLIANO;in prossimità;;del civico n.;fr. 138;;Veicolo in marcia contro veicoli in sosta;Rettilineo;Una carreggiata a senso unico di marcia;Asciutto;Asfaltata;Assente;Sereno;Normale;Buona;;0;0;0;0;12.5331;41.8889;-1;4;Autovettura privata;Sosta;;;;;;;
5364529;6;12/04/2021 05:56:00;Strada Urbana;VIA GENTILE DA MOGLIANO;in prossimità;;del civico n.;fr. 138;;Veicolo in marcia contro veicoli in sosta;Rettilineo;Una carreggiata a senso unico di marcia;Asciutto;Asfaltata;Assente;Sereno;Normale;Buona;;0;0;0;0;12.5331;41.8889;-1;5;Autovettura privata;Sosta;;;;;;;
5364529;6;12/04/2021 05:56:00;Strada Urbana;VIA GENTILE DA MOGLIANO;in prossimità;;del civico n.;fr. 138;;Veicolo in marcia contro veicoli in sosta;Rettilineo;Una carreggiata a senso unico di marcia;Asciutto;Asfaltata;Assente;Sereno;Normale;Buona;;0;0;0;0;12.5331;41.8889;-1;6;Autovettura privata;Sosta;;;;;;;
5364531;1;10/04/2021 13:35:00;Strada Urbana;VICO JUGARIO;all'intersezione semaforizzata con;VIA DEL TEATRO DI MARCELLO;VIA DEL TEATRO DI MARCELLO;;;Veicolo in marcia contro ostacolo accidentale;Intersezione semaforizzata;Una carreggiata a doppio senso;Bagnato (pioggia);In cubetti di porfido;Verticale ed orizzontale;Pioggia in atto;Scarso;Buona;;1;0;0;0;12.4806;41.8909;-1;1;Motociclo a solo;In marcia / fermata / arresto;Conducente;M;Rimandato;0;NON DECEDUTO;Non accertato;
5364534;3;11/04/2021 18:50:00;Strada Urbana;CIRCONVALLAZIONE TIBURTINA;da specificare;;;;in pross.tà Sacrario Militare;Tamponamento Multiplo;Rettilineo;Una carreggiata a senso unico di marcia;Asciutto;Asfaltata;Verticale ed orizzontale;Sereno;Normale;Buona;;0;0;0;5;12.528;41.8994;-1;1;Autovettura privata;In marcia / fermata / arresto;Conducente;M;Illeso;0;;Non accertato;Inesploso
5364534;3;11/04/2021 18:50:00;Strada Urbana;CIRCONVALLAZIONE TIBURTINA;da specificare;;;;in pross.tà Sacrario Militare;Tamponamento Multiplo;Rettilineo;Una carreggiata a senso unico di marcia;Asciutto;Asfaltata;Verticale ed orizzontale;Sereno;Normale;Buona;;0;0;0;5;12.528;41.8994;-1;1;Autovettura privata;In marcia / fermata / arresto;Passeggero;M;Illeso;0;;Non accertato;Inesploso
5364534;3;11/04/2021 18:50:00;Strada Urbana;CIRCONVALLAZIONE TIBURTINA;da specificare;;;;in pross.tà Sacrario Militare;Tamponamento Multiplo;Rettilineo;Una carreggiata a senso unico di marcia;Asciutto;Asfaltata;Verticale ed orizzontale;Sereno;Normale;Buona;;0;0;0;5;12.528;41.8994;-1;2;Autovettura privata;In marcia / fermata / arresto;Conducente;M;Illeso;0;;Non accertato;Inesploso
5364534;3;11/04/2021 18:50:00;Strada Urbana;CIRCONVALLAZIONE TIBURTINA;da specificare;;;;in pross.tà Sacrario Militare;Tamponamento Multiplo;Rettilineo;Una carreggiata a senso unico di marcia;Asciutto;Asfaltata;Verticale ed orizzontale;Sereno;Normale;Buona;;0;0;0;5;12.528;41.8994;-1;3;Autovettura privata;In marcia / fermata / arresto;Conducente;M;Illeso;0;;Non accertato;Inesploso
5364534;3;11/04/2021 18:50:00;Strada Urbana;CIRCONVALLAZIONE TIBURTINA;da specificare;;;;in pross.tà Sacrario Militare;Tamponamento Multiplo;Rettilineo;Una carreggiata a senso unico di marcia;Asciutto;Asfaltata;Verticale ed orizzontale;Sereno;Normale;Buona;;0;0;0;5;12.528;41.8994;-1;3;Autovettura privata;In marcia / fermata / arresto;Passeggero;F;Illeso;0;;Non accertato;Inesploso
5364541;16;11/04/2021 09:30:00;;PIAZZA IPPOLITO NIEVO;in corrispondenza;;del civico n.;25 a;;Veicolo in marcia contro veicolo in sosta;;;;;;;;;;0;0;0;0;;;0;1;Autovettura privata;Sosta;;;;;;;
5364541;16;11/04/2021 09:30:00;;PIAZZA IPPOLITO NIEVO;in corrispondenza;;del civico n.;25 a;;Veicolo in marcia contro veicolo in sosta;;;;;;;;;;0;0;0;0;;;0;2;Autovettura privata;Sosta;;;;;;;
5364579;3;09/04/2021 15:30:00;Strada Urbana;PIAZZA BOLOGNA;in prossimità;;del civico n.;2;;Veicolo in marcia contro ostacolo accidentale;Rotatoria;Una carreggiata a senso unico di marcia;Asciutto;Asfaltata;Assente;Sereno;Normale;Buona;;0;0;0;1;12.5215;41.9136;-1;1;Motociclo a solo;In marcia / fermata / arresto;Conducente;M;Illeso;0;;;