Protocollo;Gruppo;DataOraIncidente;Localizzazione1;STRADA1;Localizzazione2;STRADA2;Strada02;Chilometrica;DaSpecificare;NaturaIncidente;particolaritastrade;TipoStrada;FondoStradale;Pavimentazione;Segnaletica;CondizioneAtmosferica;Traffico;Visibilita;Illuminazione;NUM_FERITI;NUM_RISERVATA;NUM_MORTI;NUM_ILLESI;Longitude;Latitude;Confermato;Progressivo;TipoVeicolo;StatoVeicolo;TipoPersona;Sesso;Tipolesione;Deceduto;DecedutoDopo;CinturaCascoUtilizzato;Airbag;
5365455;5;12/04/2021 14:45:00;Strada Urbana;VIA DI PIETRALATA;da specificare;;;;PROSSIMITA' VIA DEL PEPERINO;Tamponamento;Rettilineo;Una carreggiata a doppio senso;Asciutto;Asfaltata;Verticale ed orizzontale;Nuvoloso;Normale;Buona;;0;0;0;3;12.5549;41.9179;-1;2;Autovettura privata;In marcia / fermata / arresto;Passeggero;F;Illeso;0;;Non accertato;
5365462;12;12/04/2021 18:55:00;Strada Urbana;VIA ILDEBRANDO VIVANTI;all'intersezione con;VIA GIUSEPPE PEREGO;VIA GIUSEPPE PEREGO;;;Veicolo in marcia contro ostacolo accidentale;Incrocio;Una carreggiata a doppio senso;Bagnato (pioggia);Asfaltata;Verticale ed orizzontale;Pioggia in atto;Scarso;Sufficiente;;0;0;0;1;12.4408;41.8042;-1;1;Autovettura privata;In marcia / fermata / arresto;Conducente;M;Illeso;0;;;
5365472;20;12/04/2021 11:30:00;Strada Urbana;VIA DELLA CAPPELLETTA DELLA GIUSTINIANA;in prossimità;;del civico n.;21;;Scontro laterale fra veicoli in marcia;Rettilineo;Una carreggiata a senso unico di marcia;Asciutto;Asfaltata;Verticale ed orizzontale;Nuvoloso;Normale;Sufficiente;;0;0;0;3;12.4066;41.986;-1;1;Autovettura privata;In marcia / fermata / arresto;Conducente;M;Illeso;0;;Non accertato;
5365472;20;12/04/2021 11:30:00;Strada Urbana;VIA DELLA CAPPELLETTA DELLA GIUSTINIANA;in prossimità;;del civico n.;21;;Scontro laterale fra veicoli in marcia;Rettilineo;Una carreggiata a senso unico di marcia;Asciutto;Asfaltata;Verticale ed orizzontale;Nuvoloso;Normale;Sufficiente;;0;0;0;3;12.4066;41.986;-1;1;Autovettura privata;In marcia / fermata / arresto;Passeggero;F;Illeso;0;;Non accertato;
5365472;20;12/04/2021 11:30:00;Strada Urbana;VIA DELLA CAPPELLETTA DELLA GIUSTINIANA;in prossimità;;del civico n.;21;;Scontro laterale fra veicoli in marcia;Rettilineo;Una carreggiata a senso unico di marcia;Asciutto;Asfaltata;Verticale ed orizzontale;Nuvoloso;Normale;Sufficiente;;0;0;0;3;12.4066;41.986;-1;2;Autovettura privata;In marcia / fermata / arresto;Conducente;F;Illeso;0;;Non accertato;
5365476;5;12/04/2021 19:35:00;Strada Urbana;PIAZZA DI S. MARIA CONSOLATRICE;in corrispondenza;;del civico n.;5;;Scontro laterale fra veicoli in marcia;Rettilineo;Una carreggiata a senso unico di marcia;Bagnato (pioggia);Asfaltata;Verticale ed orizzontale;Pioggia in atto;Normale;Buona;;0;0;0;2;12.5358;41.8978;-1;1;Motociclo a solo;In marcia / fermata / arresto;Conducente;M;Illeso;0;;Non accertato;
5365476;5;12/04/2021 19:35:00;Strada Urbana;PIAZZA DI S. MARIA CONSOLATRICE;in corrispondenza;;del civico n.;5;;Scontro laterale fra veicoli in marcia;Rettilineo;Una carreggiata a senso unico di marcia;Bagnato (pioggia);Asfaltata;Verticale ed orizzontale;Pioggia in atto;Normale;Buona;;0;0;0;2;12.5358;41.8978;-1;2;Autovettura privata;In marcia / fermata / arresto;Conducente;F;Illeso;0;;Non accertato;
5365478;8;12/04/2021 17:15:00;Provinciale entro l'abitato;VIA SANTA MARIA CAPUA VETERE;da specificare;;;;in prossimità di via Prenestina;Scontro laterale fra veicoli in marcia;Rettilineo;Una carreggiata a doppio senso;Bagnato (pioggia);Asfaltata;Verticale;Pioggia in atto;Normale;Sufficiente;;0;0;0;1;12.6495;41.8914;-1;1;Autovettura privata;In marcia / fermata / arresto;Conducente;F;Illeso;0;;Non accertato;Inesploso
5365478;8;12/04/2021 17:15:00;Provinciale entro l'abitato;VIA SANTA MARIA CAPUA VETERE;da specificare;;;;in prossimità di via Prenestina;Scontro laterale fra veicoli in marcia;Rettilineo;Una carreggiata a doppio senso;Bagnato (pioggia);Asfaltata;Verticale;Pioggia in atto;Normale;Sufficiente;;0;0;0;1;12.6495;41.8914;-1;2;Autovettura privata;In marcia / fermata / arresto;;;;;;;
5365486;4;12/04/2021 14:40:00;Statale entro l'abitato;VIA SALARIA;da specificare;;;;prossimità fronte civico 1177;Veicolo in marcia contro veicolo arresto;Rettilineo;Due carreggiate;Bagnato (pioggia);Asfaltata;Verticale ed orizzontale;Pioggia in atto;Normale;Buona;;2;0;0;1;13.0816;42.4174;-1;1;Autovettura privata;In marcia / fermata / arresto;Conducente;F;Rimandato;0;NON DECEDUTO;Non accertato;Inesploso
5365486;4;12/04/2021 14:40:00;Statale entro l'abitato;VIA SALARIA;da specificare;;;;prossimità fronte civico 1177;Veicolo in marcia contro veicolo arresto;Rettilineo;Due carreggiate;Bagnato (pioggia);Asfaltata;Verticale ed orizzontale;Pioggia in atto;Normale;Buona;;2;0;0;1;13.0816;42.4174;-1;1;Autovettura privata;In marcia / fermata / arresto;Passeggero;F;Rimandato;0;NON DECEDUTO;Non accertato;Inesploso
5365486;4;12/04/2021 14:40:00;Statale entro l'abitato;VIA SALARIA;da specificare;;;;prossimità fronte civico 1177;Veicolo in marcia contro veicolo arresto;Rettilineo;Due carreggiate;Bagnato (pioggia);Asfaltata;Verticale ed orizzontale;Pioggia in atto;Normale;Buona;;2;0;0;1;13.0816;42.4174;-1;2;Autovettura privata;In marcia / fermata / arresto;Conducente;F;Illeso;0;;Non accertato;Inesploso
5365489;8;12/04/2021 17:30:00;Strada Urbana;VIALE DELL'ARCHIGINNASIO;da specificare;;;;rotatoria viale Guido Carli;Scontro laterale fra veicoli in marcia;Rotatoria;Una carreggiata a senso unico di marcia;Bagnato (pioggia);Asfaltata;Verticale ed orizzontale;Pioggia in atto;Normale;Buona;;0;0;0;2;12.6417;41.8421;-1;1;Autovettura privata;In marcia / fermata / arresto;Conducente;F;Illeso;0;;Non accertato;Inesploso
5365489;8;12/04/2021 17:30:00;Strada Urbana;VIALE DELL'ARCHIGINNASIO;da specificare;;;;rotatoria viale Guido Carli;Scontro laterale fra veicoli in marcia;Rotatoria;Una carreggiata a senso unico di marcia;Bagnato (pioggia);Asfaltata;Verticale ed orizzontale;Pioggia in atto;Normale;Buona;;0;0;0;2;12.6417;41.8421;-1;2;Autovettura privata;In marcia / fermata / arresto;Conducente;M;Illeso;0;;Non accertato;Inesploso
5365494;4;12/04/2021 12:10:00;Strada Urbana;VIA ALTAGNANA;all'intersezione con;VIA S. GENNARO;VIA S. GENNARO;;;Scontro laterale fra veicoli in marcia;Intersezione stradale segnalata;Una carreggiata a doppio senso;Bagnato (pioggia);Asfaltata;Verticale ed orizzontale;Nuvoloso;Scarso;Buona;;0;0;0;2;12.5159;41.977;-1;1;Autovettura privata;In marcia / fermata / arresto;Conducente;M;Illeso;0;;Non accertato;Esploso
5365494;4;12/04/2021 12:10:00;Strada Urbana;VIA ALTAGNANA;all'intersezione con;VIA S. GENNARO;VIA S. GENNARO;;;Scontro laterale fra veicoli in marcia;Intersezione stradale segnalata;Una carreggiata a doppio senso;Bagnato (pioggia);Asfaltata;Verticale ed orizzontale;Nuvoloso;Scarso;Buona;;0;0;0;2;12.5159;41.977;-1;2;Autovettura privata;In marcia / fermata / arresto;Conducente;M;Illeso;0;;Non accertato;
5365498;9;12/04/2021 16:30:00;Strada Urbana;PIAZZA EPIRO;da specificare;;;;FR. MAURITANIA;Scontro laterale fra veicoli in marcia;Rettilineo;Una carreggiata a senso unico di marcia;Bagnato (pioggia);Asfaltata;Verticale ed orizzontale;Pioggia in atto;Normale;Buona;;0;0;0;2;12.5042;41.8788;-1;1;Autovettura privata;In marcia / fermata / arresto;Conducente;M;Illeso;0;;Non accertato;Inesploso
5365498;9;12/04/2021 16:30:00;Strada Urbana;PIAZZA EPIRO;da specificare;;;;FR. MAURITANIA;Scontro laterale fra veicoli in marcia;Rettilineo;Una carreggiata a senso unico di marcia;Bagnato (pioggia);Asfaltata;Verticale ed orizzontale;Pioggia in atto;Normale;Buona;;0;0;0;2;12.5042;41.8788;-1;2;Motociclo a solo;In marcia / fermata / arresto;Conducente;M;Illeso;0;;Non accertato;
5365505;8;12/04/2021 17:30:00;Strada Urbana;VIA CASILINA;in prossimità;;del civico n.;1390;;Scontro laterale fra veicoli in marcia;Rettilineo;Una carreggiata a doppio senso;Bagnato (pioggia);Asfaltata;Orizzontale;Pioggia in atto;Normale;Buona;;0;0;0;4;12.618;41.8631;-1;1;Autocarro inferiore 35 q.;In marcia / fermata / arresto;Conducente;M;Illeso;0;;;
5365505;8;12/04/2021 17:30:00;Strada Urbana;VIA CASILINA;in prossimità;;del civico n.;1390;;Scontro laterale fra veicoli in marcia;Rettilineo;Una carreggiata a doppio senso;Bagnato (pioggia);Asfaltata;Orizzontale;Pioggia in atto;Normale;Buona;;0;0;0;4;12.618;41.8631;-1;1;Autocarro inferiore 35 q.;In marcia / fermata / arresto;Passeggero;M;Illeso;0;;;
5365505;8;12/04/2021 17:30:00;Strada Urbana;VIA CASILINA;in prossimità;;del civico n.;1390;;Scontro laterale fra veicoli in marcia;Rettilineo;Una carreggiata a doppio senso;Bagnato (pioggia);Asfaltata;Orizzontale;Pioggia in atto;Normale;Buona;;0;0;0;4;12.618;41.8631;-1;2;Motociclo con passeggero;In marcia / fermata / arresto;Conducente;M;Illeso;0;;;
5365505;8;12/04/2021 17:30:00;Strada Urbana;VIA CASILINA;in prossimità;;del civico n.;1390;;Scontro laterale fra veicoli in marcia;Rettilineo;Una carreggiata a doppio senso;Bagnato (pioggia);Asfaltata;Orizzontale;Pioggia in atto;Normale;Buona;;0;0;0;4;12.618;41.8631;-1;2;Motociclo con passeggero;In marcia / fermata / arresto;Passeggero;M;Illeso;0;;;
5365514;13;12/04/2021 18:35:00;Strada Urbana;PIAZZA UMBERTO CARDANI;all'intersezione con;VIA ALBERICO CRESCITELLI;VIA ALBERICO CRESCITELLI;;;Scontro frontale/laterale SX fra veicoli in marcia;Incrocio;Una carreggiata a doppio senso;Bagnato (pioggia);Asfaltata;Verticale;Pioggia in atto;Normale;Buona;;1;0;0;1;12.3564;41.7638;-1;1;Autovettura privata;In marcia / fermata / arresto;Conducente;M;Illeso;0;;;Esploso
5365514;13;12/04/2021 18:35:00;Strada Urbana;PIAZZA UMBERTO CARDANI;all'intersezione con;VIA ALBERICO CRESCITELLI;VIA ALBERICO CRESCITELLI;;;Scontro frontale/laterale SX fra veicoli in marcia;Incrocio;Una carreggiata a doppio senso;Bagnato (pioggia);Asfaltata;Verticale;Pioggia in atto;Normale;Buona;;1;0;0;1;12.3564;41.7638;-1;2;Autovettura privata;In marcia / fermata / arresto;Conducente;M;Rimandato;0;NON DECEDUTO;;
5365514;13;12/04/2021 18:35:00;Strada Urbana;PIAZZA UMBERTO CARDANI;all'intersezione con;VIA ALBERICO CRESCITELLI;VIA ALBERICO CRESCITELLI;;;Scontro frontale/laterale SX fra veicoli in marcia;Incrocio;Una carreggiata a doppio senso;Bagnato (pioggia);Asfaltata;Verticale;Pioggia in atto;Normale;Buona;;1;0;0;1;12.3564;41.7638;-1;3;Autovettura privata;Sosta;;;;;;;
5365519;5;12/04/2021 23:50:00;Strada Urbana;VIA DEI MONTI TIBURTINI;da specificare;;;;altezza via Seguenza;Veicolo in marcia contro ostacolo accidentale;Rettilineo;Due carreggiate;Bagnato (pioggia);Asfaltata;Verticale ed orizzontale;Pioggia in atto;Scarso;Sufficiente;;0;0;0;2;12.5371;41.9191;-1;1;Autovettura privata;In marcia / fermata / arresto;Conducente;M;Illeso;0;;Non accertato;Inesploso
5365519;5;12/04/2021 23:50:00;Strada Urbana;VIA DEI MONTI TIBURTINI;da specificare;;;;altezza via Seguenza;Veicolo in marcia contro ostacolo accidentale;Rettilineo;Due carreggiate;Bagnato (pioggia);Asfaltata;Verticale ed orizzontale;Pioggia in atto;Scarso;Sufficiente;;0;0;0;2;12.5371;41.9191;-1;1;Autovettura privata;In marcia / fermata / arresto;Passeggero;M;Illeso;0;;Non accertato;
5365523;8;12/04/2021 19:00:00;Strada Urbana;VIA OROTELLI;in corrispondenza;;del civico n.;24;;Scontro frontale fra veicoli in marcia;Rettilineo;Una carreggiata a doppio senso;Bagnato (pioggia);Asfaltata;Verticale;Pioggia in atto;Scarso;Sufficiente;;0;0;0;1;12.6828;41.8863;-1;1;Autovettura privata;In marcia / fermata / arresto;Conducente;M;Illeso;0;;Non accertato;Inesploso
5365523;8;12/04/2021 19:00:00;Strada Urbana;VIA OROTELLI;in corrispondenza;;del civico n.;24;;Scontro frontale fra veicoli in marcia;Rettilineo;Una carreggiata a doppio senso;Bagnato (pioggia);Asfaltata;Verticale;Pioggia in atto;Scarso;Sufficiente;;0;0;0;1;12.6828;41.8863;-1;2;Autovettura privata;Allontanatosi;;;;;;;
5365531;6;12/04/2021 17:30:00;Strada Urbana;VIA CASILINA;da specificare;;;;a.c. 665;Scontro laterale fra veicoli in marcia;Rettilineo;Una carreggiata a senso unico di marcia;Bagnato (pioggia);Asfaltata;Verticale ed orizzontale;Pioggia in atto;Normale;Sufficiente;;0;0;0;2;12.5505;41.8775;-1;1;Autovettura privata;In marcia / fermata / arresto;Conducente;M;Illeso;0;;;
5365531;6;12/04/2021 17:30:00;Strada Urbana;VIA CASILINA;da specificare;;;;a.c. 665;Scontro laterale fra veicoli in marcia;Rettilineo;Una carreggiata a senso unico di marcia;Bagnato (pioggia);Asfaltata;Verticale ed orizzontale;Pioggia in atto;Normale;Sufficiente;;0;0;0;2;12.5505;41.8775;-1;2;Autovettura privata;In marcia / fermata / arresto;Conducente;F;Illeso;0;;;
5365536;7;12/04/2021 10:45:00;Strada Urbana;VIA PRENESTINA;in corrispondenza;;del civico n.;1049;;Tamponamento Multiplo;Rettilineo;Una carreggiata a doppio senso;Asciutto;Asfaltata;Verticale ed orizzontale;Nuvoloso;Normale;Buona;;0;0;0;3;12.6086;41.8937;-1;1;Autovettura privata;In marcia / fermata / arresto;Conducente;F;Illeso;0;;;Inesploso
5365536;7;12/04/2021 10:45:00;Strada Urbana;VIA PRENESTINA;in corrispondenza;;del civico n.;1049;;Tamponamento Multiplo;Rettilineo;Una carreggiata a doppio senso;Asciutto;Asfaltata;Verticale ed orizzontale;Nuvoloso;Normale;Buona;;0;0;0;3;12.6086;41.8937;-1;2;Autovettura privata;In marcia / fermata / arresto;Conducente;M;Illeso;0;;;
5365536;7;12/04/2021 10:45:00;Strada Urbana;VIA PRENESTINA;in corrispondenza;;del civico n.;1049;;Tamponamento Multiplo;Rettilineo;Una carreggiata a doppio senso;Asciutto;Asfaltata;Verticale ed orizzontale;Nuvoloso;Normale;Buona;;0;0;0;3;12.6086;41.8937;-1;3;Autovettura privata;In marcia / fermata / arresto;Conducente;F;Illeso;0;;;
5365550;1;12/04/2021 18:30:00;Strada Urbana;VIA URBANA;in prossimità;;del civico n.;154;;Veicolo in marcia contro veicoli in sosta;;;;;;;;;;0;0;0;0;12.4955;41.8978;0;1;Ciclomotore;Sosta;;;;;;;
5365550;1;12/04/2021 18:30:00;Strada Urbana;VIA URBANA;in prossimità;;del civico n.;154;;Veicolo in marcia contro veicoli in sosta;;;;;;;;;;0;0;0;0;12.4955;41.8978;0;2;Motociclo a solo;Sosta;;;;;;;
5365550;1;12/04/2021 18:30:00;Strada Urbana;VIA URBANA;in prossimità;;del civico n.;154;;Veicolo in marcia contro veicoli in sosta;;;;;;;;;;0;0;0;0;12.4955;41.8978;0;3;Motociclo a solo;Sosta;;;;;;;
5365550;1;12/04/2021 18:30:00;Strada Urbana;VIA URBANA;in prossimità;;del civico n.;154;;Veicolo in marcia contro veicoli in sosta;;;;;;;;;;0;0;0;0;12.4955;41.8978;0;4;Autovettura privata;Allontanatosi;;;;;;;
5365582;18;12/04/2021 12:00:00;Strada Urbana;VIA TROFARELLO;all'intersezione con;VIA STUPINIGI;VIA STUPINIGI;;;Scontro frontale/laterale DX fra veicoli in marcia;Intersezione stradale segnalata;Una carreggiata a doppio senso;Asciutto;Asfaltata;Verticale ed orizzontale;Sereno;Scarso;Buona;;0;0;0;2;12.3672;41.9129;-1;1;Motociclo a solo;In marcia / fermata / arresto;Conducente;M;Illeso;0;;Non accertato;
5365582;18;12/04/2021 12:00:00;Strada Urbana;VIA TROFARELLO;all'intersezione con;VIA STUPINIGI;VIA STUPINIGI;;;Scontro frontale/laterale DX fra veicoli in marcia;Intersezione stradale segnalata;Una carreggiata a doppio senso;Asciutto;Asfaltata;Verticale ed orizzontale;Sereno;Scarso;Buona;;0;0;0;2;12.3672;41.9129;-1;2;Autovettura privata;In marcia / fermata / arresto;Conducente;F;Illeso;0;;Non accertato;Inesploso
5365639;18;12/04/2021 18:00:00;Strada Urbana;VIA S. SECONDA;in corrispondenza;;del civico n.;57;;Veicolo in marcia contro ostacolo fisso;Rettilineo;Una carreggiata a doppio senso;Bagnato (pioggia);Asfaltata;Verticale ed orizzontale;Pioggia in atto;Normale;Buona;;0;0;0;1;12.3658;41.9196;-1;1;Autovettura privata;In marcia / fermata / arresto;Conducente;M;Illeso;0;;;
5365644;7;12/04/2021 16:20:00;Strada Urbana;VIA SALVIATI;da specificare;;;;prossimità via di tor cervara;Tamponamento;Rettilineo;Una carreggiata a doppio senso;Bagnato (pioggia);Asfaltata;Verticale ed orizzontale;Pioggia in atto;Normale;Buona;;1;0;0;3;12.5824;41.9062;-1;1;Autovettura privata;In marcia / fermata / arresto;Conducente;M;Rimandato;0;NON DECEDUTO;Non accertato;Inesploso
5365644;7;12/04/2021 16:20:00;Strada Urbana;VIA SALVIATI;da specificare;;;;prossimità via di tor cervara;Tamponamento;Rettilineo;Una carreggiata a doppio senso;Bagnato (pioggia);Asfaltata;Verticale ed orizzontale;Pioggia in atto;Normale;Buona;;1;0;0;3;12.5824;41.9062;-1;1;Autovettura privata;In marcia / fermata / arresto;Passeggero;M;Illeso;0;;Non accertato;Inesploso
5365644;7;12/04/2021 16:20:00;Strada Urbana;VIA SALVIATI;da specificare;;;;prossimità via di tor cervara;Tamponamento;Rettilineo;Una carreggiata a doppio senso;Bagnato (pioggia);Asfaltata;Verticale ed orizzontale;Pioggia in atto;Normale;Buona;;1;0;0;3;12.5824;41.9062;-1;2;Autovettura privata;In marcia / fermata / arresto;Conducente;M;Illeso;0;;Non accertato;Inesploso
5365644;7;12/04/2021 16:20:00;Strada Urbana;VIA SALVIATI;da specificare;;;;prossimità via di tor cervara;Tamponamento;Rettilineo;Una carreggiata a doppio senso;Bagnato (pioggia);Asfaltata;Verticale ed orizzontale;Pioggia in atto;Normale;Buona;;1;0;0;3;12.5824;41.9062;-1;2;Autovettura privata;In marcia / fermata / arresto;Passeggero;M;Illeso;0;;;
5365679;1;12/04/2021 20:20:00;Strada Urbana;BELVEDERE NICCOLÒ SCATOLI;in prossimità;;del palo luce n.;2;;Tamponamento;Curva a visuale libera;Una carreggiata a doppio senso;Bagnato (pioggia);In cubetti di porfido;Orizzontale;Pioggia in atto;Scarso;Buona;;0;0;0;2;12.464;41.889;0;1;Autovettura privata;In marcia / fermata / arresto;Conducente;M;Illeso;0;;Non accertato;Inesploso
5365679;1;12/04/2021 20:20:00;Strada Urbana;BELVEDERE NICCOLÒ SCATOLI;in prossimità;;del palo luce n.;2;;Tamponamento;Curva a visuale libera;Una carreggiata a doppio senso;Bagnato (pioggia);In cubetti di porfido;Orizzontale;Pioggia in atto;Scarso;Buona;;0;0;0;2;12.464;41.889;0;2;Autovettura privata;In marcia / fermata / arresto;Conducente;M;Illeso;0;;Non accertato;Inesploso
5365722;17;12/04/2021 18:50:00;Strada Urbana;VIA CICERONE;all'intersezione con;VIA VALADIER;VIA VALADIER;;;Investimento di pedone;Incrocio;Una carreggiata a doppio senso;Bagnato (pioggia);Asfaltata;Verticale ed orizzontale;Pioggia in atto;Intenso;Sufficiente;;1;0;0;2;12.4686;41.9072;-1;;;;Pedone;F;Rifiuta cure immediate;0;NON DECEDUTO;;
5365722;17;12/04/2021 18:50:00;Strada Urbana;VIA CICERONE;all'intersezione con;VIA VALADIER;VIA VALADIER;;;Investimento di pedone;Incrocio;Una carreggiata a doppio senso;Bagnato (pioggia);Asfaltata;Verticale ed orizzontale;Pioggia in atto;Intenso;Sufficiente;;1;0;0;2;12.4686;41.9072;-1;1;Autovettura privata;In marcia / fermata / arresto;Conducente;F;Illeso;0;;;
5365722;17;12/04/2021 18:50:00;Strada Urbana;VIA CICERONE;all'intersezione con;VIA VALADIER;VIA VALADIER;;;Investimento di pedone;Incrocio;Una carreggiata a doppio senso;Bagnato (pioggia);Asfaltata;Verticale ed orizzontale;Pioggia in atto;Intenso;Sufficiente;;1;0;0;2;12.4686;41.9072;-1;1;Autovettura privata;In marcia / fermata / arresto;Passeggero;M;Illeso;0;;;
5365734;7;13/04/2021 01:30:00;Strada Urbana;VIA DELLE BETULLE;in corrispondenza;;del civico n.;130;;Veicolo in marcia contro veicolo in sosta;Rettilineo;Due carreggiate;Bagnato (umidità in atto);Asfaltata;Orizzontale;Sereno;Scarso;Buona;;0;0;0;1;12.5636;41.8875;-1;1;Autovettura privata;In marcia / fermata / arresto;Conducente;M;Illeso;0;;;
5365734;7;13/04/2021 01:30:00;Strada Urbana;VIA DELLE BETULLE;in corrispondenza;;del civico n.;130;;Veicolo in marcia contro veicolo in sosta;Rettilineo;Due carreggiate;Bagnato (umidità in atto);Asfaltata;Orizzontale;Sereno;Scarso;Buona;;0;0;0;1;12.5636;41.8875;-1;2;Autovettura privata;Sosta;;;;;;;
5365745;2;13/04/2021 09:30:00;Strada Urbana;VIA PANAMA;in prossimità;;del civico n.;78;;Scontro laterale fra veicoli in marcia;Curva a visuale libera;Una carreggiata a doppio senso;Asciutto;Asfaltata;Verticale ed orizzontale;Sereno;Normale;Buona;;1;0;0;1;12.4972;41.9251;-1;1;Motociclo a solo;In marcia / fermata / arresto;Conducente;M;Rimandato;0;NON DECEDUTO;Non accertato;Inesistente
5365745;2;13/04/2021 09:30:00;Strada Urbana;VIA PANAMA;in prossimità;;del civico n.;78;;Scontro laterale fra veicoli in marcia;Curva a visuale libera;Una carreggiata a doppio senso;Asciutto;Asfaltata;Verticale ed orizzontale;Sereno;Normale;Buona;;1;0;0;1;12.4972;41.9251;-1;2;Autovettura privata;In marcia / fermata / arresto;Conducente;F;Illeso;0;;;
5365766;16;12/04/2021 10:00:00;Strada Urbana;VIA CAMILLO DE LELLIS;all'intersezione con;VIA PIETRO D'ASSISI;VIA PIETRO D'ASSISI;;;Veicolo in marcia contro veicoli in sosta;Incrocio;Due carreggiate;Asciutto;Asfaltata;Verticale;Nuvoloso;Normale;Buona;;1;0;0;2;12.4506;41.8692;-1;1;Autovettura privata;In marcia / fermata / arresto;Conducente;F;Rimandato;0;NON DECEDUTO;Non accertato;Inesploso
5365766;16;12/04/2021 10:00:00;Strada Urbana;VIA CAMILLO DE LELLIS;all'intersezione con;VIA PIETRO D'ASSISI;VIA PIETRO D'ASSISI;;;Veicolo in marcia contro veicoli in sosta;Incrocio;Due carreggiate;Asciutto;Asfaltata;Verticale;Nuvoloso;Normale;Buona;;1;0;0;2;12.4506;41.8692;-1;2;Autovettura privata;In marcia / fermata / arresto;Conducente;M;Illeso;0;;Non accertato;Inesploso
5365766;16;12/04/2021 10:00:00;Strada Urbana;VIA CAMILLO DE LELLIS;all'intersezione con;VIA PIETRO D'ASSISI;VIA PIETRO D'ASSISI;;;Veicolo in marcia contro veicoli in sosta;Incrocio;Due carreggiate;Asciutto;Asfaltata;Verticale;Nuvoloso;Normale;Buona;;1;0;0;2;12.4506;41.8692;-1;2;Autovettura privata;In marcia / fermata / arresto;Passeggero;M;Illeso;0;;Non accertato;Inesploso
5365766;16;12/04/2021 10:00:00;Strada Urbana;VIA CAMILLO DE LELLIS;all'intersezione con;VIA PIETRO D'ASSISI;VIA PIETRO D'ASSISI;;;Veicolo in marcia contro veicoli in sosta;Incrocio;Due carreggiate;Asciutto;Asfaltata;Verticale;Nuvoloso;Normale;Buona;;1;0;0;2;12.4506;41.8692;-1;3;Autovettura privata;Sosta;;;;;;;
5365766;16;12/04/2021 10:00:00;Strada Urbana;VIA CAMILLO DE LELLIS;all'intersezione con;VIA PIETRO D'ASSISI;VIA PIETRO D'ASSISI;;;Veicolo in marcia contro veicoli in sosta;Incrocio;Due carreggiate;Asciutto;Asfaltata;Verticale;Nuvoloso;Normale;Buona;;1;0;0;2;12.4506;41.8692;-1;4;Autovettura privata;Sosta;;;;;;;
5365766;16;12/04/2021 10:00:00;Strada Urbana;VIA CAMILLO DE LELLIS;all'intersezione con;VIA PIETRO D'ASSISI;VIA PIETRO D'ASSISI;;;Veicolo in marcia contro veicoli in sosta;Incrocio;Due carreggiate;Asciutto;Asfaltata;Verticale;Nuvoloso;Normale;Buona;;1;0;0;2;12.4506;41.8692;-1;5;Autovettura privata;Sosta;;;;;;;
5365823;10;12/04/2021 15:00:00;Strada Urbana;VIA RAIMONDO SCINTU;da specificare;;;;alt. rotatoria Torre Spaccata dir. V.le Togliatti;Veicolo in marcia contro veicolo in sosta;Curva senza visuale libera;Due carreggiate;Bagnato (umidità in atto);Asfaltata;Verticale ed orizzontale;Nuvoloso;Scarso;Buona;;0;0;0;1;12.5819;41.8525;-1;1;Autovettura privata;Sosta;;;;;;;
5365823;10;12/04/2021 15:00:00;Strada Urbana;VIA RAIMONDO SCINTU;da specificare;;;;alt. rotatoria Torre Spaccata dir. V.le Togliatti;Veicolo in marcia contro veicolo in sosta;Curva senza visuale libera;Due carreggiate;Bagnato (umidità in atto);Asfaltata;Verticale ed orizzontale;Nuvoloso;Scarso;Buona;;0;0;0;1;12.5819;41.8525;-1;2;Autovettura privata;In marcia / fermata / arresto;Conducente;M;Illeso;0;;Non accertato;Inesploso
5365823;10;12/04/2021 15:00:00;Strada Urbana;VIA RAIMONDO SCINTU;da specificare;;;;alt. rotatoria Torre Spaccata dir. V.le Togliatti;Veicolo in marcia contro veicolo in sosta;Curva senza visuale libera;Due carreggiate;Bagnato (umidità in atto);Asfaltata;Verticale ed orizzontale;Nuvoloso;Scarso;Buona;;0;0;0;1;12.5819;41.8525;-1;3;Autovettura privata;Sosta;;;;;;;
5365826;3;12/04/2021 09:25:00;Strada Urbana;VIA GIOVANNI BATTISTA MORGAGNI;all'intersezione con;VIALE REGINA MARGHERITA;VIALE REGINA MARGHERITA;;;Scontro laterale fra veicoli in marcia;Intersezione semaforizzata;Più di due carreggiate;Bagnato (umidità in atto);Asfaltata;Verticale ed orizzontale;Nuvoloso;Normale;Buona;;0;0;0;2;12.5105;41.9099;-1;1;Autovettura privata;In marcia / fermata / arresto;Conducente;F;Illeso;0;;;
5365826;3;12/04/2021 09:25:00;Strada Urbana;VIA GIOVANNI BATTISTA MORGAGNI;all'intersezione con;VIALE REGINA MARGHERITA;VIALE REGINA MARGHERITA;;;Scontro laterale fra veicoli in marcia;Intersezione semaforizzata;Più di due carreggiate;Bagnato (umidità in atto);Asfaltata;Verticale ed orizzontale;Nuvoloso;Normale;Buona;;0;0;0;2;12.5105;41.9099;-1;2;Motociclo a solo;In marcia / fermata / arresto;Conducente;F;Illeso;0;;;
5365849;3;12/04/2021 13:00:00;Strada Urbana;CIRCONVALLAZIONE TIBURTINA;da specificare;;;;direzione S. Giovanni (fronte Easy box );Tamponamento Multiplo;Rettilineo;Più di due carreggiate;Asciutto;Asfaltata;Verticale ed orizzontale;Nuvoloso;Normale;Buona;;1;0;0;2;12.528;41.8994;-1;1;Autovettura privata;In marcia / fermata / arresto;Conducente;M;Illeso;0;;;