Protocollo;Gruppo;DataOraIncidente;Localizzazione1;STRADA1;Localizzazione2;STRADA2;Strada02;Chilometrica;DaSpecificare;NaturaIncidente;particolaritastrade;TipoStrada;FondoStradale;Pavimentazione;Segnaletica;CondizioneAtmosferica;Traffico;Visibilita;Illuminazione;NUM_FERITI;NUM_RISERVATA;NUM_MORTI;NUM_ILLESI;Longitude;Latitude;Confermato;Progressivo;TipoVeicolo;StatoVeicolo;TipoPersona;Sesso;Tipolesione;Deceduto;DecedutoDopo;CinturaCascoUtilizzato;Airbag;
5366735;6;13/04/2021 16:20:00;Strada Urbana;VIA CRISTOFORO BUONDELMONTI;all'intersezione con;VIA ADRIANO BALBI;VIA ADRIANO BALBI;;;Scontro frontale/laterale SX fra veicoli in marcia;Incrocio;Una carreggiata a senso unico di marcia;Bagnato (pioggia);Asfaltata;Verticale ed orizzontale;Nuvoloso;Normale;Buona;;0;0;0;2;12.5318;41.8861;-1;1;Autovettura privata;In marcia / fermata / arresto;Conducente;M;Illeso;0;;;
5366735;6;13/04/2021 16:20:00;Strada Urbana;VIA CRISTOFORO BUONDELMONTI;all'intersezione con;VIA ADRIANO BALBI;VIA ADRIANO BALBI;;;Scontro frontale/laterale SX fra veicoli in marcia;Incrocio;Una carreggiata a senso unico di marcia;Bagnato (pioggia);Asfaltata;Verticale ed orizzontale;Nuvoloso;Normale;Buona;;0;0;0;2;12.5318;41.8861;-1;2;Autocarro inferiore 35 q.;In marcia / fermata / arresto;Conducente;M;Illeso;0;;;
5366902;8;13/04/2021 07:30:00;Strada Urbana;VIA CASILINA;all'intersezione con;VIA DEL CASALE DEL FINOCCHIO;VIA DEL CASALE DEL FINOCCHIO;;;Scontro laterale fra veicoli in marcia;Intersezione stradale segnalata;Una carreggiata a doppio senso;Bagnato (umidità in atto);Asfaltata;Verticale ed orizzontale;Nuvoloso;Normale;Buona;;0;1;0;2;12.6212;41.8626;-1;1;Autovettura privata;In marcia / fermata / arresto;Conducente;M;Illeso;0;;;
5366902;8;13/04/2021 07:30:00;Strada Urbana;VIA CASILINA;all'intersezione con;VIA DEL CASALE DEL FINOCCHIO;VIA DEL CASALE DEL FINOCCHIO;;;Scontro laterale fra veicoli in marcia;Intersezione stradale segnalata;Una carreggiata a doppio senso;Bagnato (umidità in atto);Asfaltata;Verticale ed orizzontale;Nuvoloso;Normale;Buona;;0;1;0;2;12.6212;41.8626;-1;1;Autovettura privata;In marcia / fermata / arresto;Passeggero;F;Illeso;0;;;
5366902;8;13/04/2021 07:30:00;Strada Urbana;VIA CASILINA;all'intersezione con;VIA DEL CASALE DEL FINOCCHIO;VIA DEL CASALE DEL FINOCCHIO;;;Scontro laterale fra veicoli in marcia;Intersezione stradale segnalata;Una carreggiata a doppio senso;Bagnato (umidità in atto);Asfaltata;Verticale ed orizzontale;Nuvoloso;Normale;Buona;;0;1;0;2;12.6212;41.8626;-1;2;Motociclo a solo;In marcia / fermata / arresto;Conducente;M;Prognosi riservata;0;NON DECEDUTO;;
5366903;8;13/04/2021 12:45:00;Strada Urbana;VIA CASILINA;all'intersezione con;VIA DELLE DUE TORRI;VIA DELLE DUE TORRI;;;Scontro frontale fra veicoli in marcia;Intersezione semaforizzata;Una carreggiata a doppio senso;Asciutto;Asfaltata;Verticale ed orizzontale;Sereno;Normale;Buona;;1;0;0;2;12.651;41.8633;-1;1;Autovettura privata;In marcia / fermata / arresto;Conducente;M;Illeso;0;;Non accertato;Esploso
5366903;8;13/04/2021 12:45:00;Strada Urbana;VIA CASILINA;all'intersezione con;VIA DELLE DUE TORRI;VIA DELLE DUE TORRI;;;Scontro frontale fra veicoli in marcia;Intersezione semaforizzata;Una carreggiata a doppio senso;Asciutto;Asfaltata;Verticale ed orizzontale;Sereno;Normale;Buona;;1;0;0;2;12.651;41.8633;-1;1;Autovettura privata;In marcia / fermata / arresto;Passeggero;F;Rimandato;0;NON DECEDUTO;Non accertato;Esploso
5366903;8;13/04/2021 12:45:00;Strada Urbana;VIA CASILINA;all'intersezione con;VIA DELLE DUE TORRI;VIA DELLE DUE TORRI;;;Scontro frontale fra veicoli in marcia;Intersezione semaforizzata;Una carreggiata a doppio senso;Asciutto;Asfaltata;Verticale ed orizzontale;Sereno;Normale;Buona;;1;0;0;2;12.651;41.8633;-1;2;Autovettura privata;In marcia / fermata / arresto;Conducente;F;Illeso;0;;Non accertato;Esploso
5366904;8;13/04/2021 15:00:00;Strada Urbana;VIA SELLIA;all'intersezione con;VIA DOMANICO;VIA DOMANICO;;;Scontro frontale/laterale DX fra veicoli in marcia;Incrocio;Una carreggiata a doppio senso;Bagnato (pioggia);Con buche;Verticale;Pioggia in atto;Scarso;Buona;;0;0;0;3;12.6864;41.8717;-1;1;Autovettura privata;In marcia / fermata / arresto;Conducente;M;Illeso;0;;Non accertato;Inesploso
5366904;8;13/04/2021 15:00:00;Strada Urbana;VIA SELLIA;all'intersezione con;VIA DOMANICO;VIA DOMANICO;;;Scontro frontale/laterale DX fra veicoli in marcia;Incrocio;Una carreggiata a doppio senso;Bagnato (pioggia);Con buche;Verticale;Pioggia in atto;Scarso;Buona;;0;0;0;3;12.6864;41.8717;-1;1;Autovettura privata;In marcia / fermata / arresto;Passeggero;M;Illeso;0;;Non accertato;Inesploso
5366904;8;13/04/2021 15:00:00;Strada Urbana;VIA SELLIA;all'intersezione con;VIA DOMANICO;VIA DOMANICO;;;Scontro frontale/laterale DX fra veicoli in marcia;Incrocio;Una carreggiata a doppio senso;Bagnato (pioggia);Con buche;Verticale;Pioggia in atto;Scarso;Buona;;0;0;0;3;12.6864;41.8717;-1;2;Autovettura privata;In marcia / fermata / arresto;Conducente;M;Illeso;0;;Non accertato;Inesploso
5366905;8;13/04/2021 15:30:00;Strada Urbana;VIA ERCOLE BAZZICALUVA;in corrispondenza;;del civico n.;12;;Veicolo in marcia contro ostacolo fisso;Rettilineo;Una carreggiata a doppio senso;Bagnato (pioggia);Asfaltata;Assente;Pioggia in atto;Normale;Sufficiente;;0;0;0;1;12.6018;41.8588;-1;1;Autovettura privata;In marcia / fermata / arresto;Conducente;M;Illeso;0;;Non accertato;Inesploso
5366906;8;13/04/2021 16:00:00;Strada Urbana;VIA VIZZINI;da specificare;;;;all'intersezione con VIA LINGUAGLOSSA;Scontro frontale fra veicoli in marcia;Rettilineo;Una carreggiata a doppio senso;Bagnato (pioggia);Asfaltata;Assente;Pioggia in atto;Scarso;Buona;;0;0;0;4;12.6809;41.8628;-1;1;Autovettura privata;In marcia / fermata / arresto;Conducente;F;Illeso;0;;;
5366906;8;13/04/2021 16:00:00;Strada Urbana;VIA VIZZINI;da specificare;;;;all'intersezione con VIA LINGUAGLOSSA;Scontro frontale fra veicoli in marcia;Rettilineo;Una carreggiata a doppio senso;Bagnato (pioggia);Asfaltata;Assente;Pioggia in atto;Scarso;Buona;;0;0;0;4;12.6809;41.8628;-1;1;Autovettura privata;In marcia / fermata / arresto;Passeggero;F;Illeso;0;;;
5366906;8;13/04/2021 16:00:00;Strada Urbana;VIA VIZZINI;da specificare;;;;all'intersezione con VIA LINGUAGLOSSA;Scontro frontale fra veicoli in marcia;Rettilineo;Una carreggiata a doppio senso;Bagnato (pioggia);Asfaltata;Assente;Pioggia in atto;Scarso;Buona;;0;0;0;4;12.6809;41.8628;-1;2;Autovettura privata;In marcia / fermata / arresto;Conducente;F;Illeso;0;;;
5366906;8;13/04/2021 16:00:00;Strada Urbana;VIA VIZZINI;da specificare;;;;all'intersezione con VIA LINGUAGLOSSA;Scontro frontale fra veicoli in marcia;Rettilineo;Una carreggiata a doppio senso;Bagnato (pioggia);Asfaltata;Assente;Pioggia in atto;Scarso;Buona;;0;0;0;4;12.6809;41.8628;-1;2;Autovettura privata;In marcia / fermata / arresto;Passeggero;F;Illeso;0;;;
5366907;8;13/04/2021 16:00:00;Strada Urbana;VIA CELIO CALDO;in prossimità;;del palo luce n.;4;;Veicolo in marcia contro veicolo fermo;Rettilineo;Una carreggiata a doppio senso;Bagnato (pioggia);Asfaltata;Assente;Pioggia in atto;Normale;Buona;;0;0;0;1;12.6145;41.8723;-1;1;Autovettura privata;In marcia / fermata / arresto;Conducente;M;Illeso;0;;;
5366907;8;13/04/2021 16:00:00;Strada Urbana;VIA CELIO CALDO;in prossimità;;del palo luce n.;4;;Veicolo in marcia contro veicolo fermo;Rettilineo;Una carreggiata a doppio senso;Bagnato (pioggia);Asfaltata;Assente;Pioggia in atto;Normale;Buona;;0;0;0;1;12.6145;41.8723;-1;2;Ciclomotore;In marcia / fermata / arresto;;;;;;;
5366909;8;13/04/2021 17:20:00;Strada Urbana;VIA DEL FOSSO DELL'OSA;in prossimità;;del civico n.;360;;Scontro laterale fra veicoli in marcia;Rettilineo;Una carreggiata a doppio senso;Bagnato (pioggia);Asfaltata;Orizzontale;Pioggia in atto;Normale;Buona;;0;0;0;2;12.6851;41.9029;-1;1;Autovettura privata;In marcia / fermata / arresto;Conducente;F;Illeso;0;;;
5366909;8;13/04/2021 17:20:00;Strada Urbana;VIA DEL FOSSO DELL'OSA;in prossimità;;del civico n.;360;;Scontro laterale fra veicoli in marcia;Rettilineo;Una carreggiata a doppio senso;Bagnato (pioggia);Asfaltata;Orizzontale;Pioggia in atto;Normale;Buona;;0;0;0;2;12.6851;41.9029;-1;2;Autovettura privata;In marcia / fermata / arresto;Conducente;M;Illeso;0;;;
5366911;8;13/04/2021 19:05:00;Strada Urbana;VIA DEL FOSSO DELL'OSA;all'intersezione con;VIA CARPINONE;VIA CARPINONE;;;Scontro frontale/laterale SX fra veicoli in marcia;Incrocio;Una carreggiata a doppio senso;Bagnato (pioggia);Asfaltata;Verticale ed orizzontale;Sereno;Normale;Buona;;0;0;0;1;12.6921;41.8909;-1;1;Autobus di linea;In marcia / fermata / arresto;Conducente;M;Illeso;0;;Non accertato;Inesploso
5366911;8;13/04/2021 19:05:00;Strada Urbana;VIA DEL FOSSO DELL'OSA;all'intersezione con;VIA CARPINONE;VIA CARPINONE;;;Scontro frontale/laterale SX fra veicoli in marcia;Incrocio;Una carreggiata a doppio senso;Bagnato (pioggia);Asfaltata;Verticale ed orizzontale;Sereno;Normale;Buona;;0;0;0;1;12.6921;41.8909;-1;2;Autovettura privata;Allontanatosi;;;;;;;
5366912;8;13/04/2021 19:15:00;Strada Urbana;VIA DI TOR VERGATA;all'intersezione con;VIA MARCELLO ALESSIO;VIA MARCELLO ALESSIO;;;Scontro frontale/laterale DX fra veicoli in marcia;Intersezione semaforizzata;Una carreggiata a senso unico di marcia;Bagnato (umidità in atto);Asfaltata;Verticale ed orizzontale;Nuvoloso;Normale;Buona;;3;0;0;1;12.6226;41.8468;-1;1;Autovettura privata;In marcia / fermata / arresto;Conducente;M;Illeso;0;;;
5366912;8;13/04/2021 19:15:00;Strada Urbana;VIA DI TOR VERGATA;all'intersezione con;VIA MARCELLO ALESSIO;VIA MARCELLO ALESSIO;;;Scontro frontale/laterale DX fra veicoli in marcia;Intersezione semaforizzata;Una carreggiata a senso unico di marcia;Bagnato (umidità in atto);Asfaltata;Verticale ed orizzontale;Nuvoloso;Normale;Buona;;3;0;0;1;12.6226;41.8468;-1;2;Autovettura privata;In marcia / fermata / arresto;Conducente;M;Rifiuta cure immediate;0;NON DECEDUTO;;
5366912;8;13/04/2021 19:15:00;Strada Urbana;VIA DI TOR VERGATA;all'intersezione con;VIA MARCELLO ALESSIO;VIA MARCELLO ALESSIO;;;Scontro frontale/laterale DX fra veicoli in marcia;Intersezione semaforizzata;Una carreggiata a senso unico di marcia;Bagnato (umidità in atto);Asfaltata;Verticale ed orizzontale;Nuvoloso;Normale;Buona;;3;0;0;1;12.6226;41.8468;-1;2;Autovettura privata;In marcia / fermata / arresto;Passeggero;M;Rimandato;0;NON DECEDUTO;Non accertato;Inesploso
5366912;8;13/04/2021 19:15:00;Strada Urbana;VIA DI TOR VERGATA;all'intersezione con;VIA MARCELLO ALESSIO;VIA MARCELLO ALESSIO;;;Scontro frontale/laterale DX fra veicoli in marcia;Intersezione semaforizzata;Una carreggiata a senso unico di marcia;Bagnato (umidità in atto);Asfaltata;Verticale ed orizzontale;Nuvoloso;Normale;Buona;;3;0;0;1;12.6226;41.8468;-1;2;Autovettura privata;In marcia / fermata / arresto;Passeggero;F;Rimandato;0;NON DECEDUTO;Non accertato;Inesploso
5367083;12;13/04/2021 16:10:00;Strada Urbana;VIA DEL COLLE DI MEZZO;da specificare;;;;fronte civ. 19;Veicolo in marcia contro veicolo in sosta;Rettilineo;Una carreggiata a doppio senso;Asciutto;Asfaltata;Verticale ed orizzontale;Sereno;Normale;Buona;;0;0;0;1;12.4919;41.8249;-1;1;Autovettura privata;In marcia / fermata / arresto;Conducente;M;Illeso;0;;Utilizzato;Inesploso
5367083;12;13/04/2021 16:10:00;Strada Urbana;VIA DEL COLLE DI MEZZO;da specificare;;;;fronte civ. 19;Veicolo in marcia contro veicolo in sosta;Rettilineo;Una carreggiata a doppio senso;Asciutto;Asfaltata;Verticale ed orizzontale;Sereno;Normale;Buona;;0;0;0;1;12.4919;41.8249;-1;2;Autovettura privata;Sosta;;;;;;;
5367088;15;13/04/2021 18:25:00;Strada Urbana;VIA DELLA PISANA;all'intersezione con;VIA DI BRAVA;VIA DI BRAVA;;;Scontro frontale/laterale DX fra veicoli in marcia;Intersezione stradale segnalata;Una carreggiata a doppio senso;Asciutto;Asfaltata;Verticale ed orizzontale;Nuvoloso;Normale;Buona;;0;0;0;2;12.389;41.8577;-1;1;Autovettura privata;In marcia / fermata / arresto;Conducente;F;Illeso;0;;Non accertato;Inesploso
5367088;15;13/04/2021 18:25:00;Strada Urbana;VIA DELLA PISANA;all'intersezione con;VIA DI BRAVA;VIA DI BRAVA;;;Scontro frontale/laterale DX fra veicoli in marcia;Intersezione stradale segnalata;Una carreggiata a doppio senso;Asciutto;Asfaltata;Verticale ed orizzontale;Nuvoloso;Normale;Buona;;0;0;0;2;12.389;41.8577;-1;2;Autovettura privata;In marcia / fermata / arresto;Conducente;M;Illeso;0;;Non accertato;Inesploso
5367098;1;13/04/2021 18:27:00;Strada Urbana;VIA TOSCANA;all'intersezione con;VIA SICILIA;VIA SICILIA;;;Investimento di pedone;Incrocio;Una carreggiata a senso unico di marcia;Bagnato (pioggia);Asfaltata;Verticale ed orizzontale;Pioggia in atto;Normale;Buona;;1;0;0;1;12.4916;41.9087;-1;;;;Pedone;F;Ricoverato;0;NON DECEDUTO;;
5367098;1;13/04/2021 18:27:00;Strada Urbana;VIA TOSCANA;all'intersezione con;VIA SICILIA;VIA SICILIA;;;Investimento di pedone;Incrocio;Una carreggiata a senso unico di marcia;Bagnato (pioggia);Asfaltata;Verticale ed orizzontale;Pioggia in atto;Normale;Buona;;1;0;0;1;12.4916;41.9087;-1;1;Motociclo a solo;In marcia / fermata / arresto;Conducente;M;Illeso;0;;Non accertato;
5367107;20;13/04/2021 19:10:00;Strada Urbana;VIALE DI TOR DI QUINTO;all'intersezione con;PIAZZALE DI PONTE MILVIO;PIAZZALE DI PONTE MILVIO;;;Scontro frontale/laterale DX fra veicoli in marcia;Intersezione stradale segnalata;Una carreggiata a senso unico di marcia;Bagnato (pioggia);Asfaltata;Verticale ed orizzontale;Nuvoloso;Scarso;Buona;;0;0;0;2;12.4668;41.9369;-1;1;Autovettura privata;In marcia / fermata / arresto;Conducente;M;Illeso;0;;Non accertato;Inesploso
5367107;20;13/04/2021 19:10:00;Strada Urbana;VIALE DI TOR DI QUINTO;all'intersezione con;PIAZZALE DI PONTE MILVIO;PIAZZALE DI PONTE MILVIO;;;Scontro frontale/laterale DX fra veicoli in marcia;Intersezione stradale segnalata;Una carreggiata a senso unico di marcia;Bagnato (pioggia);Asfaltata;Verticale ed orizzontale;Nuvoloso;Scarso;Buona;;0;0;0;2;12.4668;41.9369;-1;2;Velocipede;In marcia / fermata / arresto;Conducente;M;Illeso;0;;Esente;
5367115;15;13/04/2021 15:45:00;Strada Urbana;VIA DELLA PISANA;all'intersezione con;VIA DI BRAVA;VIA DI BRAVA;;;Scontro frontale/laterale DX fra veicoli in marcia;Intersezione stradale segnalata;Una carreggiata a doppio senso;Asciutto;Asfaltata;Verticale ed orizzontale;Sereno;Normale;Buona;;0;0;0;2;12.389;41.8577;-1;1;Autovettura privata;In marcia / fermata / arresto;Conducente;M;Illeso;0;;Non accertato;Inesploso
5367115;15;13/04/2021 15:45:00;Strada Urbana;VIA DELLA PISANA;all'intersezione con;VIA DI BRAVA;VIA DI BRAVA;;;Scontro frontale/laterale DX fra veicoli in marcia;Intersezione stradale segnalata;Una carreggiata a doppio senso;Asciutto;Asfaltata;Verticale ed orizzontale;Sereno;Normale;Buona;;0;0;0;2;12.389;41.8577;-1;2;Autovettura privata;In marcia / fermata / arresto;Conducente;F;Illeso;0;;Non accertato;Inesploso
5367117;11;13/04/2021 14:10:00;Strada Urbana;VIA CRISTOFORO COLOMBO;all'intersezione semaforizzata con;LARGO ANGELO FOCHETTI;LARGO ANGELO FOCHETTI;;;Scontro laterale fra veicoli in marcia;Intersezione semaforizzata;Più di due carreggiate;Asciutto;Asfaltata;Verticale ed orizzontale;Nuvoloso;Normale;Buona;;0;0;0;3;12.4965;41.8669;-1;1;Autovettura privata;In marcia / fermata / arresto;Conducente;F;Illeso;0;;Non accertato;
5367117;11;13/04/2021 14:10:00;Strada Urbana;VIA CRISTOFORO COLOMBO;all'intersezione semaforizzata con;LARGO ANGELO FOCHETTI;LARGO ANGELO FOCHETTI;;;Scontro laterale fra veicoli in marcia;Intersezione semaforizzata;Più di due carreggiate;Asciutto;Asfaltata;Verticale ed orizzontale;Nuvoloso;Normale;Buona;;0;0;0;3;12.4965;41.8669;-1;2;Autovettura privata;In marcia / fermata / arresto;Conducente;F;Illeso;0;;Non accertato;
5367117;11;13/04/2021 14:10:00;Strada Urbana;VIA CRISTOFORO COLOMBO;all'intersezione semaforizzata con;LARGO ANGELO FOCHETTI;LARGO ANGELO FOCHETTI;;;Scontro laterale fra veicoli in marcia;Intersezione semaforizzata;Più di due carreggiate;Asciutto;Asfaltata;Verticale ed orizzontale;Nuvoloso;Normale;Buona;;0;0;0;3;12.4965;41.8669;-1;3;Autovettura privata;In marcia / fermata / arresto;Conducente;M;Illeso;0;;Non accertato;
5367124;11;13/04/2021 16:55:00;Strada Urbana;VIA DEL SANTUARIO REGINA DEGLI APOSTOLI;da specificare;;;;Fronte civ.8;Veicolo in marcia contro veicolo in sosta;Rettilineo;Una carreggiata a doppio senso;Asciutto;Asfaltata;Verticale ed orizzontale;Nuvoloso;Scarso;Buona;;0;0;0;1;12.482;41.8511;-1;1;Autovettura privata;In marcia / fermata / arresto;Conducente;F;Illeso;0;;Non accertato;Inesploso
5367124;11;13/04/2021 16:55:00;Strada Urbana;VIA DEL SANTUARIO REGINA DEGLI APOSTOLI;da specificare;;;;Fronte civ.8;Veicolo in marcia contro veicolo in sosta;Rettilineo;Una carreggiata a doppio senso;Asciutto;Asfaltata;Verticale ed orizzontale;Nuvoloso;Scarso;Buona;;0;0;0;1;12.482;41.8511;-1;2;Autovettura privata;Sosta;;;;;;;
5367125;20;14/04/2021 00:01:00;Regionale;VIA FLAMINIA;in prossimità;;del civico n.;2050;;Veicolo in marcia contro ostacolo accidentale;Curva senza visuale libera;Una carreggiata a doppio senso;Asciutto;Asfaltata;Verticale ed orizzontale;Nuvoloso;Scarso;Insufficiente;;0;0;0;1;12.4843;41.9537;-1;1;Autocarro inferiore 35 q.;In marcia / fermata / arresto;Conducente;M;Illeso;0;;Non accertato;
5367126;11;13/04/2021 17:55:00;Strada Urbana;VIA LAURENTINA;in corrispondenza;;del civico n.;167;;Tamponamento;Rettilineo;Due carreggiate;Asciutto;Asfaltata;Orizzontale;Sereno;Scarso;Buona;;1;0;0;1;12.4805;41.8443;-1;1;Autovettura privata;In marcia / fermata / arresto;Conducente;M;Illeso;0;;Non accertato;
5367126;11;13/04/2021 17:55:00;Strada Urbana;VIA LAURENTINA;in corrispondenza;;del civico n.;167;;Tamponamento;Rettilineo;Due carreggiate;Asciutto;Asfaltata;Orizzontale;Sereno;Scarso;Buona;;1;0;0;1;12.4805;41.8443;-1;2;Motociclo a solo;In marcia / fermata / arresto;Conducente;M;Rimandato;0;NON DECEDUTO;Non accertato;
5367140;18;13/04/2021 17:20:00;Strada Urbana;VIA ANASTASIO II;in prossimità;;del civico n.;80;;Tamponamento Multiplo;Curva a visuale libera;Più di due carreggiate;Asciutto;Asfaltata;Verticale ed orizzontale;Nuvoloso;Intenso;Buona;;0;0;0;3;12.4408;41.8971;-1;1;Autovettura privata;In marcia / fermata / arresto;Conducente;F;Illeso;0;;Non accertato;Inesploso
5367140;18;13/04/2021 17:20:00;Strada Urbana;VIA ANASTASIO II;in prossimità;;del civico n.;80;;Tamponamento Multiplo;Curva a visuale libera;Più di due carreggiate;Asciutto;Asfaltata;Verticale ed orizzontale;Nuvoloso;Intenso;Buona;;0;0;0;3;12.4408;41.8971;-1;2;Autovettura privata;In marcia / fermata / arresto;Conducente;M;Illeso;0;;Non accertato;Inesploso
5367140;18;13/04/2021 17:20:00;Strada Urbana;VIA ANASTASIO II;in prossimità;;del civico n.;80;;Tamponamento Multiplo;Curva a visuale libera;Più di due carreggiate;Asciutto;Asfaltata;Verticale ed orizzontale;Nuvoloso;Intenso;Buona;;0;0;0;3;12.4408;41.8971;-1;3;Autovettura privata;In marcia / fermata / arresto;Conducente;M;Illeso;0;;Non accertato;Inesploso
5367141;7;13/04/2021 17:15:00;Strada Urbana;VIA DI CASA CALDA;all'intersezione con;VIA DEI FIORRANCINI;VIA DEI FIORRANCINI;;;Tamponamento Multiplo;Incrocio;Una carreggiata a doppio senso;Bagnato (pioggia);Asfaltata;Orizzontale;Pioggia in atto;Normale;Buona;;0;0;0;6;12.59;41.8731;-1;1;Autovettura privata;In marcia / fermata / arresto;Conducente;M;Illeso;0;;Non accertato;Inesploso
5367141;7;13/04/2021 17:15:00;Strada Urbana;VIA DI CASA CALDA;all'intersezione con;VIA DEI FIORRANCINI;VIA DEI FIORRANCINI;;;Tamponamento Multiplo;Incrocio;Una carreggiata a doppio senso;Bagnato (pioggia);Asfaltata;Orizzontale;Pioggia in atto;Normale;Buona;;0;0;0;6;12.59;41.8731;-1;1;Autovettura privata;In marcia / fermata / arresto;Passeggero;F;Illeso;0;;Non accertato;Inesploso
5367141;7;13/04/2021 17:15:00;Strada Urbana;VIA DI CASA CALDA;all'intersezione con;VIA DEI FIORRANCINI;VIA DEI FIORRANCINI;;;Tamponamento Multiplo;Incrocio;Una carreggiata a doppio senso;Bagnato (pioggia);Asfaltata;Orizzontale;Pioggia in atto;Normale;Buona;;0;0;0;6;12.59;41.8731;-1;2;Autovettura privata;In marcia / fermata / arresto;Conducente;M;Illeso;0;;Non accertato;Inesploso
5367141;7;13/04/2021 17:15:00;Strada Urbana;VIA DI CASA CALDA;all'intersezione con;VIA DEI FIORRANCINI;VIA DEI FIORRANCINI;;;Tamponamento Multiplo;Incrocio;Una carreggiata a doppio senso;Bagnato (pioggia);Asfaltata;Orizzontale;Pioggia in atto;Normale;Buona;;0;0;0;6;12.59;41.8731;-1;2;Autovettura privata;In marcia / fermata / arresto;Passeggero;M;Illeso;0;;Non utilizzato;Inesploso
5367141;7;13/04/2021 17:15:00;Strada Urbana;VIA DI CASA CALDA;all'intersezione con;VIA DEI FIORRANCINI;VIA DEI FIORRANCINI;;;Tamponamento Multiplo;Incrocio;Una carreggiata a doppio senso;Bagnato (pioggia);Asfaltata;Orizzontale;Pioggia in atto;Normale;Buona;;0;0;0;6;12.59;41.8731;-1;3;Autovettura privata;In marcia / fermata / arresto;Conducente;M;Illeso;0;;Non accertato;Inesploso
5367141;7;13/04/2021 17:15:00;Strada Urbana;VIA DI CASA CALDA;all'intersezione con;VIA DEI FIORRANCINI;VIA DEI FIORRANCINI;;;Tamponamento Multiplo;Incrocio;Una carreggiata a doppio senso;Bagnato (pioggia);Asfaltata;Orizzontale;Pioggia in atto;Normale;Buona;;0;0;0;6;12.59;41.8731;-1;3;Autovettura privata;In marcia / fermata / arresto;Passeggero;M;Illeso;0;;Non accertato;Inesploso
5367142;10;13/04/2021 15:00:00;Strada Urbana;VIALE PALMIRO TOGLIATTI;all'intersezione semaforizzata con;VIA QUINTO PUBLICIO;VIA QUINTO PUBLICIO;;;Scontro laterale fra veicoli in marcia;Intersezione semaforizzata;Due carreggiate;Bagnato (pioggia);Asfaltata;Verticale ed orizzontale;Pioggia in atto;Normale;Buona;;0;0;0;2;12.5711;41.8561;-1;1;Autovettura privata;In marcia / fermata / arresto;Conducente;M;Illeso;0;;Non accertato;Inesploso
5367142;10;13/04/2021 15:00:00;Strada Urbana;VIALE PALMIRO TOGLIATTI;all'intersezione semaforizzata con;VIA QUINTO PUBLICIO;VIA QUINTO PUBLICIO;;;Scontro laterale fra veicoli in marcia;Intersezione semaforizzata;Due carreggiate;Bagnato (pioggia);Asfaltata;Verticale ed orizzontale;Pioggia in atto;Normale;Buona;;0;0;0;2;12.5711;41.8561;-1;2;Autobus di linea;In marcia / fermata / arresto;Conducente;M;Illeso;0;;Non accertato;Inesploso
5367145;19;13/04/2021 13:55:00;Strada Urbana;VIA VINCENZO TOMASSINI;all'intersezione con;VIA AUGUSTO TEBALDI;VIA AUGUSTO TEBALDI;;;Scontro frontale/laterale DX fra veicoli in marcia;Incrocio;Una carreggiata a senso unico di marcia;Bagnato (pioggia);Asfaltata;Verticale ed orizzontale;Pioggia in atto;Scarso;Buona;;1;0;0;2;12.4136;41.9278;-1;1;Autovettura privata;In marcia / fermata / arresto;Conducente;F;Illeso;0;;Non accertato;Inesploso
5367145;19;13/04/2021 13:55:00;Strada Urbana;VIA VINCENZO TOMASSINI;all'intersezione con;VIA AUGUSTO TEBALDI;VIA AUGUSTO TEBALDI;;;Scontro frontale/laterale DX fra veicoli in marcia;Incrocio;Una carreggiata a senso unico di marcia;Bagnato (pioggia);Asfaltata;Verticale ed orizzontale;Pioggia in atto;Scarso;Buona;;1;0;0;2;12.4136;41.9278;-1;1;Autovettura privata;In marcia / fermata / arresto;Passeggero;M;Illeso;0;;Non accertato;Inesploso
5367145;19;13/04/2021 13:55:00;Strada Urbana;VIA VINCENZO TOMASSINI;all'intersezione con;VIA AUGUSTO TEBALDI;VIA AUGUSTO TEBALDI;;;Scontro frontale/laterale DX fra veicoli in marcia;Incrocio;Una carreggiata a senso unico di marcia;Bagnato (pioggia);Asfaltata;Verticale ed orizzontale;Pioggia in atto;Scarso;Buona;;1;0;0;2;12.4136;41.9278;-1;2;Autovettura privata;In marcia / fermata / arresto;Conducente;M;Rifiuta cure immediate;0;NON DECEDUTO;Non accertato;Inesploso
5367151;12;13/04/2021 19:05:00;Strada Urbana;VIA ITALO TORSIELLO;in prossimità;;del palo luce n.;11;;Veicolo in marcia contro veicolo in sosta;Rettilineo;Una carreggiata a doppio senso;Asciutto;Asfaltata;Verticale ed orizzontale;Sereno;Scarso;Buona;;0;0;0;1;12.4731;41.772;-1;1;Autovettura privata;In marcia / fermata / arresto;Conducente;F;Illeso;0;;Utilizzato;Inesploso
5367151;12;13/04/2021 19:05:00;Strada Urbana;VIA ITALO TORSIELLO;in prossimità;;del palo luce n.;11;;Veicolo in marcia contro veicolo in sosta;Rettilineo;Una carreggiata a doppio senso;Asciutto;Asfaltata;Verticale ed orizzontale;Sereno;Scarso;Buona;;0;0;0;1;12.4731;41.772;-1;2;Autovettura privata;Sosta;;;;;;;
5367156;19;13/04/2021 17:30:00;Strada Urbana;VIA EZIO SCIAMANNA;all'intersezione con;VIA AUGUSTO TAMBURINI;VIA AUGUSTO TAMBURINI;;;Scontro frontale/laterale DX fra veicoli in marcia;Incrocio;Una carreggiata a senso unico di marcia;Bagnato (pioggia);Asfaltata;Verticale;Pioggia in atto;Scarso;Buona;;0;0;0;3;12.4206;41.9362;-1;1;Autovettura privata;In marcia / fermata / arresto;Conducente;M;Illeso;0;;Non accertato;Inesploso