Protocollo;Gruppo;DataOraIncidente;Localizzazione1;STRADA1;Localizzazione2;STRADA2;Strada02;Chilometrica;DaSpecificare;NaturaIncidente;particolaritastrade;TipoStrada;FondoStradale;Pavimentazione;Segnaletica;CondizioneAtmosferica;Traffico;Visibilita;Illuminazione;NUM_FERITI;NUM_RISERVATA;NUM_MORTI;NUM_ILLESI;Longitude;Latitude;Confermato;Progressivo;TipoVeicolo;StatoVeicolo;TipoPersona;Sesso;Tipolesione;Deceduto;DecedutoDopo;CinturaCascoUtilizzato;Airbag;
5368655;8;14/04/2021 18:00:00;Strada Urbana;VIA CASILINA;in corrispondenza;;del civico n.;1746;;Scontro frontale/laterale DX fra veicoli in marcia;Rettilineo;Una carreggiata a doppio senso;Asciutto;Asfaltata;Verticale ed orizzontale;Sereno;Intenso;Buona;;0;0;0;2;12.6647;41.864;-1;1;Motociclo con passeggero;In marcia / fermata / arresto;Conducente;M;Illeso;0;;Non accertato;
5368655;8;14/04/2021 18:00:00;Strada Urbana;VIA CASILINA;in corrispondenza;;del civico n.;1746;;Scontro frontale/laterale DX fra veicoli in marcia;Rettilineo;Una carreggiata a doppio senso;Asciutto;Asfaltata;Verticale ed orizzontale;Sereno;Intenso;Buona;;0;0;0;2;12.6647;41.864;-1;2;Autovettura privata;In marcia / fermata / arresto;Conducente;M;Illeso;0;;Non accertato;Inesploso
5368657;8;14/04/2021 20:30:00;Strada Urbana;VIALE OXFORD;da specificare;;;;rampa di accesso altezza PTV;Scontro laterale fra veicoli in marcia;Rotatoria;Due carreggiate;Asciutto;Asfaltata;Verticale ed orizzontale;Sereno;Scarso;Buona;;2;0;0;1;12.6276;41.8611;-1;1;Autovettura privata;In marcia / fermata / arresto;Conducente;M;Illeso;0;;;
5368657;8;14/04/2021 20:30:00;Strada Urbana;VIALE OXFORD;da specificare;;;;rampa di accesso altezza PTV;Scontro laterale fra veicoli in marcia;Rotatoria;Due carreggiate;Asciutto;Asfaltata;Verticale ed orizzontale;Sereno;Scarso;Buona;;2;0;0;1;12.6276;41.8611;-1;2;Autovettura privata;In marcia / fermata / arresto;Conducente;M;Ricoverato;0;NON DECEDUTO;;
5368657;8;14/04/2021 20:30:00;Strada Urbana;VIALE OXFORD;da specificare;;;;rampa di accesso altezza PTV;Scontro laterale fra veicoli in marcia;Rotatoria;Due carreggiate;Asciutto;Asfaltata;Verticale ed orizzontale;Sereno;Scarso;Buona;;2;0;0;1;12.6276;41.8611;-1;2;Autovettura privata;In marcia / fermata / arresto;Passeggero;F;Ricoverato;0;NON DECEDUTO;;
5368791;11;14/04/2021 16:20:00;Strada Urbana;VIALE CARLO TOMMASO ODESCALCHI;all'intersezione con;VIA FLAVIA TIZIANA;VIA FLAVIA TIZIANA;;;Scontro frontale/laterale DX fra veicoli in marcia;Incrocio;Due carreggiate;Asciutto;Asfaltata;Verticale ed orizzontale;Sereno;Normale;Buona;;3;0;0;1;12.5012;41.8574;-1;1;Autovettura privata;In marcia / fermata / arresto;Conducente;M;Illeso;0;;Non accertato;
5368791;11;14/04/2021 16:20:00;Strada Urbana;VIALE CARLO TOMMASO ODESCALCHI;all'intersezione con;VIA FLAVIA TIZIANA;VIA FLAVIA TIZIANA;;;Scontro frontale/laterale DX fra veicoli in marcia;Incrocio;Due carreggiate;Asciutto;Asfaltata;Verticale ed orizzontale;Sereno;Normale;Buona;;3;0;0;1;12.5012;41.8574;-1;2;Autovettura privata;In marcia / fermata / arresto;Conducente;F;Rifiuta cure immediate;0;NON DECEDUTO;Non accertato;
5368791;11;14/04/2021 16:20:00;Strada Urbana;VIALE CARLO TOMMASO ODESCALCHI;all'intersezione con;VIA FLAVIA TIZIANA;VIA FLAVIA TIZIANA;;;Scontro frontale/laterale DX fra veicoli in marcia;Incrocio;Due carreggiate;Asciutto;Asfaltata;Verticale ed orizzontale;Sereno;Normale;Buona;;3;0;0;1;12.5012;41.8574;-1;2;Autovettura privata;In marcia / fermata / arresto;Passeggero;F;Rifiuta cure immediate;0;NON DECEDUTO;Non accertato;
5368791;11;14/04/2021 16:20:00;Strada Urbana;VIALE CARLO TOMMASO ODESCALCHI;all'intersezione con;VIA FLAVIA TIZIANA;VIA FLAVIA TIZIANA;;;Scontro frontale/laterale DX fra veicoli in marcia;Incrocio;Due carreggiate;Asciutto;Asfaltata;Verticale ed orizzontale;Sereno;Normale;Buona;;3;0;0;1;12.5012;41.8574;-1;2;Autovettura privata;In marcia / fermata / arresto;Passeggero;F;Rifiuta cure immediate;0;NON DECEDUTO;Non accertato;
5368791;11;14/04/2021 16:20:00;Strada Urbana;VIALE CARLO TOMMASO ODESCALCHI;all'intersezione con;VIA FLAVIA TIZIANA;VIA FLAVIA TIZIANA;;;Scontro frontale/laterale DX fra veicoli in marcia;Incrocio;Due carreggiate;Asciutto;Asfaltata;Verticale ed orizzontale;Sereno;Normale;Buona;;3;0;0;1;12.5012;41.8574;-1;3;Autovettura privata;Sosta;;;;;;;
5368824;11;14/04/2021 19:35:00;Statale entro l'abitato;VIA OSTIENSE;in corrispondenza;;del civico n.;238;;Veicolo in marcia contro ostacolo fisso;Curva a visuale libera;Una carreggiata a senso unico di marcia;Asciutto;Asfaltata;Verticale ed orizzontale;Sereno;Scarso;Buona;;1;0;0;0;12.4753;41.8504;-1;1;Motociclo a solo;In marcia / fermata / arresto;Conducente;M;Rimandato;0;NON DECEDUTO;Non accertato;
5368888;9;14/04/2021 16:29:00;Strada Urbana;VIA URBINO;all'intersezione con;VIA RIMINI;VIA RIMINI;;;Scontro frontale/laterale DX fra veicoli in marcia;Incrocio;Una carreggiata a senso unico di marcia;Asciutto;Asfaltata;Verticale;Sereno;Scarso;Buona;;1;0;0;3;12.5121;41.8844;-1;1;Autovettura privata;In marcia / fermata / arresto;Conducente;M;Illeso;0;;Non utilizzato;Inesploso
5368888;9;14/04/2021 16:29:00;Strada Urbana;VIA URBINO;all'intersezione con;VIA RIMINI;VIA RIMINI;;;Scontro frontale/laterale DX fra veicoli in marcia;Incrocio;Una carreggiata a senso unico di marcia;Asciutto;Asfaltata;Verticale;Sereno;Scarso;Buona;;1;0;0;3;12.5121;41.8844;-1;1;Autovettura privata;In marcia / fermata / arresto;Passeggero;F;Illeso;0;;Non accertato;Inesploso
5368888;9;14/04/2021 16:29:00;Strada Urbana;VIA URBINO;all'intersezione con;VIA RIMINI;VIA RIMINI;;;Scontro frontale/laterale DX fra veicoli in marcia;Incrocio;Una carreggiata a senso unico di marcia;Asciutto;Asfaltata;Verticale;Sereno;Scarso;Buona;;1;0;0;3;12.5121;41.8844;-1;1;Autovettura privata;In marcia / fermata / arresto;Passeggero;F;Illeso;0;;Non accertato;Inesploso
5368888;9;14/04/2021 16:29:00;Strada Urbana;VIA URBINO;all'intersezione con;VIA RIMINI;VIA RIMINI;;;Scontro frontale/laterale DX fra veicoli in marcia;Incrocio;Una carreggiata a senso unico di marcia;Asciutto;Asfaltata;Verticale;Sereno;Scarso;Buona;;1;0;0;3;12.5121;41.8844;-1;2;Motociclo a solo;In marcia / fermata / arresto;Conducente;F;Rimandato;0;NON DECEDUTO;Non accertato;
5368892;1;14/04/2021 19:15:00;Strada Urbana;VIA CALANDRELLI;in prossimità;;del civico n.;15;;Veicolo in marcia contro ostacolo accidentale;Curva a visuale libera;Una carreggiata a senso unico di marcia;Sdrucciolevole (pietrisco);Asfaltata;Verticale ed orizzontale;Sereno;Scarso;Buona;;1;0;0;0;12.4651;41.8851;-1;1;Motociclo a solo;In marcia / fermata / arresto;Conducente;M;Rifiuta cure immediate;0;NON DECEDUTO;Non accertato;
5368910;18;14/04/2021 07:45:00;Strada Urbana;VIA FRANCESCO AZZURRI;all'intersezione con;VIA GAETANO MAZZONI;VIA GAETANO MAZZONI;;;Veicolo in marcia contro veicolo in sosta;Intersezione stradale segnalata;Una carreggiata a senso unico di marcia;Asciutto;Asfaltata;Verticale ed orizzontale;Sereno;Scarso;Buona;;0;0;0;0;12.3916;41.9074;-1;2;Autovettura privata;Sosta;;;;;;;
5368922;10;14/04/2021 14:55:00;Strada Urbana;VIA APPIA NUOVA;da specificare;;;;altezza svincolo GRA direzione Albano;Scontro laterale fra veicoli in marcia;Rettilineo;Due carreggiate;Asciutto;Asfaltata;Verticale ed orizzontale;Nuvoloso;Normale;Buona;;0;0;0;2;12.572;41.8133;-1;1;Autovettura privata;In marcia / fermata / arresto;Conducente;F;Illeso;0;;Non accertato;Inesploso
5368922;10;14/04/2021 14:55:00;Strada Urbana;VIA APPIA NUOVA;da specificare;;;;altezza svincolo GRA direzione Albano;Scontro laterale fra veicoli in marcia;Rettilineo;Due carreggiate;Asciutto;Asfaltata;Verticale ed orizzontale;Nuvoloso;Normale;Buona;;0;0;0;2;12.572;41.8133;-1;2;Autoarticolato;In marcia / fermata / arresto;Conducente;M;Illeso;0;;Non accertato;Inesploso
5368924;7;14/04/2021 19:00:00;Strada Urbana;LARGO GIACOMO BRESADOLA;in corrispondenza;;del civico n.;5;;Veicolo in marcia contro veicolo arresto;Rettilineo;Una carreggiata a doppio senso;Asciutto;Asfaltata;Orizzontale;Sereno;Normale;Buona;;0;0;0;2;12.5613;41.8922;-1;1;Autovettura privata;In marcia / fermata / arresto;Conducente;M;Illeso;0;;;
5368924;7;14/04/2021 19:00:00;Strada Urbana;LARGO GIACOMO BRESADOLA;in corrispondenza;;del civico n.;5;;Veicolo in marcia contro veicolo arresto;Rettilineo;Una carreggiata a doppio senso;Asciutto;Asfaltata;Orizzontale;Sereno;Normale;Buona;;0;0;0;2;12.5613;41.8922;-1;2;Autovettura privata;In marcia / fermata / arresto;Conducente;M;Illeso;0;;;
5368928;4;14/04/2021 12:30:00;Strada Urbana;VIA DON GIUSTINO MARIA RUSSOLILLO;in corrispondenza;;del civico n.;42;;Scontro laterale fra veicoli in marcia;Rettilineo;Una carreggiata a doppio senso;Asciutto;Asfaltata;Verticale;Sereno;Normale;Buona;;0;0;0;2;12.5169;41.9711;-1;1;Autovettura privata;In marcia / fermata / arresto;Conducente;F;Illeso;0;;Non accertato;Inesploso
5368928;4;14/04/2021 12:30:00;Strada Urbana;VIA DON GIUSTINO MARIA RUSSOLILLO;in corrispondenza;;del civico n.;42;;Scontro laterale fra veicoli in marcia;Rettilineo;Una carreggiata a doppio senso;Asciutto;Asfaltata;Verticale;Sereno;Normale;Buona;;0;0;0;2;12.5169;41.9711;-1;2;Autovettura privata;In marcia / fermata / arresto;Conducente;M;Illeso;0;;Non accertato;Inesploso
5368932;4;14/04/2021 14:00:00;Strada Urbana;VIA SALARIA;da specificare;;;;prossimità fronte civico 1035;Scontro laterale fra veicoli in marcia;Rettilineo;Due carreggiate;Asciutto;Asfaltata;Verticale ed orizzontale;Sereno;Normale;Buona;;0;0;0;2;12.5115;41.9873;-1;1;Autovettura privata;In marcia / fermata / arresto;Conducente;M;Illeso;0;;Non accertato;
5368932;4;14/04/2021 14:00:00;Strada Urbana;VIA SALARIA;da specificare;;;;prossimità fronte civico 1035;Scontro laterale fra veicoli in marcia;Rettilineo;Due carreggiate;Asciutto;Asfaltata;Verticale ed orizzontale;Sereno;Normale;Buona;;0;0;0;2;12.5115;41.9873;-1;2;Autovettura privata;In marcia / fermata / arresto;Conducente;M;Illeso;0;;;
5368948;5;14/04/2021 09:40:00;Strada Urbana;VIA DI CASAL BIANCO;all'intersezione con;VIA RUBELLIA;VIA RUBELLIA;;;Scontro frontale/laterale SX fra veicoli in marcia;Incrocio;Una carreggiata a doppio senso;Asciutto;Asfaltata;Verticale ed orizzontale;Sereno;Intenso;Buona;;0;0;0;4;12.6238;41.9384;-1;1;Autocarro inferiore 35 q.;In marcia / fermata / arresto;Conducente;M;Illeso;0;;Non accertato;Inesploso
5368948;5;14/04/2021 09:40:00;Strada Urbana;VIA DI CASAL BIANCO;all'intersezione con;VIA RUBELLIA;VIA RUBELLIA;;;Scontro frontale/laterale SX fra veicoli in marcia;Incrocio;Una carreggiata a doppio senso;Asciutto;Asfaltata;Verticale ed orizzontale;Sereno;Intenso;Buona;;0;0;0;4;12.6238;41.9384;-1;2;Autovettura privata;In marcia / fermata / arresto;Conducente;M;Illeso;0;;Non accertato;Inesploso
5368948;5;14/04/2021 09:40:00;Strada Urbana;VIA DI CASAL BIANCO;all'intersezione con;VIA RUBELLIA;VIA RUBELLIA;;;Scontro frontale/laterale SX fra veicoli in marcia;Incrocio;Una carreggiata a doppio senso;Asciutto;Asfaltata;Verticale ed orizzontale;Sereno;Intenso;Buona;;0;0;0;4;12.6238;41.9384;-1;2;Autovettura privata;In marcia / fermata / arresto;Passeggero;M;Illeso;0;;Non accertato;
5368948;5;14/04/2021 09:40:00;Strada Urbana;VIA DI CASAL BIANCO;all'intersezione con;VIA RUBELLIA;VIA RUBELLIA;;;Scontro frontale/laterale SX fra veicoli in marcia;Incrocio;Una carreggiata a doppio senso;Asciutto;Asfaltata;Verticale ed orizzontale;Sereno;Intenso;Buona;;0;0;0;4;12.6238;41.9384;-1;3;Autovettura privata;In marcia / fermata / arresto;Conducente;M;Illeso;0;;Non accertato;Inesploso
5368949;4;14/04/2021 15:05:00;Strada Urbana;VIA ETNA;in corrispondenza;;del civico n.;5;;Veicolo in marcia contro veicoli in sosta;Curva senza visuale libera;Una carreggiata a senso unico di marcia;Asciutto;Asfaltata;Verticale;Sereno;Scarso;Buona;;1;0;0;1;12.5299;41.94;-1;1;Autovettura privata;In marcia / fermata / arresto;Conducente;F;Rimandato;0;NON DECEDUTO;Non accertato;Inesploso
5368949;4;14/04/2021 15:05:00;Strada Urbana;VIA ETNA;in corrispondenza;;del civico n.;5;;Veicolo in marcia contro veicoli in sosta;Curva senza visuale libera;Una carreggiata a senso unico di marcia;Asciutto;Asfaltata;Verticale;Sereno;Scarso;Buona;;1;0;0;1;12.5299;41.94;-1;2;Autovettura privata;Sosta;;;;;;;
5368949;4;14/04/2021 15:05:00;Strada Urbana;VIA ETNA;in corrispondenza;;del civico n.;5;;Veicolo in marcia contro veicoli in sosta;Curva senza visuale libera;Una carreggiata a senso unico di marcia;Asciutto;Asfaltata;Verticale;Sereno;Scarso;Buona;;1;0;0;1;12.5299;41.94;-1;3;Autocarro inferiore 35 q.;In marcia / fermata / arresto;Conducente;M;Illeso;0;;;
5368950;1;14/04/2021 19:00:00;Strada Urbana;VIALE AVENTINO;in prossimità;;del civico n.;22;;Tamponamento Multiplo;Rettilineo;Più di due carreggiate;Asciutto;In cubetti di porfido;Verticale ed orizzontale;Sereno;Normale;Buona;;0;0;0;5;12.4868;41.8827;-1;1;Autovettura privata;In marcia / fermata / arresto;Conducente;M;Illeso;0;;Non accertato;Inesploso
5368950;1;14/04/2021 19:00:00;Strada Urbana;VIALE AVENTINO;in prossimità;;del civico n.;22;;Tamponamento Multiplo;Rettilineo;Più di due carreggiate;Asciutto;In cubetti di porfido;Verticale ed orizzontale;Sereno;Normale;Buona;;0;0;0;5;12.4868;41.8827;-1;1;Autovettura privata;In marcia / fermata / arresto;Passeggero;M;Illeso;0;;Non accertato;Inesploso
5368950;1;14/04/2021 19:00:00;Strada Urbana;VIALE AVENTINO;in prossimità;;del civico n.;22;;Tamponamento Multiplo;Rettilineo;Più di due carreggiate;Asciutto;In cubetti di porfido;Verticale ed orizzontale;Sereno;Normale;Buona;;0;0;0;5;12.4868;41.8827;-1;2;Autovettura privata;In marcia / fermata / arresto;Conducente;F;Illeso;0;;Non accertato;Inesploso
5368950;1;14/04/2021 19:00:00;Strada Urbana;VIALE AVENTINO;in prossimità;;del civico n.;22;;Tamponamento Multiplo;Rettilineo;Più di due carreggiate;Asciutto;In cubetti di porfido;Verticale ed orizzontale;Sereno;Normale;Buona;;0;0;0;5;12.4868;41.8827;-1;3;Autovettura privata;In marcia / fermata / arresto;Conducente;M;Illeso;0;;Non accertato;Inesploso
5368950;1;14/04/2021 19:00:00;Strada Urbana;VIALE AVENTINO;in prossimità;;del civico n.;22;;Tamponamento Multiplo;Rettilineo;Più di due carreggiate;Asciutto;In cubetti di porfido;Verticale ed orizzontale;Sereno;Normale;Buona;;0;0;0;5;12.4868;41.8827;-1;4;Autovettura privata;In marcia / fermata / arresto;Conducente;M;Illeso;0;;Non accertato;Inesploso
5368959;13;14/04/2021 15:55:00;Strada Urbana;VIA PINZOLO;in prossimità;;del civico n.;69;;Veicolo in marcia contro ostacolo fisso;Rettilineo;Una carreggiata a doppio senso;Asciutto;Asfaltata;Verticale;Sereno;Scarso;Buona;;0;0;0;1;12.3704;41.7349;-1;1;Autovettura privata;In marcia / fermata / arresto;Conducente;M;Illeso;0;;;
5368978;5;14/04/2021 14:55:00;Strada Urbana;VIA DI TOR CERVARA;in prossimità;;del civico n.;236;;Veicolo in marcia contro ostacolo fisso;Curva a visuale libera;Una carreggiata a doppio senso;Asciutto;Asfaltata;Verticale ed orizzontale;Sereno;Normale;Buona;;1;0;0;0;12.591;41.9131;-1;1;Autovettura privata;In marcia / fermata / arresto;Conducente;M;Rimandato;0;NON DECEDUTO;Non accertato;Esploso
5368979;10;14/04/2021 16:38:00;Strada Urbana;VIALE ROLANDO VIGNALI;da specificare;;;;fronte civ. 63 ;Veicolo in marcia contro veicoli in sosta;Rettilineo;Due carreggiate;Asciutto;Asfaltata;Verticale ed orizzontale;Sereno;Normale;Buona;;0;0;0;0;12.5806;41.8569;-1;1;Autovettura privata;Sosta;;;;;;;
5368979;10;14/04/2021 16:38:00;Strada Urbana;VIALE ROLANDO VIGNALI;da specificare;;;;fronte civ. 63 ;Veicolo in marcia contro veicoli in sosta;Rettilineo;Due carreggiate;Asciutto;Asfaltata;Verticale ed orizzontale;Sereno;Normale;Buona;;0;0;0;0;12.5806;41.8569;-1;2;Autovettura privata;Sosta;;;;;;;
5368988;4;14/04/2021 16:55:00;Strada Urbana;VIA UGO OJETTI;all'intersezione semaforizzata con;VIA CARLO LORENZINI;VIA CARLO LORENZINI;;;Tamponamento;Intersezione semaforizzata;Due carreggiate;Asciutto;Asfaltata;Verticale ed orizzontale;Sereno;Normale;Buona;;0;0;0;2;12.5546;41.947;-1;1;Autocarro inferiore 35 q.;In marcia / fermata / arresto;Conducente;M;Illeso;0;;Non accertato;
5368988;4;14/04/2021 16:55:00;Strada Urbana;VIA UGO OJETTI;all'intersezione semaforizzata con;VIA CARLO LORENZINI;VIA CARLO LORENZINI;;;Tamponamento;Intersezione semaforizzata;Due carreggiate;Asciutto;Asfaltata;Verticale ed orizzontale;Sereno;Normale;Buona;;0;0;0;2;12.5546;41.947;-1;2;Autovettura privata;In marcia / fermata / arresto;Conducente;M;Illeso;0;;Non accertato;
5368996;5;14/04/2021 12:30:00;Strada Urbana;VIA DI MARCO SIMONE;da specificare;;;;circa 700 metri prima civ. 80 dir. Palombarese;Veicolo in marcia contro ostacolo accidentale;Curva a visuale libera;Una carreggiata a doppio senso;Asciutto;Asfaltata;Verticale ed orizzontale;Nuvoloso;Scarso;Buona;;0;0;0;1;12.6419;41.9523;-1;1;Autovettura privata;In marcia / fermata / arresto;Conducente;M;Illeso;0;;Non accertato;Inesploso
5369007;5;14/04/2021 12:15:00;Strada Urbana;VIA DI MARCO SIMONE;da specificare;;;;700 metri prima del civ.80 direzione palombarese;Veicolo in marcia contro ostacolo accidentale;Curva a visuale libera;Una carreggiata a doppio senso;Asciutto;Asfaltata;Verticale ed orizzontale;Nuvoloso;Scarso;Buona;;0;0;0;1;12.6419;41.9523;-1;1;Autovettura privata;In marcia / fermata / arresto;Conducente;F;Illeso;0;;Non accertato;
5369023;5;14/04/2021 14:25:00;Strada Urbana;VIA DI MARCO SIMONE;da specificare;;;;circa 700 metri prima civ.80 dir palombarese;Veicolo in marcia contro ostacolo accidentale;Curva a visuale libera;Una carreggiata a doppio senso;Asciutto;Asfaltata;Verticale ed orizzontale;Nuvoloso;Scarso;Buona;;0;0;0;1;12.6419;41.9523;-1;1;Autovettura privata;In marcia / fermata / arresto;Conducente;F;Illeso;0;;Non accertato;Inesploso
5369034;5;14/04/2021 14:58:00;Strada Urbana;VIA DI MARCO SIMONE;da specificare;;;;CIRCA 700 MT. PRIMA CIV.80 DIR.PALOMBARESE;Veicolo in marcia contro ostacolo accidentale;Curva a visuale libera;Una carreggiata a doppio senso;Asciutto;Asfaltata;Verticale ed orizzontale;Nuvoloso;Scarso;Buona;;0;0;0;1;12.6419;41.9523;-1;1;Autovettura privata;In marcia / fermata / arresto;Conducente;M;Illeso;0;;Non accertato;Inesploso
5369057;20;14/04/2021 19:45:00;Strada Urbana;VIA DEGLI ORTI DELLA FARNESINA;in corrispondenza;;del civico n.;2;;Scontro frontale/laterale DX fra veicoli in marcia;Rettilineo;Una carreggiata a doppio senso;Asciutto;Asfaltata;Orizzontale;Sereno;Normale;Buona;;0;0;0;2;12.4649;41.9387;-1;1;Autovettura privata;In marcia / fermata / arresto;Conducente;F;Illeso;0;;;
5369057;20;14/04/2021 19:45:00;Strada Urbana;VIA DEGLI ORTI DELLA FARNESINA;in corrispondenza;;del civico n.;2;;Scontro frontale/laterale DX fra veicoli in marcia;Rettilineo;Una carreggiata a doppio senso;Asciutto;Asfaltata;Orizzontale;Sereno;Normale;Buona;;0;0;0;2;12.4649;41.9387;-1;2;Autovettura privata;In marcia / fermata / arresto;Conducente;F;Illeso;0;;Non accertato;
5369059;19;14/04/2021 10:20:00;Strada Urbana;PIAZZALE SOCRATE;da specificare;;;;prossimità via CORNELIO NEPOTE;Scontro frontale/laterale SX fra veicoli in marcia;Rotatoria;Una carreggiata a senso unico di marcia;Asciutto;Asfaltata;Verticale ed orizzontale;Sereno;Scarso;Buona;;0;0;0;2;12.4473;41.9124;-1;1;Autovettura privata;In marcia / fermata / arresto;Conducente;F;Illeso;0;;Non accertato;Inesploso
5369059;19;14/04/2021 10:20:00;Strada Urbana;PIAZZALE SOCRATE;da specificare;;;;prossimità via CORNELIO NEPOTE;Scontro frontale/laterale SX fra veicoli in marcia;Rotatoria;Una carreggiata a senso unico di marcia;Asciutto;Asfaltata;Verticale ed orizzontale;Sereno;Scarso;Buona;;0;0;0;2;12.4473;41.9124;-1;2;Autocarro inferiore 35 q.;In marcia / fermata / arresto;Conducente;M;Illeso;0;;Non accertato;Inesploso
5369061;7;14/04/2021 20:05:00;Strada Urbana;VIA DELLE ACACIE;all'intersezione con;VIA TOR DE' SCHIAVI;VIA TOR DE' SCHIAVI;;;Scontro frontale/laterale DX fra veicoli in marcia;Incrocio;Una carreggiata a doppio senso;Asciutto;Asfaltata;Verticale ed orizzontale;Sereno;Normale;Buona;;1;0;0;1;12.5675;41.888;-1;1;Autovettura privata;In marcia / fermata / arresto;Conducente;M;Illeso;0;;;
5369061;7;14/04/2021 20:05:00;Strada Urbana;VIA DELLE ACACIE;all'intersezione con;VIA TOR DE' SCHIAVI;VIA TOR DE' SCHIAVI;;;Scontro frontale/laterale DX fra veicoli in marcia;Incrocio;Una carreggiata a doppio senso;Asciutto;Asfaltata;Verticale ed orizzontale;Sereno;Normale;Buona;;1;0;0;1;12.5675;41.888;-1;2;Velocipede;In marcia / fermata / arresto;Conducente;M;Rimandato;0;NON DECEDUTO;Esente;
5369085;20;14/04/2021 10:10:00;Strada Urbana;PIAZZA LAURO DE BOSIS;in prossimità;;del civico n.;6;;Scontro laterale fra veicoli in marcia;Rettilineo;Due carreggiate;Asciutto;Asfaltata;Verticale ed orizzontale;Sereno;Normale;Buona;;0;0;0;3;12.4592;41.9318;-1;1;Autovettura privata;In marcia / fermata / arresto;Conducente;M;Illeso;0;;Non accertato;
5369085;20;14/04/2021 10:10:00;Strada Urbana;PIAZZA LAURO DE BOSIS;in prossimità;;del civico n.;6;;Scontro laterale fra veicoli in marcia;Rettilineo;Due carreggiate;Asciutto;Asfaltata;Verticale ed orizzontale;Sereno;Normale;Buona;;0;0;0;3;12.4592;41.9318;-1;2;Autobus di linea;In marcia / fermata / arresto;Conducente;M;Illeso;0;;Non accertato;
5369085;20;14/04/2021 10:10:00;Strada Urbana;PIAZZA LAURO DE BOSIS;in prossimità;;del civico n.;6;;Scontro laterale fra veicoli in marcia;Rettilineo;Due carreggiate;Asciutto;Asfaltata;Verticale ed orizzontale;Sereno;Normale;Buona;;0;0;0;3;12.4592;41.9318;-1;2;Autobus di linea;In marcia / fermata / arresto;Passeggero;M;Illeso;0;;;
5369086;20;14/04/2021 08:40:00;Strada Urbana;LUNGOTEVERE MARESCIALLO CADORNA;in prossimità;;del palo luce n.;25;;Tamponamento Multiplo;Rettilineo;Una carreggiata a doppio senso;Asciutto;Asfaltata;Verticale ed orizzontale;Sereno;Normale;Buona;;0;0;0;3;12.4582;41.928;-1;1;Autovettura privata;In marcia / fermata / arresto;Conducente;M;Illeso;0;;Non accertato;Inesploso
5369086;20;14/04/2021 08:40:00;Strada Urbana;LUNGOTEVERE MARESCIALLO CADORNA;in prossimità;;del palo luce n.;25;;Tamponamento Multiplo;Rettilineo;Una carreggiata a doppio senso;Asciutto;Asfaltata;Verticale ed orizzontale;Sereno;Normale;Buona;;0;0;0;3;12.4582;41.928;-1;2;Autocarro inferiore 35 q.;In marcia / fermata / arresto;Conducente;M;Illeso;0;;Non accertato;Inesploso
5369086;20;14/04/2021 08:40:00;Strada Urbana;LUNGOTEVERE MARESCIALLO CADORNA;in prossimità;;del palo luce n.;25;;Tamponamento Multiplo;Rettilineo;Una carreggiata a doppio senso;Asciutto;Asfaltata;Verticale ed orizzontale;Sereno;Normale;Buona;;0;0;0;3;12.4582;41.928;-1;3;Velocipede;In marcia / fermata / arresto;Conducente;F;Illeso;0;;Esente;
5369111;20;14/04/2021 08:45:00;Strada Urbana;VIA FLAMINIA;in prossimità;;del civico n.;1199;;Tamponamento;Rettilineo;Una carreggiata a doppio senso;Asciutto;Asfaltata;Verticale ed orizzontale;Sereno;Normale;Buona;;1;0;0;2;12.4942;41.9879;-1;1;Autovettura privata;In marcia / fermata / arresto;Conducente;M;Rimandato;0;NON DECEDUTO;;
5369111;20;14/04/2021 08:45:00;Strada Urbana;VIA FLAMINIA;in prossimità;;del civico n.;1199;;Tamponamento;Rettilineo;Una carreggiata a doppio senso;Asciutto;Asfaltata;Verticale ed orizzontale;Sereno;Normale;Buona;;1;0;0;2;12.4942;41.9879;-1;2;Autovettura privata;In marcia / fermata / arresto;Conducente;F;Illeso;0;;;
5369111;20;14/04/2021 08:45:00;Strada Urbana;VIA FLAMINIA;in prossimità;;del civico n.;1199;;Tamponamento;Rettilineo;Una carreggiata a doppio senso;Asciutto;Asfaltata;Verticale ed orizzontale;Sereno;Normale;Buona;;1;0;0;2;12.4942;41.9879;-1;2;Autovettura privata;In marcia / fermata / arresto;Passeggero;F;Illeso;0;;;
5369129;4;14/04/2021 17:20:00;Strada Urbana;PIAZZA PIER CARLO TALENTI;in corrispondenza;;del civico n.;9;;Tamponamento;Rettilineo;Una carreggiata a senso unico di marcia;Asciutto;Asfaltata;Verticale ed orizzontale;Sereno;Normale;Buona;;1;0;0;2;12.5476;41.9442;-1;1;Autobus di linea;In marcia / fermata / arresto;Conducente;M;Illeso;0;;Esente;Inesploso
5369129;4;14/04/2021 17:20:00;Strada Urbana;PIAZZA PIER CARLO TALENTI;in corrispondenza;;del civico n.;9;;Tamponamento;Rettilineo;Una carreggiata a senso unico di marcia;Asciutto;Asfaltata;Verticale ed orizzontale;Sereno;Normale;Buona;;1;0;0;2;12.5476;41.9442;-1;1;Autobus di linea;In marcia / fermata / arresto;Passeggero;F;Rimandato;0;NON DECEDUTO;Non accertato;Inesistente