Protocollo;Gruppo;DataOraIncidente;Localizzazione1;STRADA1;Localizzazione2;STRADA2;Strada02;Chilometrica;DaSpecificare;NaturaIncidente;particolaritastrade;TipoStrada;FondoStradale;Pavimentazione;Segnaletica;CondizioneAtmosferica;Traffico;Visibilita;Illuminazione;NUM_FERITI;NUM_RISERVATA;NUM_MORTI;NUM_ILLESI;Longitude;Latitude;Confermato;Progressivo;TipoVeicolo;StatoVeicolo;TipoPersona;Sesso;Tipolesione;Deceduto;DecedutoDopo;CinturaCascoUtilizzato;Airbag;
5370520;8;15/04/2021 15:55:00;Strada Urbana;VIA LUCIANO CONTI;da specificare;;;;alt. civ. 4;Tamponamento;Rettilineo;Una carreggiata a senso unico di marcia;Bagnato (pioggia);Asfaltata;Verticale ed orizzontale;Pioggia in atto;Scarso;Buona;;0;0;0;2;12.6593;41.9079;-1;1;Autovettura privata;In marcia / fermata / arresto;Conducente;M;Illeso;0;;Non accertato;Inesploso
5370520;8;15/04/2021 15:55:00;Strada Urbana;VIA LUCIANO CONTI;da specificare;;;;alt. civ. 4;Tamponamento;Rettilineo;Una carreggiata a senso unico di marcia;Bagnato (pioggia);Asfaltata;Verticale ed orizzontale;Pioggia in atto;Scarso;Buona;;0;0;0;2;12.6593;41.9079;-1;2;Autovettura privata;In marcia / fermata / arresto;Conducente;M;Illeso;0;;Non accertato;Inesploso
5370523;8;15/04/2021 19:30:00;Strada Urbana;VIA ROBERTO LEPETIT;da specificare;;;;alt. civ. 75;Veicolo in marcia contro veicolo in sosta;Rettilineo;Una carreggiata a senso unico di marcia;Asciutto;Asfaltata;Verticale;Nuvoloso;Normale;Buona;;0;0;0;2;12.586;41.8885;-1;1;Autovettura privata;In marcia / fermata / arresto;Conducente;F;Illeso;0;;;
5370523;8;15/04/2021 19:30:00;Strada Urbana;VIA ROBERTO LEPETIT;da specificare;;;;alt. civ. 75;Veicolo in marcia contro veicolo in sosta;Rettilineo;Una carreggiata a senso unico di marcia;Asciutto;Asfaltata;Verticale;Nuvoloso;Normale;Buona;;0;0;0;2;12.586;41.8885;-1;1;Autovettura privata;In marcia / fermata / arresto;Passeggero;M;Illeso;0;;;Inesploso
5370523;8;15/04/2021 19:30:00;Strada Urbana;VIA ROBERTO LEPETIT;da specificare;;;;alt. civ. 75;Veicolo in marcia contro veicolo in sosta;Rettilineo;Una carreggiata a senso unico di marcia;Asciutto;Asfaltata;Verticale;Nuvoloso;Normale;Buona;;0;0;0;2;12.586;41.8885;-1;2;Autovettura privata;Sosta;;;;;;;
5370526;8;15/04/2021 20:30:00;Strada Urbana;VIA GIOVANNI PITTALUGA;all'intersezione con;VIA DOMENICO CUCCHIARI;VIA DOMENICO CUCCHIARI;;;Scontro frontale/laterale DX fra veicoli in marcia;Incrocio;Una carreggiata a doppio senso;Bagnato (pioggia);Asfaltata;Verticale ed orizzontale;Pioggia in atto;Scarso;Buona;;0;0;0;2;12.536;41.9001;-1;1;Autovettura privata;In marcia / fermata / arresto;Conducente;M;Illeso;0;;;
5370526;8;15/04/2021 20:30:00;Strada Urbana;VIA GIOVANNI PITTALUGA;all'intersezione con;VIA DOMENICO CUCCHIARI;VIA DOMENICO CUCCHIARI;;;Scontro frontale/laterale DX fra veicoli in marcia;Incrocio;Una carreggiata a doppio senso;Bagnato (pioggia);Asfaltata;Verticale ed orizzontale;Pioggia in atto;Scarso;Buona;;0;0;0;2;12.536;41.9001;-1;2;Autovettura privata;In marcia / fermata / arresto;Conducente;F;Illeso;0;;;
5370533;11;15/04/2021 12:30:00;Strada Urbana;VIA DEL PORTO FLUVIALE;in corrispondenza;;del civico n.;23;;Tamponamento Multiplo;Rettilineo;Una carreggiata a doppio senso;Asciutto;Asfaltata;Verticale ed orizzontale;Sereno;Intenso;Buona;;0;0;0;3;12.4772;41.8723;-1;1;Autovettura privata;In marcia / fermata / arresto;Conducente;F;Illeso;0;;Non accertato;
5370533;11;15/04/2021 12:30:00;Strada Urbana;VIA DEL PORTO FLUVIALE;in corrispondenza;;del civico n.;23;;Tamponamento Multiplo;Rettilineo;Una carreggiata a doppio senso;Asciutto;Asfaltata;Verticale ed orizzontale;Sereno;Intenso;Buona;;0;0;0;3;12.4772;41.8723;-1;2;Autovettura privata;In marcia / fermata / arresto;Conducente;F;Illeso;0;;Non accertato;
5370533;11;15/04/2021 12:30:00;Strada Urbana;VIA DEL PORTO FLUVIALE;in corrispondenza;;del civico n.;23;;Tamponamento Multiplo;Rettilineo;Una carreggiata a doppio senso;Asciutto;Asfaltata;Verticale ed orizzontale;Sereno;Intenso;Buona;;0;0;0;3;12.4772;41.8723;-1;3;Autovettura privata;In marcia / fermata / arresto;Conducente;F;Illeso;0;;Non accertato;
5370537;6;15/04/2021 21:30:00;Strada Urbana;VIA CASILINA;in prossimità;;del civico n.;995;;Veicolo in marcia contro ostacolo accidentale;Rettilineo;Una carreggiata a doppio senso;Asciutto;Asfaltata;Orizzontale;Sereno;Scarso;Sufficiente;;0;0;0;2;12.5797;41.8711;-1;1;Autovettura privata;In marcia / fermata / arresto;Conducente;F;Illeso;0;;;
5370537;6;15/04/2021 21:30:00;Strada Urbana;VIA CASILINA;in prossimità;;del civico n.;995;;Veicolo in marcia contro ostacolo accidentale;Rettilineo;Una carreggiata a doppio senso;Asciutto;Asfaltata;Orizzontale;Sereno;Scarso;Sufficiente;;0;0;0;2;12.5797;41.8711;-1;1;Autovettura privata;In marcia / fermata / arresto;Passeggero;F;Illeso;0;;;
5370538;9;15/04/2021 21:05:00;Strada Urbana;VIA APPIA NUOVA;in corrispondenza;;del civico n.;88;;Tamponamento;Rettilineo;Due carreggiate;Bagnato (umidità in atto);Asfaltata;Verticale ed orizzontale;Nuvoloso;Normale;Buona;;0;0;0;2;12.5115;41.8837;-1;1;Autovettura privata;In marcia / fermata / arresto;Conducente;F;Illeso;0;;Non accertato;Inesploso
5370538;9;15/04/2021 21:05:00;Strada Urbana;VIA APPIA NUOVA;in corrispondenza;;del civico n.;88;;Tamponamento;Rettilineo;Due carreggiate;Bagnato (umidità in atto);Asfaltata;Verticale ed orizzontale;Nuvoloso;Normale;Buona;;0;0;0;2;12.5115;41.8837;-1;2;Motociclo a solo;In marcia / fermata / arresto;Conducente;M;Illeso;0;;Non accertato;
5370569;19;15/04/2021 08:10:00;Strada Urbana;VIA DEL FORTE BRASCHI;in corrispondenza;;del civico n.;118/B;;Tamponamento;Rettilineo;Una carreggiata a doppio senso;Asciutto;Asfaltata;Orizzontale;Sereno;Normale;Buona;;0;0;0;2;12.4155;41.9133;-1;1;Autovettura privata;In marcia / fermata / arresto;Conducente;M;Illeso;0;;Non accertato;Inesploso
5370569;19;15/04/2021 08:10:00;Strada Urbana;VIA DEL FORTE BRASCHI;in corrispondenza;;del civico n.;118/B;;Tamponamento;Rettilineo;Una carreggiata a doppio senso;Asciutto;Asfaltata;Orizzontale;Sereno;Normale;Buona;;0;0;0;2;12.4155;41.9133;-1;2;Autovettura privata;In marcia / fermata / arresto;Conducente;M;Illeso;0;;Non accertato;Inesploso
5370585;19;15/04/2021 12:15:00;Strada Urbana;VIA TRIONFALE;in prossimità;;del palo luce n.;10(02862064);;Tamponamento Multiplo;Rettilineo;Una carreggiata a senso unico alternato;Asciutto;Asfaltata;Temporanea di cantiere;Sereno;Normale;Sufficiente;;1;0;0;5;12.4229;41.9409;-1;1;Autovettura privata;In marcia / fermata / arresto;Conducente;M;Illeso;0;;Non accertato;
5370585;19;15/04/2021 12:15:00;Strada Urbana;VIA TRIONFALE;in prossimità;;del palo luce n.;10(02862064);;Tamponamento Multiplo;Rettilineo;Una carreggiata a senso unico alternato;Asciutto;Asfaltata;Temporanea di cantiere;Sereno;Normale;Sufficiente;;1;0;0;5;12.4229;41.9409;-1;2;Autovettura privata;In marcia / fermata / arresto;Conducente;M;Rimandato;0;NON DECEDUTO;Non accertato;Esploso
5370585;19;15/04/2021 12:15:00;Strada Urbana;VIA TRIONFALE;in prossimità;;del palo luce n.;10(02862064);;Tamponamento Multiplo;Rettilineo;Una carreggiata a senso unico alternato;Asciutto;Asfaltata;Temporanea di cantiere;Sereno;Normale;Sufficiente;;1;0;0;5;12.4229;41.9409;-1;2;Autovettura privata;In marcia / fermata / arresto;Passeggero;F;Illeso;0;;Non accertato;Esploso
5370585;19;15/04/2021 12:15:00;Strada Urbana;VIA TRIONFALE;in prossimità;;del palo luce n.;10(02862064);;Tamponamento Multiplo;Rettilineo;Una carreggiata a senso unico alternato;Asciutto;Asfaltata;Temporanea di cantiere;Sereno;Normale;Sufficiente;;1;0;0;5;12.4229;41.9409;-1;3;Autovettura privata;In marcia / fermata / arresto;Conducente;M;Illeso;0;;Non accertato;
5370585;19;15/04/2021 12:15:00;Strada Urbana;VIA TRIONFALE;in prossimità;;del palo luce n.;10(02862064);;Tamponamento Multiplo;Rettilineo;Una carreggiata a senso unico alternato;Asciutto;Asfaltata;Temporanea di cantiere;Sereno;Normale;Sufficiente;;1;0;0;5;12.4229;41.9409;-1;4;Autovettura privata;In marcia / fermata / arresto;Conducente;M;Illeso;0;;Non accertato;
5370585;19;15/04/2021 12:15:00;Strada Urbana;VIA TRIONFALE;in prossimità;;del palo luce n.;10(02862064);;Tamponamento Multiplo;Rettilineo;Una carreggiata a senso unico alternato;Asciutto;Asfaltata;Temporanea di cantiere;Sereno;Normale;Sufficiente;;1;0;0;5;12.4229;41.9409;-1;4;Autovettura privata;In marcia / fermata / arresto;Passeggero;M;Illeso;0;;Non accertato;
5370586;7;15/04/2021 18:30:00;Strada Urbana;VIALE PALMIRO TOGLIATTI;all'intersezione con;VIA CASILINA;VIA CASILINA;;;Tamponamento;Intersezione semaforizzata;Una carreggiata a senso unico di marcia;Bagnato (pioggia);Asfaltata;Verticale ed orizzontale;Pioggia in atto;Normale;Sufficiente;;1;0;0;1;12.5695;41.8739;-1;1;Autovettura privata;In marcia / fermata / arresto;Conducente;F;Illeso;0;;Non accertato;Inesploso
5370586;7;15/04/2021 18:30:00;Strada Urbana;VIALE PALMIRO TOGLIATTI;all'intersezione con;VIA CASILINA;VIA CASILINA;;;Tamponamento;Intersezione semaforizzata;Una carreggiata a senso unico di marcia;Bagnato (pioggia);Asfaltata;Verticale ed orizzontale;Pioggia in atto;Normale;Sufficiente;;1;0;0;1;12.5695;41.8739;-1;2;Motociclo a solo;In marcia / fermata / arresto;Conducente;M;Rimandato;0;NON DECEDUTO;Non accertato;
5370589;10;15/04/2021 17:24:00;Strada Urbana;VIALE DEI SALESIANI;in prossimità;;del civico n.;60;;Scontro laterale fra veicoli in marcia;Rettilineo;Due carreggiate;Bagnato (pioggia);Asfaltata;Verticale ed orizzontale;Pioggia in atto;Normale;Buona;;1;0;0;1;12.5672;41.8568;-1;1;Autovettura privata;In marcia / fermata / arresto;Conducente;F;Rimandato;0;NON DECEDUTO;Non accertato;Inesploso
5370589;10;15/04/2021 17:24:00;Strada Urbana;VIALE DEI SALESIANI;in prossimità;;del civico n.;60;;Scontro laterale fra veicoli in marcia;Rettilineo;Due carreggiate;Bagnato (pioggia);Asfaltata;Verticale ed orizzontale;Pioggia in atto;Normale;Buona;;1;0;0;1;12.5672;41.8568;-1;2;Autovettura privata;In marcia / fermata / arresto;Conducente;M;Illeso;0;;Non accertato;Inesploso
5370591;15;15/04/2021 13:10:00;Strada Urbana;VIA PORTUENSE;da specificare;;;;FRONTE CIVICO 409;Tamponamento;Rettilineo;Una carreggiata a doppio senso;Asciutto;Asfaltata;Orizzontale;Nuvoloso;Scarso;Buona;;2;0;0;0;12.414;41.8469;-1;1;Autovettura privata;In marcia / fermata / arresto;Conducente;F;Rimandato;0;NON DECEDUTO;Non accertato;Inesploso
5370591;15;15/04/2021 13:10:00;Strada Urbana;VIA PORTUENSE;da specificare;;;;FRONTE CIVICO 409;Tamponamento;Rettilineo;Una carreggiata a doppio senso;Asciutto;Asfaltata;Orizzontale;Nuvoloso;Scarso;Buona;;2;0;0;0;12.414;41.8469;-1;2;Autovettura privata;In marcia / fermata / arresto;Conducente;M;Rimandato;0;NON DECEDUTO;Non accertato;
5370594;12;16/04/2021 05:55:00;Provinciale;VIA ARDEATINA;da specificare;;;;dir. Roma prima della rotatoria di via Falcognana;Scontro laterale fra veicoli in marcia;Rettilineo;Una carreggiata a doppio senso;Asciutto;Asfaltata;Verticale ed orizzontale;Nuvoloso;Normale;Buona;;0;0;0;1;12.5598;41.7586;-1;1;Autovettura privata;In marcia / fermata / arresto;Conducente;M;Illeso;0;;Non accertato;
5370594;12;16/04/2021 05:55:00;Provinciale;VIA ARDEATINA;da specificare;;;;dir. Roma prima della rotatoria di via Falcognana;Scontro laterale fra veicoli in marcia;Rettilineo;Una carreggiata a doppio senso;Asciutto;Asfaltata;Verticale ed orizzontale;Nuvoloso;Normale;Buona;;0;0;0;1;12.5598;41.7586;-1;2;Autovettura privata;Allontanatosi;;;;;;;
5370598;20;15/04/2021 11:20:00;Regionale entro l'abitato;VIA CASSIA;in corrispondenza;;del civico n.;1690;;Investimento di pedone;Rettilineo;Una carreggiata a doppio senso;Asciutto;Asfaltata;Verticale ed orizzontale;Sereno;Normale;Buona;;1;0;0;1;12.3818;42.0039;-1;;;;Pedone;M;Ricoverato;0;NON DECEDUTO;;
5370598;20;15/04/2021 11:20:00;Regionale entro l'abitato;VIA CASSIA;in corrispondenza;;del civico n.;1690;;Investimento di pedone;Rettilineo;Una carreggiata a doppio senso;Asciutto;Asfaltata;Verticale ed orizzontale;Sereno;Normale;Buona;;1;0;0;1;12.3818;42.0039;-1;1;Autovettura privata;In marcia / fermata / arresto;Conducente;M;Illeso;0;;Non accertato;Inesploso
5370604;1;15/04/2021 15:20:00;Strada Urbana;VIA MERULANA;in prossimità;;del civico n.;24;;Scontro laterale fra veicoli in marcia;Rettilineo;Una carreggiata a doppio senso;Asciutto;Asfaltata;Verticale ed orizzontale;Sereno;Normale;Buona;;1;0;0;1;12.4995;41.8963;-1;1;Motociclo a solo;In marcia / fermata / arresto;Conducente;M;Illeso;0;;Non accertato;
5370604;1;15/04/2021 15:20:00;Strada Urbana;VIA MERULANA;in prossimità;;del civico n.;24;;Scontro laterale fra veicoli in marcia;Rettilineo;Una carreggiata a doppio senso;Asciutto;Asfaltata;Verticale ed orizzontale;Sereno;Normale;Buona;;1;0;0;1;12.4995;41.8963;-1;2;Micromobilità elettrica - Hoverboard;In marcia / fermata / arresto;Conducente;M;Rifiuta cure immediate;0;NON DECEDUTO;Non accertato;Inesistente
5370606;10;15/04/2021 09:00:00;Statale;VIA APPIA NUOVA;da specificare;;;;km 15,00 dir. fuori Roma;Tamponamento;Rettilineo;Due carreggiate;Asciutto;Asfaltata;Verticale ed orizzontale;Sereno;Normale;Buona;;0;0;0;2;12.5824;41.802;-1;1;Autovettura privata;In marcia / fermata / arresto;Conducente;M;Illeso;0;;Non accertato;Inesploso
5370606;10;15/04/2021 09:00:00;Statale;VIA APPIA NUOVA;da specificare;;;;km 15,00 dir. fuori Roma;Tamponamento;Rettilineo;Due carreggiate;Asciutto;Asfaltata;Verticale ed orizzontale;Sereno;Normale;Buona;;0;0;0;2;12.5824;41.802;-1;2;Autovettura privata;In marcia / fermata / arresto;Conducente;M;Illeso;0;;Non accertato;Inesploso
5370614;20;15/04/2021 14:16:00;Strada Urbana;GALLERIA GIOVANNI XXIII;da specificare;;;;prossimità uscita direzione Pineta Sacchetti;Tamponamento Multiplo;Galleria illuminata;Una carreggiata a senso unico di marcia;Asciutto;Asfaltata;Verticale ed orizzontale;Nuvoloso;Normale;Sufficiente;;0;0;0;4;12.4411;41.9404;-1;1;Autovettura privata;In marcia / fermata / arresto;Conducente;M;Illeso;0;;Non accertato;
5370614;20;15/04/2021 14:16:00;Strada Urbana;GALLERIA GIOVANNI XXIII;da specificare;;;;prossimità uscita direzione Pineta Sacchetti;Tamponamento Multiplo;Galleria illuminata;Una carreggiata a senso unico di marcia;Asciutto;Asfaltata;Verticale ed orizzontale;Nuvoloso;Normale;Sufficiente;;0;0;0;4;12.4411;41.9404;-1;2;Autovettura privata;In marcia / fermata / arresto;Conducente;F;Illeso;0;;Non accertato;
5370614;20;15/04/2021 14:16:00;Strada Urbana;GALLERIA GIOVANNI XXIII;da specificare;;;;prossimità uscita direzione Pineta Sacchetti;Tamponamento Multiplo;Galleria illuminata;Una carreggiata a senso unico di marcia;Asciutto;Asfaltata;Verticale ed orizzontale;Nuvoloso;Normale;Sufficiente;;0;0;0;4;12.4411;41.9404;-1;3;Autovettura privata;In marcia / fermata / arresto;Conducente;F;Illeso;0;;Non accertato;
5370614;20;15/04/2021 14:16:00;Strada Urbana;GALLERIA GIOVANNI XXIII;da specificare;;;;prossimità uscita direzione Pineta Sacchetti;Tamponamento Multiplo;Galleria illuminata;Una carreggiata a senso unico di marcia;Asciutto;Asfaltata;Verticale ed orizzontale;Nuvoloso;Normale;Sufficiente;;0;0;0;4;12.4411;41.9404;-1;3;Autovettura privata;In marcia / fermata / arresto;Passeggero;F;Illeso;0;;Non accertato;
5370615;18;15/04/2021 23:15:00;Strada Urbana;VIA ANTONIO PANE;all'intersezione con;VIA ENRICO BONDI;VIA ENRICO BONDI;;;Veicolo in marcia contro veicoli in sosta;Incrocio;Una carreggiata a doppio senso;Bagnato (umidità in atto);Asfaltata;Verticale ed orizzontale;Nuvoloso;Scarso;Buona;;0;0;0;1;12.3857;41.8969;-1;1;Autoarticolato;In marcia / fermata / arresto;Conducente;M;Illeso;0;;;
5370615;18;15/04/2021 23:15:00;Strada Urbana;VIA ANTONIO PANE;all'intersezione con;VIA ENRICO BONDI;VIA ENRICO BONDI;;;Veicolo in marcia contro veicoli in sosta;Incrocio;Una carreggiata a doppio senso;Bagnato (umidità in atto);Asfaltata;Verticale ed orizzontale;Nuvoloso;Scarso;Buona;;0;0;0;1;12.3857;41.8969;-1;2;Autovettura privata;Sosta;;;;;;;
5370615;18;15/04/2021 23:15:00;Strada Urbana;VIA ANTONIO PANE;all'intersezione con;VIA ENRICO BONDI;VIA ENRICO BONDI;;;Veicolo in marcia contro veicoli in sosta;Incrocio;Una carreggiata a doppio senso;Bagnato (umidità in atto);Asfaltata;Verticale ed orizzontale;Nuvoloso;Scarso;Buona;;0;0;0;1;12.3857;41.8969;-1;3;Autovettura privata;Sosta;;;;;;;
5370615;18;15/04/2021 23:15:00;Strada Urbana;VIA ANTONIO PANE;all'intersezione con;VIA ENRICO BONDI;VIA ENRICO BONDI;;;Veicolo in marcia contro veicoli in sosta;Incrocio;Una carreggiata a doppio senso;Bagnato (umidità in atto);Asfaltata;Verticale ed orizzontale;Nuvoloso;Scarso;Buona;;0;0;0;1;12.3857;41.8969;-1;4;Autovettura privata;Sosta;;;;;;;
5370620;5;15/04/2021 19:40:00;Strada Urbana;VIA TIBURTINA;in prossimità;;del civico n.;492;;Veicolo in marcia contro veicolo in sosta;Rettilineo;Più di due carreggiate;Asciutto;Asfaltata;Verticale ed orizzontale;Nuvoloso;Normale;Buona;;0;0;0;1;12.5408;41.9085;-1;1;Autovettura privata;Sosta;;;;;;;
5370620;5;15/04/2021 19:40:00;Strada Urbana;VIA TIBURTINA;in prossimità;;del civico n.;492;;Veicolo in marcia contro veicolo in sosta;Rettilineo;Più di due carreggiate;Asciutto;Asfaltata;Verticale ed orizzontale;Nuvoloso;Normale;Buona;;0;0;0;1;12.5408;41.9085;-1;2;Autovettura privata;In marcia / fermata / arresto;Conducente;M;Illeso;0;;Non accertato;
5370642;10;15/04/2021 08:40:00;Strada Urbana;PIAZZA DEI TRIBUNI;in corrispondenza;;del civico n.;62;;Tamponamento;Rettilineo;Una carreggiata a senso unico di marcia;Asciutto;Asfaltata;Verticale ed orizzontale;Sereno;Normale;Buona;;0;0;0;2;12.5505;41.8646;-1;1;Autovettura privata;In marcia / fermata / arresto;Conducente;M;Illeso;0;;Non accertato;Inesploso
5370642;10;15/04/2021 08:40:00;Strada Urbana;PIAZZA DEI TRIBUNI;in corrispondenza;;del civico n.;62;;Tamponamento;Rettilineo;Una carreggiata a senso unico di marcia;Asciutto;Asfaltata;Verticale ed orizzontale;Sereno;Normale;Buona;;0;0;0;2;12.5505;41.8646;-1;2;Autovettura privata;In marcia / fermata / arresto;Conducente;M;Illeso;0;;Non accertato;Inesploso
5370644;19;15/04/2021 12:00:00;Strada Urbana;VIALE DELLE MEDAGLIE D'ORO;in corrispondenza;;del civico n.;283;;Veicolo in marcia contro veicolo in sosta;Curva a visuale libera;Una carreggiata a doppio senso;Asciutto;Asfaltata;Orizzontale;Sereno;Normale;Buona;;0;0;0;1;12.4427;41.9195;-1;1;Autovettura privata;In marcia / fermata / arresto;Conducente;M;Illeso;0;;;
5370644;19;15/04/2021 12:00:00;Strada Urbana;VIALE DELLE MEDAGLIE D'ORO;in corrispondenza;;del civico n.;283;;Veicolo in marcia contro veicolo in sosta;Curva a visuale libera;Una carreggiata a doppio senso;Asciutto;Asfaltata;Orizzontale;Sereno;Normale;Buona;;0;0;0;1;12.4427;41.9195;-1;2;Autovettura privata;Sosta;;;;;;;
5370644;19;15/04/2021 12:00:00;Strada Urbana;VIALE DELLE MEDAGLIE D'ORO;in corrispondenza;;del civico n.;283;;Veicolo in marcia contro veicolo in sosta;Curva a visuale libera;Una carreggiata a doppio senso;Asciutto;Asfaltata;Orizzontale;Sereno;Normale;Buona;;0;0;0;1;12.4427;41.9195;-1;3;Autovettura privata;Sosta;;;;;;;
5370644;19;15/04/2021 12:00:00;Strada Urbana;VIALE DELLE MEDAGLIE D'ORO;in corrispondenza;;del civico n.;283;;Veicolo in marcia contro veicolo in sosta;Curva a visuale libera;Una carreggiata a doppio senso;Asciutto;Asfaltata;Orizzontale;Sereno;Normale;Buona;;0;0;0;1;12.4427;41.9195;-1;4;Motociclo a solo;Sosta;;;;;;;
5370648;5;15/04/2021 18:20:00;Strada Urbana;VIA TIBURTINA;in corrispondenza;;del civico n.;1484;;Scontro frontale/laterale DX fra veicoli in marcia;Rettilineo;Una carreggiata a doppio senso;Bagnato (pioggia);Strada pavimentata dissestata;Temporanea di cantiere;Pioggia in atto;Normale;Buona;;1;0;0;1;12.6331;41.9406;-1;1;Autovettura privata;In marcia / fermata / arresto;Conducente;M;Illeso;0;;;
5370648;5;15/04/2021 18:20:00;Strada Urbana;VIA TIBURTINA;in corrispondenza;;del civico n.;1484;;Scontro frontale/laterale DX fra veicoli in marcia;Rettilineo;Una carreggiata a doppio senso;Bagnato (pioggia);Strada pavimentata dissestata;Temporanea di cantiere;Pioggia in atto;Normale;Buona;;1;0;0;1;12.6331;41.9406;-1;2;Autovettura privata;In marcia / fermata / arresto;Conducente;M;Rimandato;0;NON DECEDUTO;;Esploso
5370654;20;15/04/2021 17:05:00;Strada Urbana;VIA DEGLI ORTI DELLA FARNESINA;in corrispondenza;;del civico n.;9;;Scontro laterale fra veicoli in marcia;Rettilineo;Una carreggiata a doppio senso;Bagnato (pioggia);Asfaltata;Verticale ed orizzontale;Pioggia in atto;Normale;Buona;;0;0;0;2;12.4644;41.9389;-1;1;Autovettura privata;In marcia / fermata / arresto;Conducente;M;Illeso;0;;Non accertato;Inesploso
5370654;20;15/04/2021 17:05:00;Strada Urbana;VIA DEGLI ORTI DELLA FARNESINA;in corrispondenza;;del civico n.;9;;Scontro laterale fra veicoli in marcia;Rettilineo;Una carreggiata a doppio senso;Bagnato (pioggia);Asfaltata;Verticale ed orizzontale;Pioggia in atto;Normale;Buona;;0;0;0;2;12.4644;41.9389;-1;2;Motociclo a solo;In marcia / fermata / arresto;Conducente;M;Illeso;0;;Non accertato;
5370671;4;15/04/2021 14:30:00;Strada Urbana;VIA RENATO FUCINI;in prossimità;;del civico n.;140;;Veicolo in marcia contro veicolo fermo;Rettilineo;Due carreggiate;Asciutto;Asfaltata;Verticale;Nuvoloso;Normale;Buona;;0;0;0;2;12.5486;41.9508;-1;1;Autovettura privata;In marcia / fermata / arresto;Conducente;M;Illeso;0;;Non accertato;Inesploso
5370671;4;15/04/2021 14:30:00;Strada Urbana;VIA RENATO FUCINI;in prossimità;;del civico n.;140;;Veicolo in marcia contro veicolo fermo;Rettilineo;Due carreggiate;Asciutto;Asfaltata;Verticale;Nuvoloso;Normale;Buona;;0;0;0;2;12.5486;41.9508;-1;2;Autovettura privata;In marcia / fermata / arresto;Conducente;M;Illeso;0;;Non accertato;Inesploso
5370673;20;15/04/2021 13:10:00;Strada Urbana;VIA TORBOLE;in prossimità;;del civico n.;56;;Veicolo in marcia contro veicoli in sosta;Rettilineo;Una carreggiata a senso unico di marcia;Asciutto;Asfaltata;Assente;Nuvoloso;Scarso;Buona;;0;0;0;1;12.4505;41.9525;-1;1;Autocarro inferiore 35 q.;In marcia / fermata / arresto;Conducente;M;Illeso;0;;;
5370673;20;15/04/2021 13:10:00;Strada Urbana;VIA TORBOLE;in prossimità;;del civico n.;56;;Veicolo in marcia contro veicoli in sosta;Rettilineo;Una carreggiata a senso unico di marcia;Asciutto;Asfaltata;Assente;Nuvoloso;Scarso;Buona;;0;0;0;1;12.4505;41.9525;-1;2;Autovettura privata;Sosta;;;;;;;
5370673;20;15/04/2021 13:10:00;Strada Urbana;VIA TORBOLE;in prossimità;;del civico n.;56;;Veicolo in marcia contro veicoli in sosta;Rettilineo;Una carreggiata a senso unico di marcia;Asciutto;Asfaltata;Assente;Nuvoloso;Scarso;Buona;;0;0;0;1;12.4505;41.9525;-1;3;Autovettura privata;Sosta;;;;;;;
5370673;20;15/04/2021 13:10:00;Strada Urbana;VIA TORBOLE;in prossimità;;del civico n.;56;;Veicolo in marcia contro veicoli in sosta;Rettilineo;Una carreggiata a senso unico di marcia;Asciutto;Asfaltata;Assente;Nuvoloso;Scarso;Buona;;0;0;0;1;12.4505;41.9525;-1;4;Autovettura privata;Sosta;;;;;;;
5370673;20;15/04/2021 13:10:00;Strada Urbana;VIA TORBOLE;in prossimità;;del civico n.;56;;Veicolo in marcia contro veicoli in sosta;Rettilineo;Una carreggiata a senso unico di marcia;Asciutto;Asfaltata;Assente;Nuvoloso;Scarso;Buona;;0;0;0;1;12.4505;41.9525;-1;5;Autovettura privata;Sosta;;;;;;;
5370677;5;15/04/2021 16:30:00;Strada Urbana;VIA ALDO SANDULLI;in corrispondenza;;del civico n.;19;;Veicolo in marcia contro veicolo in sosta;Rettilineo;Due carreggiate;Bagnato (pioggia);Asfaltata;Assente;Pioggia in atto;Scarso;Buona;;0;0;0;2;12.5848;41.9465;-1;1;Autovettura privata;In marcia / fermata / arresto;Conducente;M;Illeso;0;;;
5370677;5;15/04/2021 16:30:00;Strada Urbana;VIA ALDO SANDULLI;in corrispondenza;;del civico n.;19;;Veicolo in marcia contro veicolo in sosta;Rettilineo;Due carreggiate;Bagnato (pioggia);Asfaltata;Assente;Pioggia in atto;Scarso;Buona;;0;0;0;2;12.5848;41.9465;-1;1;Autovettura privata;In marcia / fermata / arresto;Passeggero;M;Illeso;0;;;
5370677;5;15/04/2021 16:30:00;Strada Urbana;VIA ALDO SANDULLI;in corrispondenza;;del civico n.;19;;Veicolo in marcia contro veicolo in sosta;Rettilineo;Due carreggiate;Bagnato (pioggia);Asfaltata;Assente;Pioggia in atto;Scarso;Buona;;0;0;0;2;12.5848;41.9465;-1;2;Autovettura privata;Sosta;;;;;;;
5370679;3;15/04/2021 14:15:00;Strada Urbana;VIA RAVENNA;da specificare;;;;altezza civico 23;Investimento di pedone;Rettilineo;Una carreggiata a doppio senso;Asciutto;Asfaltata;Verticale ed orizzontale;Nuvoloso;;Buona;;2;0;0;0;12.5189;41.9132;-1;;;;Pedone;M;Rimandato;0;NON DECEDUTO;;