Protocollo;Gruppo;DataOraIncidente;Localizzazione1;STRADA1;Localizzazione2;STRADA2;Strada02;Chilometrica;DaSpecificare;NaturaIncidente;particolaritastrade;TipoStrada;FondoStradale;Pavimentazione;Segnaletica;CondizioneAtmosferica;Traffico;Visibilita;Illuminazione;NUM_FERITI;NUM_RISERVATA;NUM_MORTI;NUM_ILLESI;Longitude;Latitude;Confermato;Progressivo;TipoVeicolo;StatoVeicolo;TipoPersona;Sesso;Tipolesione;Deceduto;DecedutoDopo;CinturaCascoUtilizzato;Airbag;
5375503;5;19/04/2021 08:30:00;Strada Urbana;NUOVA CIRCONVALLAZIONE INTERNA;da specificare;;;;dir.Salaria tratto scoperto accesso da Portonaccio;Scontro laterale fra veicoli in marcia;Rettilineo;Due carreggiate;Asciutto;Asfaltata;Verticale ed orizzontale;Sereno;Normale;Buona;;0;0;0;2;12.5342;41.9081;-1;1;Autovettura privata;In marcia / fermata / arresto;Conducente;F;Illeso;0;;Non accertato;
5375503;5;19/04/2021 08:30:00;Strada Urbana;NUOVA CIRCONVALLAZIONE INTERNA;da specificare;;;;dir.Salaria tratto scoperto accesso da Portonaccio;Scontro laterale fra veicoli in marcia;Rettilineo;Due carreggiate;Asciutto;Asfaltata;Verticale ed orizzontale;Sereno;Normale;Buona;;0;0;0;2;12.5342;41.9081;-1;2;Motociclo a solo;In marcia / fermata / arresto;Conducente;M;Illeso;0;;Non accertato;
5375505;16;18/04/2021 12:00:00;Strada Urbana;VIA ADOLFO GANDIGLIO;in prossimità;;del civico n.;76;;Veicolo in marcia contro veicolo in sosta;Rettilineo;Una carreggiata a doppio senso;Asciutto;Asfaltata;Assente;Nuvoloso;Scarso;Buona;;0;0;0;1;12.4405;41.8646;-1;1;Autovettura privata;Sosta;;;;;;;
5375505;16;18/04/2021 12:00:00;Strada Urbana;VIA ADOLFO GANDIGLIO;in prossimità;;del civico n.;76;;Veicolo in marcia contro veicolo in sosta;Rettilineo;Una carreggiata a doppio senso;Asciutto;Asfaltata;Assente;Nuvoloso;Scarso;Buona;;0;0;0;1;12.4405;41.8646;-1;2;Autovettura privata;In marcia / fermata / arresto;Conducente;M;Illeso;0;;Non accertato;
5375509;5;19/04/2021 13:00:00;Strada Urbana;VIA TIBURTINA;da specificare;;;;alt. fermata metro Ponte Mammolo dir. GRA;Tamponamento;Cavalcavia;Una carreggiata a senso unico di marcia;Asciutto;Asfaltata;Verticale ed orizzontale;Nuvoloso;Normale;Buona;;2;0;0;0;12.5659;41.9201;-1;1;Autobus di linea;In marcia / fermata / arresto;Conducente;M;Rimandato;0;NON DECEDUTO;Non accertato;
5375509;5;19/04/2021 13:00:00;Strada Urbana;VIA TIBURTINA;da specificare;;;;alt. fermata metro Ponte Mammolo dir. GRA;Tamponamento;Cavalcavia;Una carreggiata a senso unico di marcia;Asciutto;Asfaltata;Verticale ed orizzontale;Nuvoloso;Normale;Buona;;2;0;0;0;12.5659;41.9201;-1;2;Autobus di linea;In marcia / fermata / arresto;Conducente;M;Rimandato;0;NON DECEDUTO;Non accertato;
5375515;1;19/04/2021 11:55:00;Strada Urbana;VIA DI S. CROCE IN GERUSALEMME;all'intersezione semaforizzata con;VIA STATILIA;VIA STATILIA;;;Scontro frontale/laterale DX fra veicoli in marcia;Intersezione semaforizzata;Una carreggiata a doppio senso;Bagnato (pioggia);Asfaltata;Verticale ed orizzontale;Nuvoloso;Normale;Buona;;1;0;0;1;12.5118;41.8904;-1;1;Autovettura privata;In marcia / fermata / arresto;Conducente;M;Illeso;0;;Non accertato;
5375515;1;19/04/2021 11:55:00;Strada Urbana;VIA DI S. CROCE IN GERUSALEMME;all'intersezione semaforizzata con;VIA STATILIA;VIA STATILIA;;;Scontro frontale/laterale DX fra veicoli in marcia;Intersezione semaforizzata;Una carreggiata a doppio senso;Bagnato (pioggia);Asfaltata;Verticale ed orizzontale;Nuvoloso;Normale;Buona;;1;0;0;1;12.5118;41.8904;-1;2;Motociclo a solo;In marcia / fermata / arresto;Conducente;M;Ricoverato;0;NON DECEDUTO;;
5375521;5;19/04/2021 13:10:00;Strada Urbana;VIA TIBURTINA;in prossimità;;del civico n.;1064;;Scontro laterale fra veicoli in marcia;Rettilineo;Due carreggiate;Bagnato (pioggia);Strada pavimentata dissestata;Temporanea di cantiere;Pioggia in atto;Normale;Buona;;1;0;0;1;12.5845;41.9325;-1;1;Autovettura privata;In marcia / fermata / arresto;Conducente;M;Illeso;0;;Non accertato;
5375521;5;19/04/2021 13:10:00;Strada Urbana;VIA TIBURTINA;in prossimità;;del civico n.;1064;;Scontro laterale fra veicoli in marcia;Rettilineo;Due carreggiate;Bagnato (pioggia);Strada pavimentata dissestata;Temporanea di cantiere;Pioggia in atto;Normale;Buona;;1;0;0;1;12.5845;41.9325;-1;2;Motociclo a solo;In marcia / fermata / arresto;Conducente;M;Rimandato;0;NON DECEDUTO;Non accertato;
5375550;5;19/04/2021 16:00:00;Strada Urbana;VIA TIBURTINA;da specificare;;;;altezza ponte di Ponte Mammolo direz. Rebibbia;Scontro laterale fra veicoli in marcia;Rettilineo;Una carreggiata a senso unico di marcia;Bagnato (pioggia);Asfaltata;Orizzontale;Pioggia in atto;Normale;Sufficiente;;0;0;0;3;12.5649;41.9193;-1;1;Autovettura privata;In marcia / fermata / arresto;Conducente;M;Illeso;0;;Non accertato;
5375550;5;19/04/2021 16:00:00;Strada Urbana;VIA TIBURTINA;da specificare;;;;altezza ponte di Ponte Mammolo direz. Rebibbia;Scontro laterale fra veicoli in marcia;Rettilineo;Una carreggiata a senso unico di marcia;Bagnato (pioggia);Asfaltata;Orizzontale;Pioggia in atto;Normale;Sufficiente;;0;0;0;3;12.5649;41.9193;-1;1;Autovettura privata;In marcia / fermata / arresto;Passeggero;M;Illeso;0;;Non accertato;
5375550;5;19/04/2021 16:00:00;Strada Urbana;VIA TIBURTINA;da specificare;;;;altezza ponte di Ponte Mammolo direz. Rebibbia;Scontro laterale fra veicoli in marcia;Rettilineo;Una carreggiata a senso unico di marcia;Bagnato (pioggia);Asfaltata;Orizzontale;Pioggia in atto;Normale;Sufficiente;;0;0;0;3;12.5649;41.9193;-1;2;Autobus in extraurbana;In marcia / fermata / arresto;Conducente;M;Illeso;0;;Non accertato;
5375562;15;19/04/2021 08:30:00;Strada Urbana;VIA DI AFFOGALASINO;da specificare;;;;in prossimità del fronte civico 10;Veicolo in marcia contro veicolo arresto;Rettilineo;Una carreggiata a doppio senso;Bagnato (brina);Asfaltata;Orizzontale;Sereno;Normale;Sufficiente;;0;0;0;2;12.4352;41.8585;-1;1;Autovettura privata;In marcia / fermata / arresto;Conducente;F;Illeso;0;;Non accertato;Inesploso
5375562;15;19/04/2021 08:30:00;Strada Urbana;VIA DI AFFOGALASINO;da specificare;;;;in prossimità del fronte civico 10;Veicolo in marcia contro veicolo arresto;Rettilineo;Una carreggiata a doppio senso;Bagnato (brina);Asfaltata;Orizzontale;Sereno;Normale;Sufficiente;;0;0;0;2;12.4352;41.8585;-1;2;Autovettura privata;In marcia / fermata / arresto;Conducente;F;Illeso;0;;Non accertato;Inesploso
5375587;15;19/04/2021 15:10:00;Strada Urbana;VIA PORTUENSE;in corrispondenza;;del civico n.;718;;Scontro laterale fra veicoli in marcia;Rettilineo;Una carreggiata a doppio senso;Bagnato (umidità in atto);Asfaltata;Orizzontale;Nuvoloso;Normale;Buona;;1;0;0;1;12.433;41.8519;-1;1;Autovettura privata;In marcia / fermata / arresto;Conducente;M;Illeso;0;;Non accertato;Inesploso
5375587;15;19/04/2021 15:10:00;Strada Urbana;VIA PORTUENSE;in corrispondenza;;del civico n.;718;;Scontro laterale fra veicoli in marcia;Rettilineo;Una carreggiata a doppio senso;Bagnato (umidità in atto);Asfaltata;Orizzontale;Nuvoloso;Normale;Buona;;1;0;0;1;12.433;41.8519;-1;2;Motociclo a solo;In marcia / fermata / arresto;Conducente;F;Rimandato;0;NON DECEDUTO;Non accertato;
5375642;9;19/04/2021 15:15:00;Strada Urbana;VIA GIUSEPPE MANNO;in prossimità;;del civico n.;10;;Veicolo in marcia contro veicoli in sosta;Rettilineo;Una carreggiata a senso unico di marcia;Bagnato (pioggia);Asfaltata;Assente;Pioggia in atto;Scarso;Buona;;0;0;0;2;12.5196;41.8734;-1;1;Autovettura privata;In marcia / fermata / arresto;Conducente;F;Illeso;0;;Non accertato;Inesploso
5375642;9;19/04/2021 15:15:00;Strada Urbana;VIA GIUSEPPE MANNO;in prossimità;;del civico n.;10;;Veicolo in marcia contro veicoli in sosta;Rettilineo;Una carreggiata a senso unico di marcia;Bagnato (pioggia);Asfaltata;Assente;Pioggia in atto;Scarso;Buona;;0;0;0;2;12.5196;41.8734;-1;1;Autovettura privata;In marcia / fermata / arresto;Passeggero;F;Illeso;0;;Non accertato;Inesploso
5375642;9;19/04/2021 15:15:00;Strada Urbana;VIA GIUSEPPE MANNO;in prossimità;;del civico n.;10;;Veicolo in marcia contro veicoli in sosta;Rettilineo;Una carreggiata a senso unico di marcia;Bagnato (pioggia);Asfaltata;Assente;Pioggia in atto;Scarso;Buona;;0;0;0;2;12.5196;41.8734;-1;2;Autovettura privata;Sosta;;;;;;;
5375642;9;19/04/2021 15:15:00;Strada Urbana;VIA GIUSEPPE MANNO;in prossimità;;del civico n.;10;;Veicolo in marcia contro veicoli in sosta;Rettilineo;Una carreggiata a senso unico di marcia;Bagnato (pioggia);Asfaltata;Assente;Pioggia in atto;Scarso;Buona;;0;0;0;2;12.5196;41.8734;-1;3;Autovettura privata;Sosta;;;;;;;
5375650;9;19/04/2021 16:15:00;Strada Urbana;VIA VETURIA;in prossimità;;del civico n.;4;;Tamponamento Multiplo;Rettilineo;Una carreggiata a senso unico di marcia;Bagnato (pioggia);Asfaltata;Verticale ed orizzontale;Pioggia in atto;Intenso;Buona;;0;0;0;4;12.522;41.8763;-1;1;Autocarro inferiore 35 q.;In marcia / fermata / arresto;Conducente;M;Illeso;0;;Non accertato;Inesploso
5375650;9;19/04/2021 16:15:00;Strada Urbana;VIA VETURIA;in prossimità;;del civico n.;4;;Tamponamento Multiplo;Rettilineo;Una carreggiata a senso unico di marcia;Bagnato (pioggia);Asfaltata;Verticale ed orizzontale;Pioggia in atto;Intenso;Buona;;0;0;0;4;12.522;41.8763;-1;1;Autocarro inferiore 35 q.;In marcia / fermata / arresto;Passeggero;M;Illeso;0;;Non accertato;Inesploso
5375650;9;19/04/2021 16:15:00;Strada Urbana;VIA VETURIA;in prossimità;;del civico n.;4;;Tamponamento Multiplo;Rettilineo;Una carreggiata a senso unico di marcia;Bagnato (pioggia);Asfaltata;Verticale ed orizzontale;Pioggia in atto;Intenso;Buona;;0;0;0;4;12.522;41.8763;-1;2;Autovettura privata;In marcia / fermata / arresto;Conducente;F;Illeso;0;;Non accertato;Inesploso
5375650;9;19/04/2021 16:15:00;Strada Urbana;VIA VETURIA;in prossimità;;del civico n.;4;;Tamponamento Multiplo;Rettilineo;Una carreggiata a senso unico di marcia;Bagnato (pioggia);Asfaltata;Verticale ed orizzontale;Pioggia in atto;Intenso;Buona;;0;0;0;4;12.522;41.8763;-1;3;Autovettura privata;In marcia / fermata / arresto;Conducente;M;Illeso;0;;Non accertato;Inesploso
5375650;9;19/04/2021 16:15:00;Strada Urbana;VIA VETURIA;in prossimità;;del civico n.;4;;Tamponamento Multiplo;Rettilineo;Una carreggiata a senso unico di marcia;Bagnato (pioggia);Asfaltata;Verticale ed orizzontale;Pioggia in atto;Intenso;Buona;;0;0;0;4;12.522;41.8763;-1;4;Autovettura privata;Sosta;;;;;;;
5375704;15;19/04/2021 09:50:00;Strada Urbana;VIA DELLA MAGLIANA;all'intersezione con;VIA CAPRESE;VIA CAPRESE;;;Veicolo in marcia contro ostacolo fisso;Intersezione non regolata/non segnalata;Una carreggiata a doppio senso;Asciutto;Asfaltata;Verticale ed orizzontale;Sereno;Normale;Buona;;0;0;0;1;12.4196;41.8317;-1;1;Autovettura privata;In marcia / fermata / arresto;Conducente;M;Illeso;0;;Non accertato;
5375706;15;19/04/2021 21:15:00;Strada Urbana;VIADOTTO DELLA MAGLIANA;da specificare;;;;direz. GRA pross. rampa immiss. Via Cappellaccio;Veicolo in marcia contro ostacolo fisso;Curva senza visuale libera;Due carreggiate;Bagnato (pioggia);Asfaltata;Orizzontale;Pioggia in atto;Scarso;Buona;;0;0;0;1;12.4632;41.8418;-1;1;Autovettura privata;In marcia / fermata / arresto;Conducente;F;Illeso;0;;Non accertato;Inesploso
5375707;15;19/04/2021 20:00:00;Strada Urbana;VIA DEL TRULLO;in corrispondenza;;del civico n.;176;;Tamponamento;Rettilineo;Una carreggiata a doppio senso;Bagnato (pioggia);Asfaltata;Verticale;Nuvoloso;Normale;Buona;;0;0;0;2;12.4355;41.8468;-1;1;Motociclo a solo;In marcia / fermata / arresto;Conducente;M;Illeso;0;;;
5375707;15;19/04/2021 20:00:00;Strada Urbana;VIA DEL TRULLO;in corrispondenza;;del civico n.;176;;Tamponamento;Rettilineo;Una carreggiata a doppio senso;Bagnato (pioggia);Asfaltata;Verticale;Nuvoloso;Normale;Buona;;0;0;0;2;12.4355;41.8468;-1;2;Autovettura privata;In marcia / fermata / arresto;Conducente;M;Illeso;0;;;
5375950;17;19/04/2021 15:00:00;Strada Urbana;VIALE GIULIO CESARE;in prossimità;;del civico n.;223;;Investimento di pedone;Rettilineo;Due carreggiate;Bagnato (pioggia);Asfaltata;Verticale ed orizzontale;Pioggia in atto;Scarso;Buona;;1;0;0;1;12.4562;41.9089;-1;;;;Pedone;M;Rimandato;0;NON DECEDUTO;;
5375950;17;19/04/2021 15:00:00;Strada Urbana;VIALE GIULIO CESARE;in prossimità;;del civico n.;223;;Investimento di pedone;Rettilineo;Due carreggiate;Bagnato (pioggia);Asfaltata;Verticale ed orizzontale;Pioggia in atto;Scarso;Buona;;1;0;0;1;12.4562;41.9089;-1;1;Motociclo a solo;In marcia / fermata / arresto;Conducente;M;Illeso;0;;;
5375953;8;19/04/2021 08:25:00;Strada Urbana;VIA CASILINA;da specificare;;;;area privata commerciale civico 1676;Scontro laterale fra veicoli in marcia;Rettilineo;Una carreggiata a doppio senso;Asciutto;Asfaltata;Orizzontale;Nuvoloso;Normale;Buona;;1;0;0;1;12.647;41.8622;-1;1;Autoarticolato;In marcia / fermata / arresto;Conducente;M;Illeso;0;;Non accertato;Inesploso
5375953;8;19/04/2021 08:25:00;Strada Urbana;VIA CASILINA;da specificare;;;;area privata commerciale civico 1676;Scontro laterale fra veicoli in marcia;Rettilineo;Una carreggiata a doppio senso;Asciutto;Asfaltata;Orizzontale;Nuvoloso;Normale;Buona;;1;0;0;1;12.647;41.8622;-1;2;Autovettura privata;In marcia / fermata / arresto;Conducente;F;Rimandato;0;NON DECEDUTO;Non accertato;Inesploso
5375955;8;19/04/2021 09:15:00;Strada Urbana;VIA DI LUNGHEZZINA;da specificare;;;;a 30mt dal palo luce ACEA n.280;Veicolo in marcia contro ostacolo fisso;Rettilineo;Una carreggiata a doppio senso;Asciutto;Asfaltata;Orizzontale;Sereno;Normale;Buona;;0;0;0;1;12.707;41.9296;-1;1;Autovettura privata;In marcia / fermata / arresto;Conducente;M;Illeso;0;;Non accertato;Esploso
5375959;8;19/04/2021 13:30:00;Strada Urbana;VIA SELLIA;in corrispondenza;;del civico n.;157;;Scontro frontale/laterale DX fra veicoli in marcia;Rettilineo;Una carreggiata a doppio senso;Asciutto;Asfaltata;Orizzontale;Nuvoloso;Scarso;Buona;;0;0;0;2;12.6802;41.8716;-1;1;Autovettura privata;In marcia / fermata / arresto;Conducente;M;Illeso;0;;Non accertato;Inesploso
5375959;8;19/04/2021 13:30:00;Strada Urbana;VIA SELLIA;in corrispondenza;;del civico n.;157;;Scontro frontale/laterale DX fra veicoli in marcia;Rettilineo;Una carreggiata a doppio senso;Asciutto;Asfaltata;Orizzontale;Nuvoloso;Scarso;Buona;;0;0;0;2;12.6802;41.8716;-1;2;Autovettura privata;In marcia / fermata / arresto;Conducente;M;Illeso;0;;Non accertato;Inesploso
5375961;11;19/04/2021 13:00:00;Strada Urbana;VIA ARDEATINA;in prossimità;;del palo luce n.;305;;Tamponamento;Rettilineo;Due carreggiate;Asciutto;Asfaltata;Verticale ed orizzontale;Nuvoloso;Normale;Buona;;0;0;0;2;12.5183;41.8258;-1;1;Autovettura privata;In marcia / fermata / arresto;Conducente;M;Illeso;0;;Non accertato;
5375961;11;19/04/2021 13:00:00;Strada Urbana;VIA ARDEATINA;in prossimità;;del palo luce n.;305;;Tamponamento;Rettilineo;Due carreggiate;Asciutto;Asfaltata;Verticale ed orizzontale;Nuvoloso;Normale;Buona;;0;0;0;2;12.5183;41.8258;-1;2;Autovettura privata;In marcia / fermata / arresto;Conducente;M;Illeso;0;;Non accertato;
5375963;8;19/04/2021 16:50:00;Strada Urbana;VIA CASILINA;in corrispondenza;;del civico n.;1740;;Tamponamento;Rettilineo;Una carreggiata a doppio senso;Bagnato (pioggia);Asfaltata;Orizzontale;Pioggia in atto;Normale;Buona;;1;0;0;2;12.6637;41.8643;-1;1;Autovettura privata;In marcia / fermata / arresto;Conducente;M;Illeso;0;;Non accertato;Inesploso
5375963;8;19/04/2021 16:50:00;Strada Urbana;VIA CASILINA;in corrispondenza;;del civico n.;1740;;Tamponamento;Rettilineo;Una carreggiata a doppio senso;Bagnato (pioggia);Asfaltata;Orizzontale;Pioggia in atto;Normale;Buona;;1;0;0;2;12.6637;41.8643;-1;1;Autovettura privata;In marcia / fermata / arresto;Passeggero;F;Rimandato;0;NON DECEDUTO;Non accertato;Inesploso
5375963;8;19/04/2021 16:50:00;Strada Urbana;VIA CASILINA;in corrispondenza;;del civico n.;1740;;Tamponamento;Rettilineo;Una carreggiata a doppio senso;Bagnato (pioggia);Asfaltata;Orizzontale;Pioggia in atto;Normale;Buona;;1;0;0;2;12.6637;41.8643;-1;2;Autovettura privata;In marcia / fermata / arresto;Conducente;M;Illeso;0;;Non accertato;Inesploso
5375971;20;19/04/2021 16:15:00;Provinciale entro l'abitato;VIA FORNACE VIGNOLO;all'intersezione con;VIA FLAMINIA;VIA FLAMINIA;;;Scontro frontale/laterale DX fra veicoli in marcia;Intersezione non regolata/non segnalata;Una carreggiata a doppio senso;Bagnato (pioggia);Asfaltata;Verticale ed orizzontale;Nuvoloso;Normale;Sufficiente;;0;0;0;2;12.4991;41.9892;-1;1;Autovettura privata;In marcia / fermata / arresto;Conducente;M;Illeso;0;;Non accertato;Inesploso
5375971;20;19/04/2021 16:15:00;Provinciale entro l'abitato;VIA FORNACE VIGNOLO;all'intersezione con;VIA FLAMINIA;VIA FLAMINIA;;;Scontro frontale/laterale DX fra veicoli in marcia;Intersezione non regolata/non segnalata;Una carreggiata a doppio senso;Bagnato (pioggia);Asfaltata;Verticale ed orizzontale;Nuvoloso;Normale;Sufficiente;;0;0;0;2;12.4991;41.9892;-1;2;Autocarro inferiore 35 q.;In marcia / fermata / arresto;Conducente;M;Illeso;0;;Non accertato;Inesploso
5375976;20;19/04/2021 16:15:00;Strada Urbana;VIALE DI TOR DI QUINTO;da specificare;;;;fronte civ. 111 dir. GRA;Scontro frontale/laterale DX fra veicoli in marcia;Rettilineo;Una carreggiata a senso unico di marcia;Bagnato (pioggia);Asfaltata;Verticale ed orizzontale;Nuvoloso;Intenso;Sufficiente;;1;0;0;1;12.4864;41.9453;-1;1;Autovettura privata;In marcia / fermata / arresto;Conducente;M;Rifiuta cure immediate;0;NON DECEDUTO;Non accertato;Inesploso
5375976;20;19/04/2021 16:15:00;Strada Urbana;VIALE DI TOR DI QUINTO;da specificare;;;;fronte civ. 111 dir. GRA;Scontro frontale/laterale DX fra veicoli in marcia;Rettilineo;Una carreggiata a senso unico di marcia;Bagnato (pioggia);Asfaltata;Verticale ed orizzontale;Nuvoloso;Intenso;Sufficiente;;1;0;0;1;12.4864;41.9453;-1;2;Autovettura privata;In marcia / fermata / arresto;Conducente;M;Illeso;0;;;
5375982;6;19/04/2021 18:00:00;Strada Urbana;VIA DELLA MARRANELLA;in corrispondenza;;del civico n.;13;;Veicolo in marcia contro veicolo fermo;Rettilineo;Una carreggiata a senso unico di marcia;Bagnato (pioggia);Asfaltata;Verticale ed orizzontale;Pioggia in atto;Scarso;Buona;;0;0;0;5;12.5422;41.881;-1;1;Autovettura privata;In marcia / fermata / arresto;Conducente;M;Illeso;0;;;
5375982;6;19/04/2021 18:00:00;Strada Urbana;VIA DELLA MARRANELLA;in corrispondenza;;del civico n.;13;;Veicolo in marcia contro veicolo fermo;Rettilineo;Una carreggiata a senso unico di marcia;Bagnato (pioggia);Asfaltata;Verticale ed orizzontale;Pioggia in atto;Scarso;Buona;;0;0;0;5;12.5422;41.881;-1;2;Autovettura privata;In marcia / fermata / arresto;Conducente;M;Illeso;0;;;
5375982;6;19/04/2021 18:00:00;Strada Urbana;VIA DELLA MARRANELLA;in corrispondenza;;del civico n.;13;;Veicolo in marcia contro veicolo fermo;Rettilineo;Una carreggiata a senso unico di marcia;Bagnato (pioggia);Asfaltata;Verticale ed orizzontale;Pioggia in atto;Scarso;Buona;;0;0;0;5;12.5422;41.881;-1;2;Autovettura privata;In marcia / fermata / arresto;Passeggero;F;Illeso;0;;Non accertato;Inesploso
5375982;6;19/04/2021 18:00:00;Strada Urbana;VIA DELLA MARRANELLA;in corrispondenza;;del civico n.;13;;Veicolo in marcia contro veicolo fermo;Rettilineo;Una carreggiata a senso unico di marcia;Bagnato (pioggia);Asfaltata;Verticale ed orizzontale;Pioggia in atto;Scarso;Buona;;0;0;0;5;12.5422;41.881;-1;2;Autovettura privata;In marcia / fermata / arresto;Passeggero;F;Illeso;0;;Non accertato;Inesploso
5375982;6;19/04/2021 18:00:00;Strada Urbana;VIA DELLA MARRANELLA;in corrispondenza;;del civico n.;13;;Veicolo in marcia contro veicolo fermo;Rettilineo;Una carreggiata a senso unico di marcia;Bagnato (pioggia);Asfaltata;Verticale ed orizzontale;Pioggia in atto;Scarso;Buona;;0;0;0;5;12.5422;41.881;-1;2;Autovettura privata;In marcia / fermata / arresto;Passeggero;M;Illeso;0;;Non accertato;Inesploso
5375983;12;19/04/2021 16:45:00;Strada Urbana;PIAZZA ANDREA PAZIENZA;all'intersezione con;VIA ANTONIO BORTONE;VIA ANTONIO BORTONE;;;Scontro frontale/laterale SX fra veicoli in marcia;Rotatoria;Una carreggiata a senso unico di marcia;Bagnato (pioggia);Asfaltata;Verticale ed orizzontale;Pioggia in atto;Normale;Sufficiente;;0;0;0;4;12.4301;41.8004;-1;1;Autovettura privata;In marcia / fermata / arresto;Conducente;M;Illeso;0;;Non accertato;Inesploso
5375983;12;19/04/2021 16:45:00;Strada Urbana;PIAZZA ANDREA PAZIENZA;all'intersezione con;VIA ANTONIO BORTONE;VIA ANTONIO BORTONE;;;Scontro frontale/laterale SX fra veicoli in marcia;Rotatoria;Una carreggiata a senso unico di marcia;Bagnato (pioggia);Asfaltata;Verticale ed orizzontale;Pioggia in atto;Normale;Sufficiente;;0;0;0;4;12.4301;41.8004;-1;1;Autovettura privata;In marcia / fermata / arresto;Passeggero;M;Illeso;0;;Utilizzato;Inesploso
5375983;12;19/04/2021 16:45:00;Strada Urbana;PIAZZA ANDREA PAZIENZA;all'intersezione con;VIA ANTONIO BORTONE;VIA ANTONIO BORTONE;;;Scontro frontale/laterale SX fra veicoli in marcia;Rotatoria;Una carreggiata a senso unico di marcia;Bagnato (pioggia);Asfaltata;Verticale ed orizzontale;Pioggia in atto;Normale;Sufficiente;;0;0;0;4;12.4301;41.8004;-1;2;Autovettura privata;In marcia / fermata / arresto;Conducente;F;Illeso;0;;Non accertato;Inesploso
5375983;12;19/04/2021 16:45:00;Strada Urbana;PIAZZA ANDREA PAZIENZA;all'intersezione con;VIA ANTONIO BORTONE;VIA ANTONIO BORTONE;;;Scontro frontale/laterale SX fra veicoli in marcia;Rotatoria;Una carreggiata a senso unico di marcia;Bagnato (pioggia);Asfaltata;Verticale ed orizzontale;Pioggia in atto;Normale;Sufficiente;;0;0;0;4;12.4301;41.8004;-1;2;Autovettura privata;In marcia / fermata / arresto;Passeggero;F;Illeso;0;;Utilizzato;Inesploso
5375988;11;19/04/2021 14:25:00;Strada Urbana;VIALE DI TOR MARANCIA;all'intersezione semaforizzata con;VIA ANDREA MANTEGNA;VIA ANDREA MANTEGNA;;;Scontro laterale fra veicoli in marcia;Intersezione semaforizzata;Due carreggiate;Bagnato (pioggia);Asfaltata;Verticale ed orizzontale;Pioggia in atto;Normale;Buona;;0;0;0;3;12.4977;41.8535;-1;1;Autovettura privata;In marcia / fermata / arresto;Conducente;M;Illeso;0;;Non accertato;
5375988;11;19/04/2021 14:25:00;Strada Urbana;VIALE DI TOR MARANCIA;all'intersezione semaforizzata con;VIA ANDREA MANTEGNA;VIA ANDREA MANTEGNA;;;Scontro laterale fra veicoli in marcia;Intersezione semaforizzata;Due carreggiate;Bagnato (pioggia);Asfaltata;Verticale ed orizzontale;Pioggia in atto;Normale;Buona;;0;0;0;3;12.4977;41.8535;-1;2;Autocarro inferiore 35 q.;In marcia / fermata / arresto;Conducente;M;Illeso;0;;;
5375988;11;19/04/2021 14:25:00;Strada Urbana;VIALE DI TOR MARANCIA;all'intersezione semaforizzata con;VIA ANDREA MANTEGNA;VIA ANDREA MANTEGNA;;;Scontro laterale fra veicoli in marcia;Intersezione semaforizzata;Due carreggiate;Bagnato (pioggia);Asfaltata;Verticale ed orizzontale;Pioggia in atto;Normale;Buona;;0;0;0;3;12.4977;41.8535;-1;2;Autocarro inferiore 35 q.;In marcia / fermata / arresto;Passeggero;M;Illeso;0;;Non accertato;
5375989;13;19/04/2021 09:30:00;Strada Urbana;VIALE DEI ROMAGNOLI;da specificare;;;;in prossimità di via Carlo Casini;Tamponamento Multiplo;Rettilineo;Una carreggiata a doppio senso;Asciutto;Asfaltata;Orizzontale;Sereno;Normale;Buona;;0;0;0;5;12.3575;41.7827;-1;1;Autovettura privata;In marcia / fermata / arresto;Conducente;M;Illeso;0;;Non accertato;Inesploso
5375989;13;19/04/2021 09:30:00;Strada Urbana;VIALE DEI ROMAGNOLI;da specificare;;;;in prossimità di via Carlo Casini;Tamponamento Multiplo;Rettilineo;Una carreggiata a doppio senso;Asciutto;Asfaltata;Orizzontale;Sereno;Normale;Buona;;0;0;0;5;12.3575;41.7827;-1;2;Autovettura privata;In marcia / fermata / arresto;Conducente;F;Illeso;0;;Non accertato;Inesploso
5375989;13;19/04/2021 09:30:00;Strada Urbana;VIALE DEI ROMAGNOLI;da specificare;;;;in prossimità di via Carlo Casini;Tamponamento Multiplo;Rettilineo;Una carreggiata a doppio senso;Asciutto;Asfaltata;Orizzontale;Sereno;Normale;Buona;;0;0;0;5;12.3575;41.7827;-1;2;Autovettura privata;In marcia / fermata / arresto;Passeggero;F;Illeso;0;;;
5375989;13;19/04/2021 09:30:00;Strada Urbana;VIALE DEI ROMAGNOLI;da specificare;;;;in prossimità di via Carlo Casini;Tamponamento Multiplo;Rettilineo;Una carreggiata a doppio senso;Asciutto;Asfaltata;Orizzontale;Sereno;Normale;Buona;;0;0;0;5;12.3575;41.7827;-1;3;Autovettura privata;In marcia / fermata / arresto;Conducente;F;Illeso;0;;Non accertato;Inesploso
5375989;13;19/04/2021 09:30:00;Strada Urbana;VIALE DEI ROMAGNOLI;da specificare;;;;in prossimità di via Carlo Casini;Tamponamento Multiplo;Rettilineo;Una carreggiata a doppio senso;Asciutto;Asfaltata;Orizzontale;Sereno;Normale;Buona;;0;0;0;5;12.3575;41.7827;-1;3;Autovettura privata;In marcia / fermata / arresto;Passeggero;F;Illeso;0;;;