Protocollo;Gruppo;DataOraIncidente;Localizzazione1;STRADA1;Localizzazione2;STRADA2;Strada02;Chilometrica;DaSpecificare;NaturaIncidente;particolaritastrade;TipoStrada;FondoStradale;Pavimentazione;Segnaletica;CondizioneAtmosferica;Traffico;Visibilita;Illuminazione;NUM_FERITI;NUM_RISERVATA;NUM_MORTI;NUM_ILLESI;Longitude;Latitude;Confermato;Progressivo;TipoVeicolo;StatoVeicolo;TipoPersona;Sesso;Tipolesione;Deceduto;DecedutoDopo;CinturaCascoUtilizzato;Airbag;
5375992;20;19/04/2021 21:40:00;Strada Urbana;VIA FLAMINIA;in prossimità;;del civico n.;877;;Veicolo in marcia contro ostacolo fisso;Sottopasso illuminato;Una carreggiata a senso unico di marcia;Bagnato (umidità in atto);Asfaltata;Orizzontale;Nuvoloso;Normale;Buona;;1;0;0;0;12.4847;41.9557;-1;1;Autovettura privata;In marcia / fermata / arresto;Conducente;F;Ricoverato;0;NON DECEDUTO;Non accertato;Inesistente
5375995;8;19/04/2021 17:15:00;Strada Urbana;VIALE DUILIO CAMBELLOTTI;da specificare;;;;sottocavalcavia metro C torre angela;Scontro laterale fra veicoli in marcia;Curva senza visuale libera;Due carreggiate;Bagnato (pioggia);Asfaltata;Verticale ed orizzontale;Pioggia in atto;Normale;Buona;;2;0;0;0;12.6297;41.8674;-1;1;Autovettura privata;In marcia / fermata / arresto;Conducente;M;Rifiuta cure immediate;0;NON DECEDUTO;Non accertato;Inesploso
5375995;8;19/04/2021 17:15:00;Strada Urbana;VIALE DUILIO CAMBELLOTTI;da specificare;;;;sottocavalcavia metro C torre angela;Scontro laterale fra veicoli in marcia;Curva senza visuale libera;Due carreggiate;Bagnato (pioggia);Asfaltata;Verticale ed orizzontale;Pioggia in atto;Normale;Buona;;2;0;0;0;12.6297;41.8674;-1;2;Autovettura privata;In marcia / fermata / arresto;Conducente;M;Rimandato;0;NON DECEDUTO;Non accertato;Inesploso
5375996;19;19/04/2021 16:50:00;Strada Urbana;VIA GAVERINA;in prossimità;;del civico n.;102;;Scontro frontale/laterale SX fra veicoli in marcia;Rettilineo;Due carreggiate;Bagnato (pioggia);Asfaltata;Verticale;Pioggia in atto;Normale;Buona;;0;0;0;4;12.3722;41.9498;-1;1;Autovettura privata;In marcia / fermata / arresto;Conducente;M;Illeso;0;;Non accertato;Inesploso
5375996;19;19/04/2021 16:50:00;Strada Urbana;VIA GAVERINA;in prossimità;;del civico n.;102;;Scontro frontale/laterale SX fra veicoli in marcia;Rettilineo;Due carreggiate;Bagnato (pioggia);Asfaltata;Verticale;Pioggia in atto;Normale;Buona;;0;0;0;4;12.3722;41.9498;-1;1;Autovettura privata;In marcia / fermata / arresto;Passeggero;M;Illeso;0;;Non accertato;Inesploso
5375996;19;19/04/2021 16:50:00;Strada Urbana;VIA GAVERINA;in prossimità;;del civico n.;102;;Scontro frontale/laterale SX fra veicoli in marcia;Rettilineo;Due carreggiate;Bagnato (pioggia);Asfaltata;Verticale;Pioggia in atto;Normale;Buona;;0;0;0;4;12.3722;41.9498;-1;2;Autovettura privata;In marcia / fermata / arresto;Conducente;M;Illeso;0;;Non accertato;Inesploso
5375996;19;19/04/2021 16:50:00;Strada Urbana;VIA GAVERINA;in prossimità;;del civico n.;102;;Scontro frontale/laterale SX fra veicoli in marcia;Rettilineo;Due carreggiate;Bagnato (pioggia);Asfaltata;Verticale;Pioggia in atto;Normale;Buona;;0;0;0;4;12.3722;41.9498;-1;2;Autovettura privata;In marcia / fermata / arresto;Passeggero;F;Illeso;0;;Non accertato;Inesploso
5376006;20;19/04/2021 19:50:00;Strada Urbana;VIA FLAMINIA;da specificare;;;;sottopasso Euclide;Veicolo in marcia contro ostacolo fisso;Sottopasso illuminato;Una carreggiata a senso unico di marcia;Bagnato (umidità in atto);Asfaltata;Orizzontale;Nuvoloso;Normale;Buona;;0;0;0;1;12.485;41.9572;-1;1;Autovettura privata;In marcia / fermata / arresto;Conducente;M;Illeso;0;;Non accertato;
5376017;19;19/04/2021 16:50:00;Strada Urbana;VIA SEBASTIANO VINCI;in prossimità;;del palo luce n.;1 INGRESSO AREA MERCATALE;;Scontro frontale/laterale SX fra veicoli in marcia;Rettilineo;Una carreggiata a doppio senso;Bagnato (pioggia);Asfaltata;Orizzontale;Pioggia in atto;Scarso;Buona;;1;0;0;1;12.4178;41.9361;-1;1;Autovettura privata;In marcia / fermata / arresto;Conducente;M;Illeso;0;;Non accertato;
5376017;19;19/04/2021 16:50:00;Strada Urbana;VIA SEBASTIANO VINCI;in prossimità;;del palo luce n.;1 INGRESSO AREA MERCATALE;;Scontro frontale/laterale SX fra veicoli in marcia;Rettilineo;Una carreggiata a doppio senso;Bagnato (pioggia);Asfaltata;Orizzontale;Pioggia in atto;Scarso;Buona;;1;0;0;1;12.4178;41.9361;-1;2;Motociclo con passeggero;In marcia / fermata / arresto;Conducente;F;Rimandato;0;NON DECEDUTO;Non accertato;
5376020;20;20/04/2021 06:10:00;Regionale entro l'abitato;VIA CASSIA;in prossimità;;del civico n.;1437;;Veicolo in marcia contro ostacolo accidentale;Rettilineo;Una carreggiata a doppio senso;Bagnato (umidità in atto);Asfaltata;Verticale ed orizzontale;Sereno;Normale;Sufficiente;;0;0;0;2;12.3961;41.9917;-1;1;Autocarro inferiore 35 q.;In marcia / fermata / arresto;Conducente;M;Illeso;0;;Non accertato;Inesploso
5376020;20;20/04/2021 06:10:00;Regionale entro l'abitato;VIA CASSIA;in prossimità;;del civico n.;1437;;Veicolo in marcia contro ostacolo accidentale;Rettilineo;Una carreggiata a doppio senso;Bagnato (umidità in atto);Asfaltata;Verticale ed orizzontale;Sereno;Normale;Sufficiente;;0;0;0;2;12.3961;41.9917;-1;1;Autocarro inferiore 35 q.;In marcia / fermata / arresto;Passeggero;F;Illeso;0;;Non accertato;
5376022;8;19/04/2021 15:15:00;Strada Urbana;VIA PRENESTINA;da specificare;;;;fronte civico 1140;Scontro laterale fra veicoli in marcia;Rettilineo;Una carreggiata a doppio senso;Bagnato (pioggia);Asfaltata;Verticale ed orizzontale;Pioggia in atto;Intenso;Buona;;0;0;0;2;12.6155;41.8927;-1;1;Autovettura privata;In marcia / fermata / arresto;Conducente;F;Illeso;0;;Non accertato;Inesploso
5376022;8;19/04/2021 15:15:00;Strada Urbana;VIA PRENESTINA;da specificare;;;;fronte civico 1140;Scontro laterale fra veicoli in marcia;Rettilineo;Una carreggiata a doppio senso;Bagnato (pioggia);Asfaltata;Verticale ed orizzontale;Pioggia in atto;Intenso;Buona;;0;0;0;2;12.6155;41.8927;-1;2;Autovettura privata;In marcia / fermata / arresto;Conducente;M;Illeso;0;;Non accertato;Inesploso
5376033;8;19/04/2021 18:20:00;Strada Urbana;VIA DEL CORVIO;in prossimità;;del civico n.;64a;;Scontro laterale fra veicoli in marcia;Rettilineo;Una carreggiata a doppio senso;Bagnato (umidità in atto);Asfaltata;Assente;Nuvoloso;Scarso;Sufficiente;;0;0;0;1;12.6867;41.8548;-1;1;Autovettura privata;In marcia / fermata / arresto;Conducente;M;Illeso;0;;Non accertato;Inesploso
5376033;8;19/04/2021 18:20:00;Strada Urbana;VIA DEL CORVIO;in prossimità;;del civico n.;64a;;Scontro laterale fra veicoli in marcia;Rettilineo;Una carreggiata a doppio senso;Bagnato (umidità in atto);Asfaltata;Assente;Nuvoloso;Scarso;Sufficiente;;0;0;0;1;12.6867;41.8548;-1;2;Autovettura privata;Allontanatosi;;;;;;;
5376037;1;19/04/2021 16:00:00;Strada Urbana;VIA CILICIA;da specificare;;;;prox sottopasso via c. colombo;Tamponamento Multiplo;Rettilineo;Una carreggiata a senso unico di marcia;Bagnato (pioggia);Asfaltata;Verticale ed orizzontale;Pioggia in atto;Intenso;Buona;;0;0;0;6;12.5015;41.8711;-1;1;Autovettura privata;In marcia / fermata / arresto;Conducente;F;Illeso;0;;;
5376037;1;19/04/2021 16:00:00;Strada Urbana;VIA CILICIA;da specificare;;;;prox sottopasso via c. colombo;Tamponamento Multiplo;Rettilineo;Una carreggiata a senso unico di marcia;Bagnato (pioggia);Asfaltata;Verticale ed orizzontale;Pioggia in atto;Intenso;Buona;;0;0;0;6;12.5015;41.8711;-1;1;Autovettura privata;In marcia / fermata / arresto;Passeggero;M;Illeso;0;;;
5376037;1;19/04/2021 16:00:00;Strada Urbana;VIA CILICIA;da specificare;;;;prox sottopasso via c. colombo;Tamponamento Multiplo;Rettilineo;Una carreggiata a senso unico di marcia;Bagnato (pioggia);Asfaltata;Verticale ed orizzontale;Pioggia in atto;Intenso;Buona;;0;0;0;6;12.5015;41.8711;-1;2;Autovettura privata;In marcia / fermata / arresto;Conducente;M;Illeso;0;;;
5376037;1;19/04/2021 16:00:00;Strada Urbana;VIA CILICIA;da specificare;;;;prox sottopasso via c. colombo;Tamponamento Multiplo;Rettilineo;Una carreggiata a senso unico di marcia;Bagnato (pioggia);Asfaltata;Verticale ed orizzontale;Pioggia in atto;Intenso;Buona;;0;0;0;6;12.5015;41.8711;-1;3;Autocarro inferiore 35 q.;In marcia / fermata / arresto;Conducente;M;Illeso;0;;;
5376037;1;19/04/2021 16:00:00;Strada Urbana;VIA CILICIA;da specificare;;;;prox sottopasso via c. colombo;Tamponamento Multiplo;Rettilineo;Una carreggiata a senso unico di marcia;Bagnato (pioggia);Asfaltata;Verticale ed orizzontale;Pioggia in atto;Intenso;Buona;;0;0;0;6;12.5015;41.8711;-1;3;Autocarro inferiore 35 q.;In marcia / fermata / arresto;Passeggero;M;Illeso;0;;;
5376037;1;19/04/2021 16:00:00;Strada Urbana;VIA CILICIA;da specificare;;;;prox sottopasso via c. colombo;Tamponamento Multiplo;Rettilineo;Una carreggiata a senso unico di marcia;Bagnato (pioggia);Asfaltata;Verticale ed orizzontale;Pioggia in atto;Intenso;Buona;;0;0;0;6;12.5015;41.8711;-1;4;Autovettura privata;In marcia / fermata / arresto;Conducente;M;Illeso;0;;;
5376042;9;19/04/2021 20:50:00;Strada Urbana;VIA APPIA NUOVA;in corrispondenza;;del civico n.;462;;Scontro laterale fra veicoli in marcia;Rettilineo;Una carreggiata a doppio senso;Bagnato (pioggia);Asfaltata;Verticale ed orizzontale;Nuvoloso;Normale;Sufficiente;;0;0;0;3;12.5231;41.874;-1;1;Autovettura privata;In marcia / fermata / arresto;Conducente;M;Illeso;0;;Non accertato;Inesploso
5376042;9;19/04/2021 20:50:00;Strada Urbana;VIA APPIA NUOVA;in corrispondenza;;del civico n.;462;;Scontro laterale fra veicoli in marcia;Rettilineo;Una carreggiata a doppio senso;Bagnato (pioggia);Asfaltata;Verticale ed orizzontale;Nuvoloso;Normale;Sufficiente;;0;0;0;3;12.5231;41.874;-1;2;Autovettura privata;In marcia / fermata / arresto;Conducente;M;Illeso;0;;Non accertato;Inesploso
5376042;9;19/04/2021 20:50:00;Strada Urbana;VIA APPIA NUOVA;in corrispondenza;;del civico n.;462;;Scontro laterale fra veicoli in marcia;Rettilineo;Una carreggiata a doppio senso;Bagnato (pioggia);Asfaltata;Verticale ed orizzontale;Nuvoloso;Normale;Sufficiente;;0;0;0;3;12.5231;41.874;-1;2;Autovettura privata;In marcia / fermata / arresto;Passeggero;F;Illeso;0;;Non accertato;Inesploso
5376049;19;19/04/2021 16:40:00;Strada Urbana;LARGO DAMIANO CHIESA;all'intersezione con;VIA ROMEO RODRIGUEZ PEREIRA;VIA ROMEO RODRIGUEZ PEREIRA;;;Scontro laterale fra veicoli in marcia;Intersezione stradale segnalata;Una carreggiata a senso unico di marcia;Bagnato (umidità in atto);Asfaltata;Verticale ed orizzontale;Pioggia in atto;Normale;Buona;;0;0;0;1;12.4371;41.9196;-1;1;Autovettura privata;In marcia / fermata / arresto;Conducente;M;Illeso;0;;Non accertato;
5376049;19;19/04/2021 16:40:00;Strada Urbana;LARGO DAMIANO CHIESA;all'intersezione con;VIA ROMEO RODRIGUEZ PEREIRA;VIA ROMEO RODRIGUEZ PEREIRA;;;Scontro laterale fra veicoli in marcia;Intersezione stradale segnalata;Una carreggiata a senso unico di marcia;Bagnato (umidità in atto);Asfaltata;Verticale ed orizzontale;Pioggia in atto;Normale;Buona;;0;0;0;1;12.4371;41.9196;-1;2;Autovettura privata;Allontanatosi;;;;;;;
5376051;19;19/04/2021 12:40:00;Strada Urbana;VIA DEL FORTE TRIONFALE;in prossimità;;del civico n.;16;;Scontro frontale/laterale SX fra veicoli in marcia;Rettilineo;Una carreggiata a doppio senso;Asciutto;Asfaltata;Orizzontale;Sereno;Normale;Buona;;0;0;0;1;12.4329;41.9387;-1;1;Motociclo a solo;In marcia / fermata / arresto;Conducente;F;Illeso;0;;Non accertato;
5376051;19;19/04/2021 12:40:00;Strada Urbana;VIA DEL FORTE TRIONFALE;in prossimità;;del civico n.;16;;Scontro frontale/laterale SX fra veicoli in marcia;Rettilineo;Una carreggiata a doppio senso;Asciutto;Asfaltata;Orizzontale;Sereno;Normale;Buona;;0;0;0;1;12.4329;41.9387;-1;2;Autovettura privata;Allontanatosi;;;;;;;
5376055;10;19/04/2021 07:45:00;Strada Urbana;VIA ANAGNINA;in corrispondenza;;del civico n.;273b;;Tamponamento Multiplo;Rettilineo;Due carreggiate;Asciutto;Asfaltata;Verticale ed orizzontale;Sereno;Normale;Buona;;3;0;0;1;12.6083;41.8219;-1;1;Autovettura privata;In marcia / fermata / arresto;Conducente;M;Illeso;0;;Non accertato;Inesploso
5376055;10;19/04/2021 07:45:00;Strada Urbana;VIA ANAGNINA;in corrispondenza;;del civico n.;273b;;Tamponamento Multiplo;Rettilineo;Due carreggiate;Asciutto;Asfaltata;Verticale ed orizzontale;Sereno;Normale;Buona;;3;0;0;1;12.6083;41.8219;-1;2;Autovettura privata;In marcia / fermata / arresto;Conducente;M;Rimandato;0;NON DECEDUTO;Non accertato;Inesploso
5376055;10;19/04/2021 07:45:00;Strada Urbana;VIA ANAGNINA;in corrispondenza;;del civico n.;273b;;Tamponamento Multiplo;Rettilineo;Due carreggiate;Asciutto;Asfaltata;Verticale ed orizzontale;Sereno;Normale;Buona;;3;0;0;1;12.6083;41.8219;-1;2;Autovettura privata;In marcia / fermata / arresto;Passeggero;M;Rimandato;0;NON DECEDUTO;Non accertato;Inesploso
5376055;10;19/04/2021 07:45:00;Strada Urbana;VIA ANAGNINA;in corrispondenza;;del civico n.;273b;;Tamponamento Multiplo;Rettilineo;Due carreggiate;Asciutto;Asfaltata;Verticale ed orizzontale;Sereno;Normale;Buona;;3;0;0;1;12.6083;41.8219;-1;3;Autovettura privata;In marcia / fermata / arresto;Conducente;F;Rimandato;0;NON DECEDUTO;Non accertato;Inesploso
5376069;11;19/04/2021 15:45:00;Strada Urbana;VIA CRISTOFORO COLOMBO;in prossimità;;del civico n.;304;;Tamponamento;Rettilineo;Più di due carreggiate;Bagnato (pioggia);Asfaltata;Verticale ed orizzontale;Pioggia in atto;Normale;Buona;;1;0;0;2;12.4922;41.8562;-1;1;Autovettura privata;In marcia / fermata / arresto;Conducente;M;Illeso;0;;Non accertato;
5376069;11;19/04/2021 15:45:00;Strada Urbana;VIA CRISTOFORO COLOMBO;in prossimità;;del civico n.;304;;Tamponamento;Rettilineo;Più di due carreggiate;Bagnato (pioggia);Asfaltata;Verticale ed orizzontale;Pioggia in atto;Normale;Buona;;1;0;0;2;12.4922;41.8562;-1;2;Autovettura privata;In marcia / fermata / arresto;Conducente;F;Rifiuta cure immediate;0;NON DECEDUTO;Non accertato;
5376069;11;19/04/2021 15:45:00;Strada Urbana;VIA CRISTOFORO COLOMBO;in prossimità;;del civico n.;304;;Tamponamento;Rettilineo;Più di due carreggiate;Bagnato (pioggia);Asfaltata;Verticale ed orizzontale;Pioggia in atto;Normale;Buona;;1;0;0;2;12.4922;41.8562;-1;2;Autovettura privata;In marcia / fermata / arresto;Passeggero;M;Illeso;0;;Non accertato;
5376080;4;19/04/2021 09:40:00;Strada Urbana;VIA DELLA BUFALOTTA;da specificare;;;;alt. cavalc. GRA dir C. Boccone;Scontro laterale fra veicoli in marcia;Rettilineo;Una carreggiata a doppio senso;Asciutto;Asfaltata;Orizzontale;Sereno;Normale;Buona;;1;0;0;2;12.5499;41.9676;-1;1;Autovettura privata;In marcia / fermata / arresto;Conducente;F;Illeso;0;;Non accertato;Inesploso
5376080;4;19/04/2021 09:40:00;Strada Urbana;VIA DELLA BUFALOTTA;da specificare;;;;alt. cavalc. GRA dir C. Boccone;Scontro laterale fra veicoli in marcia;Rettilineo;Una carreggiata a doppio senso;Asciutto;Asfaltata;Orizzontale;Sereno;Normale;Buona;;1;0;0;2;12.5499;41.9676;-1;2;Motociclo con passeggero;In marcia / fermata / arresto;Conducente;F;Rimandato;0;NON DECEDUTO;Non accertato;
5376080;4;19/04/2021 09:40:00;Strada Urbana;VIA DELLA BUFALOTTA;da specificare;;;;alt. cavalc. GRA dir C. Boccone;Scontro laterale fra veicoli in marcia;Rettilineo;Una carreggiata a doppio senso;Asciutto;Asfaltata;Orizzontale;Sereno;Normale;Buona;;1;0;0;2;12.5499;41.9676;-1;2;Motociclo con passeggero;In marcia / fermata / arresto;Passeggero;M;Illeso;0;;Non accertato;
5376083;13;19/04/2021 14:15:00;Strada Urbana;VIA ESCHILO;all'intersezione con;VIA ALCEO;VIA ALCEO;;;Scontro laterale fra veicoli in marcia;Incrocio;Una carreggiata a doppio senso;Asciutto;Asfaltata;Verticale;Nuvoloso;Scarso;Buona;;1;0;0;2;12.3721;41.762;-1;1;Autovettura privata;In marcia / fermata / arresto;Conducente;F;Rimandato;0;NON DECEDUTO;Non accertato;Inesploso
5376083;13;19/04/2021 14:15:00;Strada Urbana;VIA ESCHILO;all'intersezione con;VIA ALCEO;VIA ALCEO;;;Scontro laterale fra veicoli in marcia;Incrocio;Una carreggiata a doppio senso;Asciutto;Asfaltata;Verticale;Nuvoloso;Scarso;Buona;;1;0;0;2;12.3721;41.762;-1;2;Autovettura privata;In marcia / fermata / arresto;Conducente;F;Illeso;0;;Non accertato;Inesploso
5376083;13;19/04/2021 14:15:00;Strada Urbana;VIA ESCHILO;all'intersezione con;VIA ALCEO;VIA ALCEO;;;Scontro laterale fra veicoli in marcia;Incrocio;Una carreggiata a doppio senso;Asciutto;Asfaltata;Verticale;Nuvoloso;Scarso;Buona;;1;0;0;2;12.3721;41.762;-1;2;Autovettura privata;In marcia / fermata / arresto;Passeggero;F;Illeso;0;;Non accertato;Inesploso
5376118;11;19/04/2021 21:40:00;Strada Urbana;VIA DI TOR CARBONE;da specificare;;;;in prossimità di via Papirio carbone;Scontro laterale fra veicoli in marcia;Rettilineo;Una carreggiata a doppio senso;Bagnato (umidità in atto);Asfaltata;Assente;Nuvoloso;Scarso;Buona;;0;0;0;1;12.5326;41.8306;-1;1;Ciclomotore;In marcia / fermata / arresto;Conducente;M;Illeso;0;;Non accertato;
5376118;11;19/04/2021 21:40:00;Strada Urbana;VIA DI TOR CARBONE;da specificare;;;;in prossimità di via Papirio carbone;Scontro laterale fra veicoli in marcia;Rettilineo;Una carreggiata a doppio senso;Bagnato (umidità in atto);Asfaltata;Assente;Nuvoloso;Scarso;Buona;;0;0;0;1;12.5326;41.8306;-1;2;Autocarro inferiore 35 q.;Allontanatosi;;;;;;;
5376119;2;19/04/2021 08:30:00;Strada Urbana;VIALE BRUNO BUOZZI;in prossimità;;del civico n.;54;;Tamponamento Multiplo;Rettilineo;Una carreggiata a doppio senso;Asciutto;Asfaltata;Verticale ed orizzontale;Sereno;Normale;Buona;;0;0;0;3;12.4836;41.9221;-1;1;Autovettura di polizia;In marcia / fermata / arresto;Conducente;M;Illeso;0;;Non accertato;Inesploso
5376119;2;19/04/2021 08:30:00;Strada Urbana;VIALE BRUNO BUOZZI;in prossimità;;del civico n.;54;;Tamponamento Multiplo;Rettilineo;Una carreggiata a doppio senso;Asciutto;Asfaltata;Verticale ed orizzontale;Sereno;Normale;Buona;;0;0;0;3;12.4836;41.9221;-1;2;Autovettura privata;In marcia / fermata / arresto;Conducente;F;Illeso;0;;Non accertato;Inesploso
5376119;2;19/04/2021 08:30:00;Strada Urbana;VIALE BRUNO BUOZZI;in prossimità;;del civico n.;54;;Tamponamento Multiplo;Rettilineo;Una carreggiata a doppio senso;Asciutto;Asfaltata;Verticale ed orizzontale;Sereno;Normale;Buona;;0;0;0;3;12.4836;41.9221;-1;3;Autovettura privata;In marcia / fermata / arresto;Conducente;M;Illeso;0;;Non accertato;Inesploso
5376120;1;19/04/2021 07:40:00;Strada Urbana;PIAZZA DI PORTA CAPENA;da specificare;;;;pross. salita di s. gregorio palo luce 11;Veicolo in marcia contro ostacolo accidentale;Curva a visuale libera;Una carreggiata a senso unico di marcia;Asciutto;Asfaltata;Verticale ed orizzontale;Sereno;Normale;Buona;;1;0;0;0;12.4895;41.8842;-1;1;Motociclo a solo;In marcia / fermata / arresto;Conducente;M;Rifiuta cure immediate;0;NON DECEDUTO;;
5376140;4;19/04/2021 21:15:00;Strada Urbana;VIA GIOVANNI VERGA;all'intersezione con;VIA GIACOMO ZANELLA;VIA GIACOMO ZANELLA;;;Scontro laterale fra veicoli in marcia;Incrocio;Una carreggiata a senso unico di marcia;Bagnato (umidità in atto);Asfaltata;Verticale ed orizzontale;Nuvoloso;Scarso;Buona;;0;0;0;2;12.5609;41.9488;-1;1;Autovettura privata;In marcia / fermata / arresto;Conducente;M;Illeso;0;;Non accertato;Esploso
5376140;4;19/04/2021 21:15:00;Strada Urbana;VIA GIOVANNI VERGA;all'intersezione con;VIA GIACOMO ZANELLA;VIA GIACOMO ZANELLA;;;Scontro laterale fra veicoli in marcia;Incrocio;Una carreggiata a senso unico di marcia;Bagnato (umidità in atto);Asfaltata;Verticale ed orizzontale;Nuvoloso;Scarso;Buona;;0;0;0;2;12.5609;41.9488;-1;2;Autobus urbano;In marcia / fermata / arresto;Conducente;M;Illeso;0;;Non accertato;Inesploso
5376144;4;19/04/2021 12:45:00;Provinciale entro l'abitato;VIA NOMENTANA;in corrispondenza;;del civico n.;927;;Tamponamento Multiplo;Rettilineo;Una carreggiata a doppio senso;Bagnato (pioggia);Asfaltata;Verticale ed orizzontale;Pioggia in atto;Normale;Buona;;0;0;0;3;12.5591;41.944;-1;1;Motociclo a solo;In marcia / fermata / arresto;Conducente;M;Illeso;0;;Non accertato;
5376144;4;19/04/2021 12:45:00;Provinciale entro l'abitato;VIA NOMENTANA;in corrispondenza;;del civico n.;927;;Tamponamento Multiplo;Rettilineo;Una carreggiata a doppio senso;Bagnato (pioggia);Asfaltata;Verticale ed orizzontale;Pioggia in atto;Normale;Buona;;0;0;0;3;12.5591;41.944;-1;2;Autovettura privata;In marcia / fermata / arresto;Conducente;F;Illeso;0;;Non accertato;Inesploso
5376144;4;19/04/2021 12:45:00;Provinciale entro l'abitato;VIA NOMENTANA;in corrispondenza;;del civico n.;927;;Tamponamento Multiplo;Rettilineo;Una carreggiata a doppio senso;Bagnato (pioggia);Asfaltata;Verticale ed orizzontale;Pioggia in atto;Normale;Buona;;0;0;0;3;12.5591;41.944;-1;3;Autovettura privata;In marcia / fermata / arresto;Conducente;M;Illeso;0;;Non accertato;Inesploso
5376164;10;19/04/2021 20:45:00;Strada Urbana;VIA CARDINALE LUIGI TRAGLIA;in corrispondenza;;del civico n.;5;;Scontro frontale fra veicoli in marcia;Curva a visuale libera;Una carreggiata a doppio senso;Bagnato (umidità in atto);Asfaltata;Assente;Sereno;Scarso;Sufficiente;;1;0;0;0;12.6751;41.9064;-1;1;Autovettura privata;In marcia / fermata / arresto;Conducente;F;Rimandato;0;NON DECEDUTO;Non accertato;Inesploso
5376164;10;19/04/2021 20:45:00;Strada Urbana;VIA CARDINALE LUIGI TRAGLIA;in corrispondenza;;del civico n.;5;;Scontro frontale fra veicoli in marcia;Curva a visuale libera;Una carreggiata a doppio senso;Bagnato (umidità in atto);Asfaltata;Assente;Sereno;Scarso;Sufficiente;;1;0;0;0;12.6751;41.9064;-1;2;Autovettura privata;Allontanatosi;;;;;;;
5376166;4;19/04/2021 11:30:00;Strada Urbana;VIALE ADRIATICO;in prossimità;;del civico n.;140;;Tamponamento;Rettilineo;Una carreggiata a doppio senso;Asciutto;Asfaltata;Verticale ed orizzontale;Nuvoloso;Normale;Buona;;1;0;0;1;12.5368;41.9422;-1;1;Autovettura privata;In marcia / fermata / arresto;Conducente;F;Illeso;0;;Non accertato;Inesploso
5376166;4;19/04/2021 11:30:00;Strada Urbana;VIALE ADRIATICO;in prossimità;;del civico n.;140;;Tamponamento;Rettilineo;Una carreggiata a doppio senso;Asciutto;Asfaltata;Verticale ed orizzontale;Nuvoloso;Normale;Buona;;1;0;0;1;12.5368;41.9422;-1;2;Motociclo a solo;In marcia / fermata / arresto;Conducente;F;Rimandato;0;NON DECEDUTO;Non accertato;
5376179;13;19/04/2021 15:09:00;Strada Urbana;PIAZZA SCIPIONE AFRICANO;in corrispondenza;;del civico n.;4;;Veicolo in marcia contro veicolo in sosta;Rettilineo;Una carreggiata a doppio senso;Asciutto;Asfaltata;Verticale ed orizzontale;Nuvoloso;Scarso;Buona;;0;0;0;1;12.2646;41.7341;-1;1;Autovettura privata;Sosta;;;;;;;
5376179;13;19/04/2021 15:09:00;Strada Urbana;PIAZZA SCIPIONE AFRICANO;in corrispondenza;;del civico n.;4;;Veicolo in marcia contro veicolo in sosta;Rettilineo;Una carreggiata a doppio senso;Asciutto;Asfaltata;Verticale ed orizzontale;Nuvoloso;Scarso;Buona;;0;0;0;1;12.2646;41.7341;-1;2;Autovettura privata;In marcia / fermata / arresto;Conducente;M;Illeso;0;;Non accertato;Inesploso
5376189;5;19/04/2021 20:57:00;Strada Urbana;VIA DELLE CAVE DI PIETRALATA;in prossimità;;del civico n.;41;;Scontro frontale fra veicoli in marcia;Rettilineo;Una carreggiata a doppio senso;Bagnato (pioggia);Asfaltata;Orizzontale;Nuvoloso;Scarso;Buona;;1;0;0;1;12.5376;41.9096;-1;1;Autovettura privata;In marcia / fermata / arresto;Conducente;F;Rimandato;0;NON DECEDUTO;Non accertato;
5376189;5;19/04/2021 20:57:00;Strada Urbana;VIA DELLE CAVE DI PIETRALATA;in prossimità;;del civico n.;41;;Scontro frontale fra veicoli in marcia;Rettilineo;Una carreggiata a doppio senso;Bagnato (pioggia);Asfaltata;Orizzontale;Nuvoloso;Scarso;Buona;;1;0;0;1;12.5376;41.9096;-1;2;Autovettura privata;In marcia / fermata / arresto;Conducente;M;Illeso;0;;Non accertato;
5376194;1;19/04/2021 16:50:00;Strada Urbana;LUNGOTEVERE RAFFAELLO SANZIO;all'intersezione semaforizzata con;PONTE GARIBALDI;PONTE GARIBALDI;;;Scontro frontale/laterale DX fra veicoli in marcia;Intersezione semaforizzata;Una carreggiata a senso unico di marcia;Bagnato (pioggia);Asfaltata;Verticale ed orizzontale;Pioggia in atto;Intenso;Buona;;1;0;0;1;12.4744;41.8903;-1;1;Autovettura pubblica;In marcia / fermata / arresto;Conducente;M;Illeso;0;;Non accertato;Inesploso
5376194;1;19/04/2021 16:50:00;Strada Urbana;LUNGOTEVERE RAFFAELLO SANZIO;all'intersezione semaforizzata con;PONTE GARIBALDI;PONTE GARIBALDI;;;Scontro frontale/laterale DX fra veicoli in marcia;Intersezione semaforizzata;Una carreggiata a senso unico di marcia;Bagnato (pioggia);Asfaltata;Verticale ed orizzontale;Pioggia in atto;Intenso;Buona;;1;0;0;1;12.4744;41.8903;-1;2;Motociclo a solo;In marcia / fermata / arresto;Conducente;M;Rimandato;0;NON DECEDUTO;Non accertato;