Protocollo;Gruppo;DataOraIncidente;Localizzazione1;STRADA1;Localizzazione2;STRADA2;Strada02;Chilometrica;DaSpecificare;NaturaIncidente;particolaritastrade;TipoStrada;FondoStradale;Pavimentazione;Segnaletica;CondizioneAtmosferica;Traffico;Visibilita;Illuminazione;NUM_FERITI;NUM_RISERVATA;NUM_MORTI;NUM_ILLESI;Longitude;Latitude;Confermato;Progressivo;TipoVeicolo;StatoVeicolo;TipoPersona;Sesso;Tipolesione;Deceduto;DecedutoDopo;CinturaCascoUtilizzato;Airbag;
5376241;5;19/04/2021 17:30:00;Strada Urbana;VIA CAMESENA;all'intersezione con;LARGO CAMESENA;LARGO CAMESENA;;;Scontro frontale/laterale SX fra veicoli in marcia;Incrocio;Due carreggiate;Bagnato (pioggia);Asfaltata;Verticale ed orizzontale;Pioggia in atto;Normale;Buona;;0;0;0;3;12.5345;41.9091;-1;1;Autovettura privata;In marcia / fermata / arresto;Conducente;M;Illeso;0;;Non accertato;
5376241;5;19/04/2021 17:30:00;Strada Urbana;VIA CAMESENA;all'intersezione con;LARGO CAMESENA;LARGO CAMESENA;;;Scontro frontale/laterale SX fra veicoli in marcia;Incrocio;Due carreggiate;Bagnato (pioggia);Asfaltata;Verticale ed orizzontale;Pioggia in atto;Normale;Buona;;0;0;0;3;12.5345;41.9091;-1;2;Autovettura privata;In marcia / fermata / arresto;Conducente;M;Illeso;0;;Non accertato;
5376241;5;19/04/2021 17:30:00;Strada Urbana;VIA CAMESENA;all'intersezione con;LARGO CAMESENA;LARGO CAMESENA;;;Scontro frontale/laterale SX fra veicoli in marcia;Incrocio;Due carreggiate;Bagnato (pioggia);Asfaltata;Verticale ed orizzontale;Pioggia in atto;Normale;Buona;;0;0;0;3;12.5345;41.9091;-1;2;Autovettura privata;In marcia / fermata / arresto;Passeggero;F;Illeso;0;;Non accertato;
5376242;13;19/04/2021 20:30:00;Strada Urbana;VIA LUDOVICO BREA;all'intersezione con;PIAZZA GIOVANNI SEGANTINI;PIAZZA GIOVANNI SEGANTINI;;;Scontro laterale fra veicoli in marcia;Rotatoria;Una carreggiata a senso unico di marcia;Asciutto;Asfaltata;Verticale;Sereno;Normale;Buona;;0;0;0;3;12.3552;41.778;-1;1;Autovettura privata;In marcia / fermata / arresto;Conducente;M;Illeso;0;;Non accertato;Inesploso
5376242;13;19/04/2021 20:30:00;Strada Urbana;VIA LUDOVICO BREA;all'intersezione con;PIAZZA GIOVANNI SEGANTINI;PIAZZA GIOVANNI SEGANTINI;;;Scontro laterale fra veicoli in marcia;Rotatoria;Una carreggiata a senso unico di marcia;Asciutto;Asfaltata;Verticale;Sereno;Normale;Buona;;0;0;0;3;12.3552;41.778;-1;2;Autocarro inferiore 35 q.;In marcia / fermata / arresto;Conducente;M;Illeso;0;;Non accertato;Inesploso
5376242;13;19/04/2021 20:30:00;Strada Urbana;VIA LUDOVICO BREA;all'intersezione con;PIAZZA GIOVANNI SEGANTINI;PIAZZA GIOVANNI SEGANTINI;;;Scontro laterale fra veicoli in marcia;Rotatoria;Una carreggiata a senso unico di marcia;Asciutto;Asfaltata;Verticale;Sereno;Normale;Buona;;0;0;0;3;12.3552;41.778;-1;2;Autocarro inferiore 35 q.;In marcia / fermata / arresto;Passeggero;M;Illeso;0;;Non accertato;
5376268;12;19/04/2021 18:40:00;Strada Urbana;VIALE DELL'UMANESIMO;all'intersezione con;VIA DEL CAUCASO;VIA DEL CAUCASO;;;Scontro frontale/laterale DX fra veicoli in marcia;Intersezione stradale segnalata;Una carreggiata a doppio senso;Bagnato (pioggia);Asfaltata;Verticale ed orizzontale;Nuvoloso;Normale;Buona;;0;0;0;3;12.4714;41.8225;-1;1;Autovettura privata;In marcia / fermata / arresto;Conducente;M;Illeso;0;;Utilizzato;Inesploso
5376268;12;19/04/2021 18:40:00;Strada Urbana;VIALE DELL'UMANESIMO;all'intersezione con;VIA DEL CAUCASO;VIA DEL CAUCASO;;;Scontro frontale/laterale DX fra veicoli in marcia;Intersezione stradale segnalata;Una carreggiata a doppio senso;Bagnato (pioggia);Asfaltata;Verticale ed orizzontale;Nuvoloso;Normale;Buona;;0;0;0;3;12.4714;41.8225;-1;2;Quadriciclo leggero;In marcia / fermata / arresto;Conducente;M;Illeso;0;;Utilizzato;
5376268;12;19/04/2021 18:40:00;Strada Urbana;VIALE DELL'UMANESIMO;all'intersezione con;VIA DEL CAUCASO;VIA DEL CAUCASO;;;Scontro frontale/laterale DX fra veicoli in marcia;Intersezione stradale segnalata;Una carreggiata a doppio senso;Bagnato (pioggia);Asfaltata;Verticale ed orizzontale;Nuvoloso;Normale;Buona;;0;0;0;3;12.4714;41.8225;-1;2;Quadriciclo leggero;In marcia / fermata / arresto;Passeggero;M;Illeso;0;;;
5376268;12;19/04/2021 18:40:00;Strada Urbana;VIALE DELL'UMANESIMO;all'intersezione con;VIA DEL CAUCASO;VIA DEL CAUCASO;;;Scontro frontale/laterale DX fra veicoli in marcia;Intersezione stradale segnalata;Una carreggiata a doppio senso;Bagnato (pioggia);Asfaltata;Verticale ed orizzontale;Nuvoloso;Normale;Buona;;0;0;0;3;12.4714;41.8225;-1;3;Autovettura privata;Sosta;;;;;;;
5376393;20;20/04/2021 09:30:00;Strada Urbana;VIA FLAMINIA;in prossimità;;del civico n.;1213;;Scontro laterale fra veicoli in marcia;Rettilineo;Una carreggiata a doppio senso;Asciutto;Asfaltata;Orizzontale;Sereno;Normale;Buona;;0;0;0;2;12.4971;41.9987;-1;1;Autovettura privata;In marcia / fermata / arresto;Conducente;F;Illeso;0;;Non accertato;Inesploso
5376393;20;20/04/2021 09:30:00;Strada Urbana;VIA FLAMINIA;in prossimità;;del civico n.;1213;;Scontro laterale fra veicoli in marcia;Rettilineo;Una carreggiata a doppio senso;Asciutto;Asfaltata;Orizzontale;Sereno;Normale;Buona;;0;0;0;2;12.4971;41.9987;-1;2;Motociclo a solo;In marcia / fermata / arresto;Conducente;M;Illeso;0;;Non accertato;Inesistente
5376397;18;19/04/2021 11:50:00;Strada Urbana;VIA AURELIA;in prossimità;;del civico n.;296;;Scontro laterale fra veicoli in marcia;Rettilineo;Una carreggiata a doppio senso;Asciutto;Asfaltata;Verticale ed orizzontale;Nuvoloso;Normale;Buona;;0;0;0;1;12.4366;41.8977;-1;1;Autovettura privata;In marcia / fermata / arresto;Conducente;M;Illeso;0;;Non accertato;
5376397;18;19/04/2021 11:50:00;Strada Urbana;VIA AURELIA;in prossimità;;del civico n.;296;;Scontro laterale fra veicoli in marcia;Rettilineo;Una carreggiata a doppio senso;Asciutto;Asfaltata;Verticale ed orizzontale;Nuvoloso;Normale;Buona;;0;0;0;1;12.4366;41.8977;-1;2;Autocarro inferiore 35 q.;Allontanatosi;;;;;;;
5376464;6;20/04/2021 09:20:00;Strada Urbana;VIA CASILINA;all'intersezione semaforizzata con;VIA DI TOR PIGNATTARA;VIA DI TOR PIGNATTARA;;;Veicolo in marcia contro veicolo fermo;Intersezione semaforizzata;Più di due carreggiate;Asciutto;Asfaltata;Verticale ed orizzontale;Sereno;Normale;Buona;;0;0;0;3;12.5422;41.8801;-1;1;Autovettura privata;In marcia / fermata / arresto;Conducente;M;Illeso;0;;;
5376464;6;20/04/2021 09:20:00;Strada Urbana;VIA CASILINA;all'intersezione semaforizzata con;VIA DI TOR PIGNATTARA;VIA DI TOR PIGNATTARA;;;Veicolo in marcia contro veicolo fermo;Intersezione semaforizzata;Più di due carreggiate;Asciutto;Asfaltata;Verticale ed orizzontale;Sereno;Normale;Buona;;0;0;0;3;12.5422;41.8801;-1;1;Autovettura privata;In marcia / fermata / arresto;Passeggero;F;Illeso;0;;;
5376464;6;20/04/2021 09:20:00;Strada Urbana;VIA CASILINA;all'intersezione semaforizzata con;VIA DI TOR PIGNATTARA;VIA DI TOR PIGNATTARA;;;Veicolo in marcia contro veicolo fermo;Intersezione semaforizzata;Più di due carreggiate;Asciutto;Asfaltata;Verticale ed orizzontale;Sereno;Normale;Buona;;0;0;0;3;12.5422;41.8801;-1;2;Autovettura privata;In marcia / fermata / arresto;Conducente;F;Illeso;0;;;
5376620;5;19/04/2021 15:10:00;Strada Urbana;VIALE DEL TECNOPOLO;all'intersezione con;VIA GIUSEPPE GAGLIANI CAPUTO;VIA GIUSEPPE GAGLIANI CAPUTO;;;Tamponamento Multiplo;Incrocio;Due carreggiate;Bagnato (pioggia);Asfaltata;Verticale ed orizzontale;Pioggia in atto;Normale;Buona;;2;0;0;1;12.6357;41.9295;-1;1;Veicolo speciale;In marcia / fermata / arresto;Conducente;M;Illeso;0;;Non accertato;Inesploso
5376620;5;19/04/2021 15:10:00;Strada Urbana;VIALE DEL TECNOPOLO;all'intersezione con;VIA GIUSEPPE GAGLIANI CAPUTO;VIA GIUSEPPE GAGLIANI CAPUTO;;;Tamponamento Multiplo;Incrocio;Due carreggiate;Bagnato (pioggia);Asfaltata;Verticale ed orizzontale;Pioggia in atto;Normale;Buona;;2;0;0;1;12.6357;41.9295;-1;2;Autovettura privata;In marcia / fermata / arresto;Conducente;M;Rimandato;0;NON DECEDUTO;Non accertato;Inesploso
5376620;5;19/04/2021 15:10:00;Strada Urbana;VIALE DEL TECNOPOLO;all'intersezione con;VIA GIUSEPPE GAGLIANI CAPUTO;VIA GIUSEPPE GAGLIANI CAPUTO;;;Tamponamento Multiplo;Incrocio;Due carreggiate;Bagnato (pioggia);Asfaltata;Verticale ed orizzontale;Pioggia in atto;Normale;Buona;;2;0;0;1;12.6357;41.9295;-1;3;Autovettura privata;In marcia / fermata / arresto;Conducente;F;Rimandato;0;NON DECEDUTO;Non accertato;Inesploso
5376620;5;19/04/2021 15:10:00;Strada Urbana;VIALE DEL TECNOPOLO;all'intersezione con;VIA GIUSEPPE GAGLIANI CAPUTO;VIA GIUSEPPE GAGLIANI CAPUTO;;;Tamponamento Multiplo;Incrocio;Due carreggiate;Bagnato (pioggia);Asfaltata;Verticale ed orizzontale;Pioggia in atto;Normale;Buona;;2;0;0;1;12.6357;41.9295;-1;4;Autovettura privata;Allontanatosi;;;;;;;
5376667;6;20/04/2021 06:50:00;Strada Urbana;VIA ERASMO GATTAMELATA;all'intersezione semaforizzata con;VIA SAMPIERO DI BASTELICA;VIA SAMPIERO DI BASTELICA;;;Scontro frontale/laterale SX fra veicoli in marcia;Intersezione semaforizzata;Una carreggiata a senso unico di marcia;Asciutto;Asfaltata;Verticale ed orizzontale;Sereno;Normale;Buona;;1;0;0;1;12.5365;41.8904;-1;1;Autovettura privata;In marcia / fermata / arresto;Conducente;M;Rimandato;0;NON DECEDUTO;Non accertato;Esploso
5376667;6;20/04/2021 06:50:00;Strada Urbana;VIA ERASMO GATTAMELATA;all'intersezione semaforizzata con;VIA SAMPIERO DI BASTELICA;VIA SAMPIERO DI BASTELICA;;;Scontro frontale/laterale SX fra veicoli in marcia;Intersezione semaforizzata;Una carreggiata a senso unico di marcia;Asciutto;Asfaltata;Verticale ed orizzontale;Sereno;Normale;Buona;;1;0;0;1;12.5365;41.8904;-1;2;Autovettura privata;In marcia / fermata / arresto;Conducente;F;Illeso;0;;Non accertato;Inesploso
5376667;6;20/04/2021 06:50:00;Strada Urbana;VIA ERASMO GATTAMELATA;all'intersezione semaforizzata con;VIA SAMPIERO DI BASTELICA;VIA SAMPIERO DI BASTELICA;;;Scontro frontale/laterale SX fra veicoli in marcia;Intersezione semaforizzata;Una carreggiata a senso unico di marcia;Asciutto;Asfaltata;Verticale ed orizzontale;Sereno;Normale;Buona;;1;0;0;1;12.5365;41.8904;-1;3;Autovettura privata;Sosta;;;;;;;
5376849;18;20/04/2021 08:00:00;Strada Urbana;VIA DI BOCCEA;all'intersezione con;RAMPA AURELIA;RAMPA AURELIA;;;Scontro laterale fra veicoli in marcia;Intersezione stradale segnalata;Una carreggiata a senso unico di marcia;Asciutto;Asfaltata;Verticale ed orizzontale;Sereno;Normale;Buona;;0;0;0;1;12.3847;41.9149;-1;1;Autovettura privata;In marcia / fermata / arresto;Conducente;M;Illeso;0;;Non accertato;Inesploso
5376849;18;20/04/2021 08:00:00;Strada Urbana;VIA DI BOCCEA;all'intersezione con;RAMPA AURELIA;RAMPA AURELIA;;;Scontro laterale fra veicoli in marcia;Intersezione stradale segnalata;Una carreggiata a senso unico di marcia;Asciutto;Asfaltata;Verticale ed orizzontale;Sereno;Normale;Buona;;0;0;0;1;12.3847;41.9149;-1;2;Autocarro inferiore 35 q.;Allontanatosi;;;;;;;
5376863;18;20/04/2021 14:15:00;Strada Urbana;VIA DEL CASALE DI S. PIO V;in corrispondenza;;del civico n.;13;;Scontro laterale fra veicoli in marcia;Rettilineo;Una carreggiata a doppio senso;Asciutto;Asfaltata;Verticale ed orizzontale;Sereno;Normale;Buona;;1;0;0;3;12.4323;41.8922;-1;1;Autovettura privata;In marcia / fermata / arresto;Conducente;F;Illeso;0;;Non accertato;Inesploso
5376863;18;20/04/2021 14:15:00;Strada Urbana;VIA DEL CASALE DI S. PIO V;in corrispondenza;;del civico n.;13;;Scontro laterale fra veicoli in marcia;Rettilineo;Una carreggiata a doppio senso;Asciutto;Asfaltata;Verticale ed orizzontale;Sereno;Normale;Buona;;1;0;0;3;12.4323;41.8922;-1;1;Autovettura privata;In marcia / fermata / arresto;Passeggero;F;Illeso;0;;Non accertato;Inesploso
5376863;18;20/04/2021 14:15:00;Strada Urbana;VIA DEL CASALE DI S. PIO V;in corrispondenza;;del civico n.;13;;Scontro laterale fra veicoli in marcia;Rettilineo;Una carreggiata a doppio senso;Asciutto;Asfaltata;Verticale ed orizzontale;Sereno;Normale;Buona;;1;0;0;3;12.4323;41.8922;-1;2;Motociclo a solo;In marcia / fermata / arresto;Conducente;M;Illeso;0;;Non accertato;
5376863;18;20/04/2021 14:15:00;Strada Urbana;VIA DEL CASALE DI S. PIO V;in corrispondenza;;del civico n.;13;;Scontro laterale fra veicoli in marcia;Rettilineo;Una carreggiata a doppio senso;Asciutto;Asfaltata;Verticale ed orizzontale;Sereno;Normale;Buona;;1;0;0;3;12.4323;41.8922;-1;2;Motociclo a solo;In marcia / fermata / arresto;Passeggero;F;Rimandato;0;NON DECEDUTO;Non accertato;
5376889;18;20/04/2021 08:25:00;Strada Urbana;VIA DELLA MAGLIANELLA;in corrispondenza;;del civico n.;26;;Scontro frontale/laterale SX fra veicoli in marcia;Rettilineo;Una carreggiata a doppio senso;Bagnato (umidità in atto);Asfaltata;Verticale ed orizzontale;Sereno;Normale;Buona;;1;0;0;1;12.3826;41.8881;-1;1;Motociclo a solo;In marcia / fermata / arresto;Conducente;M;Rifiuta cure immediate;0;NON DECEDUTO;;
5376889;18;20/04/2021 08:25:00;Strada Urbana;VIA DELLA MAGLIANELLA;in corrispondenza;;del civico n.;26;;Scontro frontale/laterale SX fra veicoli in marcia;Rettilineo;Una carreggiata a doppio senso;Bagnato (umidità in atto);Asfaltata;Verticale ed orizzontale;Sereno;Normale;Buona;;1;0;0;1;12.3826;41.8881;-1;2;Autovettura privata;In marcia / fermata / arresto;Conducente;M;Illeso;0;;;
5376911;2;20/04/2021 14:20:00;Strada Urbana;VIA RUBICONE;all'intersezione con;VIA GARIGLIANO;VIA GARIGLIANO;;;Scontro frontale/laterale DX fra veicoli in marcia;Incrocio;Una carreggiata a senso unico di marcia;Bagnato (pioggia);Asfaltata;Verticale ed orizzontale;Pioggia in atto;Normale;Buona;;0;0;0;3;12.501;41.9198;-1;1;Autovettura privata;In marcia / fermata / arresto;Conducente;M;Illeso;0;;Non accertato;Inesploso
5376911;2;20/04/2021 14:20:00;Strada Urbana;VIA RUBICONE;all'intersezione con;VIA GARIGLIANO;VIA GARIGLIANO;;;Scontro frontale/laterale DX fra veicoli in marcia;Incrocio;Una carreggiata a senso unico di marcia;Bagnato (pioggia);Asfaltata;Verticale ed orizzontale;Pioggia in atto;Normale;Buona;;0;0;0;3;12.501;41.9198;-1;2;Autovettura privata;In marcia / fermata / arresto;Conducente;M;Illeso;0;;Non accertato;Inesploso
5376911;2;20/04/2021 14:20:00;Strada Urbana;VIA RUBICONE;all'intersezione con;VIA GARIGLIANO;VIA GARIGLIANO;;;Scontro frontale/laterale DX fra veicoli in marcia;Incrocio;Una carreggiata a senso unico di marcia;Bagnato (pioggia);Asfaltata;Verticale ed orizzontale;Pioggia in atto;Normale;Buona;;0;0;0;3;12.501;41.9198;-1;2;Autovettura privata;In marcia / fermata / arresto;Passeggero;F;Illeso;0;;Non accertato;Inesploso
5376911;2;20/04/2021 14:20:00;Strada Urbana;VIA RUBICONE;all'intersezione con;VIA GARIGLIANO;VIA GARIGLIANO;;;Scontro frontale/laterale DX fra veicoli in marcia;Incrocio;Una carreggiata a senso unico di marcia;Bagnato (pioggia);Asfaltata;Verticale ed orizzontale;Pioggia in atto;Normale;Buona;;0;0;0;3;12.501;41.9198;-1;3;Autovettura privata;Sosta;;;;;;;
5376911;2;20/04/2021 14:20:00;Strada Urbana;VIA RUBICONE;all'intersezione con;VIA GARIGLIANO;VIA GARIGLIANO;;;Scontro frontale/laterale DX fra veicoli in marcia;Incrocio;Una carreggiata a senso unico di marcia;Bagnato (pioggia);Asfaltata;Verticale ed orizzontale;Pioggia in atto;Normale;Buona;;0;0;0;3;12.501;41.9198;-1;4;Autovettura privata;Sosta;;;;;;;
5376988;17;20/04/2021 11:15:00;Strada Urbana;VIALE GIUSEPPE MAZZINI;in corrispondenza;;del civico n.;113;;Scontro laterale fra veicoli in marcia;Rettilineo;Due carreggiate;Asciutto;Asfaltata;Verticale ed orizzontale;Sereno;Normale;Buona;;1;0;0;1;12.4596;41.9149;-1;1;Autovettura privata;In marcia / fermata / arresto;Conducente;M;Illeso;0;;;
5376988;17;20/04/2021 11:15:00;Strada Urbana;VIALE GIUSEPPE MAZZINI;in corrispondenza;;del civico n.;113;;Scontro laterale fra veicoli in marcia;Rettilineo;Due carreggiate;Asciutto;Asfaltata;Verticale ed orizzontale;Sereno;Normale;Buona;;1;0;0;1;12.4596;41.9149;-1;2;Motociclo a solo;In marcia / fermata / arresto;Conducente;M;Rimandato;0;NON DECEDUTO;;
5377045;6;20/04/2021 16:10:00;Strada Urbana;VIA ZENODOSSIO;all'intersezione con;VIA GABRINO FONDULO;VIA GABRINO FONDULO;;;Tamponamento;Incrocio;Più di due carreggiate;Asciutto;Asfaltata;Verticale ed orizzontale;Sereno;Normale;Buona;;0;0;0;2;12.5396;41.8866;-1;1;Autovettura privata;In marcia / fermata / arresto;Conducente;M;Illeso;0;;Non accertato;Inesploso
5377045;6;20/04/2021 16:10:00;Strada Urbana;VIA ZENODOSSIO;all'intersezione con;VIA GABRINO FONDULO;VIA GABRINO FONDULO;;;Tamponamento;Incrocio;Più di due carreggiate;Asciutto;Asfaltata;Verticale ed orizzontale;Sereno;Normale;Buona;;0;0;0;2;12.5396;41.8866;-1;2;Autovettura privata;In marcia / fermata / arresto;Conducente;M;Illeso;0;;Non accertato;Inesploso
5377063;20;20/04/2021 16:20:00;Strada Urbana;VIALE MAURIZIO BARENDSON;da specificare;;;;rampa saxa rubra;Scontro laterale fra veicoli in marcia;Rettilineo;Una carreggiata a doppio senso;Bagnato (umidità in atto);Asfaltata;Verticale ed orizzontale;Nuvoloso;Normale;Buona;;0;0;0;3;12.4949;41.9755;-1;1;Autovettura privata;In marcia / fermata / arresto;Conducente;M;Illeso;0;;Non accertato;Inesploso
5377063;20;20/04/2021 16:20:00;Strada Urbana;VIALE MAURIZIO BARENDSON;da specificare;;;;rampa saxa rubra;Scontro laterale fra veicoli in marcia;Rettilineo;Una carreggiata a doppio senso;Bagnato (umidità in atto);Asfaltata;Verticale ed orizzontale;Nuvoloso;Normale;Buona;;0;0;0;3;12.4949;41.9755;-1;2;Autobus turistico;In marcia / fermata / arresto;Conducente;M;Illeso;0;;Non accertato;Inesploso
5377063;20;20/04/2021 16:20:00;Strada Urbana;VIALE MAURIZIO BARENDSON;da specificare;;;;rampa saxa rubra;Scontro laterale fra veicoli in marcia;Rettilineo;Una carreggiata a doppio senso;Bagnato (umidità in atto);Asfaltata;Verticale ed orizzontale;Nuvoloso;Normale;Buona;;0;0;0;3;12.4949;41.9755;-1;2;Autobus turistico;In marcia / fermata / arresto;Passeggero;M;Illeso;0;;;
5377134;17;20/04/2021 09:15:00;Strada Urbana;VIA MONTELLO;all'intersezione con;VIA ASIAGO;VIA ASIAGO;;;Veicolo in marcia contro veicolo in sosta;Intersezione stradale segnalata;Una carreggiata a doppio senso;Asciutto;Asfaltata;Verticale ed orizzontale;Sereno;Normale;Buona;;0;0;0;2;12.4631;41.9186;-1;1;Autocarro inferiore 35 q.;In marcia / fermata / arresto;Conducente;M;Illeso;0;;;
5377134;17;20/04/2021 09:15:00;Strada Urbana;VIA MONTELLO;all'intersezione con;VIA ASIAGO;VIA ASIAGO;;;Veicolo in marcia contro veicolo in sosta;Intersezione stradale segnalata;Una carreggiata a doppio senso;Asciutto;Asfaltata;Verticale ed orizzontale;Sereno;Normale;Buona;;0;0;0;2;12.4631;41.9186;-1;1;Autocarro inferiore 35 q.;In marcia / fermata / arresto;Passeggero;M;Illeso;0;;;
5377134;17;20/04/2021 09:15:00;Strada Urbana;VIA MONTELLO;all'intersezione con;VIA ASIAGO;VIA ASIAGO;;;Veicolo in marcia contro veicolo in sosta;Intersezione stradale segnalata;Una carreggiata a doppio senso;Asciutto;Asfaltata;Verticale ed orizzontale;Sereno;Normale;Buona;;0;0;0;2;12.4631;41.9186;-1;2;Autovettura privata;Sosta;;;;;;;
5377164;18;20/04/2021 15:00:00;Strada Urbana;VIA AURELIA;in prossimità;;del civico n.;386;;Tamponamento Multiplo;Rettilineo;Una carreggiata a doppio senso;Asciutto;Asfaltata;Verticale ed orizzontale;Sereno;Intenso;Buona;;0;0;0;3;12.4315;41.8978;-1;1;Autovettura privata;In marcia / fermata / arresto;Conducente;F;Illeso;0;;Non accertato;Inesploso
5377164;18;20/04/2021 15:00:00;Strada Urbana;VIA AURELIA;in prossimità;;del civico n.;386;;Tamponamento Multiplo;Rettilineo;Una carreggiata a doppio senso;Asciutto;Asfaltata;Verticale ed orizzontale;Sereno;Intenso;Buona;;0;0;0;3;12.4315;41.8978;-1;2;Autovettura privata;In marcia / fermata / arresto;Conducente;M;Illeso;0;;Non accertato;Inesploso
5377164;18;20/04/2021 15:00:00;Strada Urbana;VIA AURELIA;in prossimità;;del civico n.;386;;Tamponamento Multiplo;Rettilineo;Una carreggiata a doppio senso;Asciutto;Asfaltata;Verticale ed orizzontale;Sereno;Intenso;Buona;;0;0;0;3;12.4315;41.8978;-1;3;Autovettura privata;Allontanatosi;Conducente;;Illeso;0;;;
5377189;1;20/04/2021 14:30:00;Strada Urbana;VIA SICILIA;all'intersezione con;VIA ABRUZZI;VIA ABRUZZI;;;Scontro frontale/laterale DX fra veicoli in marcia;Incrocio;Una carreggiata a senso unico di marcia;Asciutto;Asfaltata;Verticale ed orizzontale;Nuvoloso;Normale;Buona;;0;0;0;2;12.4925;41.9089;-1;1;Autovettura privata;In marcia / fermata / arresto;Conducente;M;Illeso;0;;Non accertato;Inesploso
5377189;1;20/04/2021 14:30:00;Strada Urbana;VIA SICILIA;all'intersezione con;VIA ABRUZZI;VIA ABRUZZI;;;Scontro frontale/laterale DX fra veicoli in marcia;Incrocio;Una carreggiata a senso unico di marcia;Asciutto;Asfaltata;Verticale ed orizzontale;Nuvoloso;Normale;Buona;;0;0;0;2;12.4925;41.9089;-1;2;Autovettura privata;In marcia / fermata / arresto;Conducente;M;Illeso;0;;Non accertato;Inesploso
5377219;12;20/04/2021 08:35:00;Strada Urbana;VIALE IGNAZIO SILONE;in corrispondenza;;del civico n.;100;;Veicolo in marcia contro veicolo in sosta;Rettilineo;Due carreggiate;Asciutto;Asfaltata;Verticale ed orizzontale;Sereno;Scarso;Buona;;0;0;0;1;12.481;41.8162;-1;1;Autovettura privata;In marcia / fermata / arresto;Conducente;M;Illeso;0;;Utilizzato;Inesploso
5377219;12;20/04/2021 08:35:00;Strada Urbana;VIALE IGNAZIO SILONE;in corrispondenza;;del civico n.;100;;Veicolo in marcia contro veicolo in sosta;Rettilineo;Due carreggiate;Asciutto;Asfaltata;Verticale ed orizzontale;Sereno;Scarso;Buona;;0;0;0;1;12.481;41.8162;-1;2;Autovettura privata;Sosta;;;;;;;
5377224;17;20/04/2021 14:00:00;Strada Urbana;VIA TRIONFALE;all'intersezione con;VIA TOMMASO CAMPANELLA;VIA TOMMASO CAMPANELLA;;;Scontro frontale/laterale SX fra veicoli in marcia;Incrocio;Una carreggiata a senso unico di marcia;Bagnato (pioggia);Asfaltata;Verticale ed orizzontale;Pioggia in atto;Normale;Sufficiente;;0;0;0;2;12.4229;41.9409;-1;1;Autovettura privata;In marcia / fermata / arresto;Conducente;M;Illeso;0;;;
5377224;17;20/04/2021 14:00:00;Strada Urbana;VIA TRIONFALE;all'intersezione con;VIA TOMMASO CAMPANELLA;VIA TOMMASO CAMPANELLA;;;Scontro frontale/laterale SX fra veicoli in marcia;Incrocio;Una carreggiata a senso unico di marcia;Bagnato (pioggia);Asfaltata;Verticale ed orizzontale;Pioggia in atto;Normale;Sufficiente;;0;0;0;2;12.4229;41.9409;-1;2;Autovettura privata;In marcia / fermata / arresto;Conducente;M;Illeso;0;;;
5377304;6;20/04/2021 18:05:00;Strada Urbana;VIA PRENESTINA;in corrispondenza;;del civico n.;443 A;;Scontro laterale fra veicoli in marcia;Rettilineo;Una carreggiata a senso unico di marcia;Asciutto;Asfaltata;Orizzontale;Sereno;Normale;Buona;;0;0;0;3;12.5643;41.8951;-1;1;Autocarro inferiore 35 q.;In marcia / fermata / arresto;Conducente;M;Illeso;0;;Non accertato;Inesploso
5377304;6;20/04/2021 18:05:00;Strada Urbana;VIA PRENESTINA;in corrispondenza;;del civico n.;443 A;;Scontro laterale fra veicoli in marcia;Rettilineo;Una carreggiata a senso unico di marcia;Asciutto;Asfaltata;Orizzontale;Sereno;Normale;Buona;;0;0;0;3;12.5643;41.8951;-1;1;Autocarro inferiore 35 q.;In marcia / fermata / arresto;Passeggero;M;Illeso;0;;Non accertato;Inesploso
5377304;6;20/04/2021 18:05:00;Strada Urbana;VIA PRENESTINA;in corrispondenza;;del civico n.;443 A;;Scontro laterale fra veicoli in marcia;Rettilineo;Una carreggiata a senso unico di marcia;Asciutto;Asfaltata;Orizzontale;Sereno;Normale;Buona;;0;0;0;3;12.5643;41.8951;-1;2;Autovettura privata;In marcia / fermata / arresto;Conducente;M;Illeso;0;;Non accertato;Inesploso
5377306;10;20/04/2021 18:35:00;Strada Urbana;VIA QUINTILIO VARO;in prossimità;;del civico n.;155;;Scontro laterale fra veicoli in marcia;Rettilineo;Una carreggiata a senso unico di marcia;Asciutto;Asfaltata;Verticale ed orizzontale;Sereno;Normale;Buona;;0;0;0;1;12.5663;41.853;-1;1;Autovettura privata;In marcia / fermata / arresto;Conducente;M;Illeso;0;;;Inesploso
5377306;10;20/04/2021 18:35:00;Strada Urbana;VIA QUINTILIO VARO;in prossimità;;del civico n.;155;;Scontro laterale fra veicoli in marcia;Rettilineo;Una carreggiata a senso unico di marcia;Asciutto;Asfaltata;Verticale ed orizzontale;Sereno;Normale;Buona;;0;0;0;1;12.5663;41.853;-1;2;Motociclo a solo;In marcia / fermata / arresto;;;;;;;
5377339;9;19/04/2021 20:30:00;;VIALE DELLO SCALO S. LORENZO;da specificare;;;;TUNNEL DIREZIONE PORTA MAGGIORE;Veicolo in marcia contro ostacolo accidentale;;;;;;;;;;0;0;0;1;;;0;1;Autovettura privata;In marcia / fermata / arresto;Conducente;M;Illeso;0;;;