Protocollo;Gruppo;DataOraIncidente;Localizzazione1;STRADA1;Localizzazione2;STRADA2;Strada02;Chilometrica;DaSpecificare;NaturaIncidente;particolaritastrade;TipoStrada;FondoStradale;Pavimentazione;Segnaletica;CondizioneAtmosferica;Traffico;Visibilita;Illuminazione;NUM_FERITI;NUM_RISERVATA;NUM_MORTI;NUM_ILLESI;Longitude;Latitude;Confermato;Progressivo;TipoVeicolo;StatoVeicolo;TipoPersona;Sesso;Tipolesione;Deceduto;DecedutoDopo;CinturaCascoUtilizzato;Airbag;
5377347;1;20/04/2021 16:10:00;Strada Urbana;LUNGOTEVERE MARZIO;all'intersezione semaforizzata con;PONTE CAVOUR;PONTE CAVOUR;;;Tamponamento;Intersezione semaforizzata;Una carreggiata a doppio senso;Bagnato (umidità in atto);In cubetti di porfido;Verticale ed orizzontale;Nuvoloso;Normale;Buona;;0;0;0;2;12.4751;41.9049;-1;1;Motociclo a solo;In marcia / fermata / arresto;Conducente;M;Illeso;0;;Non accertato;
5377347;1;20/04/2021 16:10:00;Strada Urbana;LUNGOTEVERE MARZIO;all'intersezione semaforizzata con;PONTE CAVOUR;PONTE CAVOUR;;;Tamponamento;Intersezione semaforizzata;Una carreggiata a doppio senso;Bagnato (umidità in atto);In cubetti di porfido;Verticale ed orizzontale;Nuvoloso;Normale;Buona;;0;0;0;2;12.4751;41.9049;-1;2;Autovettura privata;In marcia / fermata / arresto;Conducente;M;Illeso;0;;Non accertato;Inesploso
5377371;1;20/04/2021 15:30:00;Strada Urbana;VIA DEI BANCHI VECCHI;in prossimità;;del civico n.;40;;Veicolo in marcia contro veicoli in sosta;Rettilineo;Una carreggiata a senso unico di marcia;Asciutto;Asfaltata;Verticale ed orizzontale;Sereno;Scarso;Buona;;0;0;0;1;12.4668;41.8985;-1;1;Autovettura privata;Sosta;;;;;;;
5377371;1;20/04/2021 15:30:00;Strada Urbana;VIA DEI BANCHI VECCHI;in prossimità;;del civico n.;40;;Veicolo in marcia contro veicoli in sosta;Rettilineo;Una carreggiata a senso unico di marcia;Asciutto;Asfaltata;Verticale ed orizzontale;Sereno;Scarso;Buona;;0;0;0;1;12.4668;41.8985;-1;2;Autovettura privata;In marcia / fermata / arresto;Conducente;M;Illeso;0;;Non accertato;Inesploso
5377371;1;20/04/2021 15:30:00;Strada Urbana;VIA DEI BANCHI VECCHI;in prossimità;;del civico n.;40;;Veicolo in marcia contro veicoli in sosta;Rettilineo;Una carreggiata a senso unico di marcia;Asciutto;Asfaltata;Verticale ed orizzontale;Sereno;Scarso;Buona;;0;0;0;1;12.4668;41.8985;-1;3;Autovettura privata;Sosta;;;;;;;
5377384;1;20/04/2021 14:05:00;Strada Urbana;VIA DELLA LUCE;in prossimità;;del civico n.;32;;Veicolo in marcia contro veicolo in sosta;Rettilineo;Una carreggiata a senso unico di marcia;Asciutto;In cubetti di porfido;Verticale ed orizzontale;Nuvoloso;Scarso;Buona;;0;0;0;1;12.4747;41.8881;-1;1;Autovettura privata;Sosta;Passeggero;F;Illeso;0;;Non accertato;Inesploso
5377384;1;20/04/2021 14:05:00;Strada Urbana;VIA DELLA LUCE;in prossimità;;del civico n.;32;;Veicolo in marcia contro veicolo in sosta;Rettilineo;Una carreggiata a senso unico di marcia;Asciutto;In cubetti di porfido;Verticale ed orizzontale;Nuvoloso;Scarso;Buona;;0;0;0;1;12.4747;41.8881;-1;2;Autocarro inferiore 35 q.;In marcia / fermata / arresto;;;;;;;
5377387;1;20/04/2021 14:35:00;Strada Urbana;VIA APPIA ANTICA;all'intersezione semaforizzata con;VIA DI PORTA S. SEBASTIANO;VIA DI PORTA S. SEBASTIANO;;;Scontro frontale fra veicoli in marcia;Intersezione semaforizzata;Una carreggiata a doppio senso;Bagnato (pioggia);In cubetti di porfido;Verticale ed orizzontale;Nuvoloso;Normale;Buona;;1;0;0;1;12.5016;41.8733;-1;1;Autovettura privata;In marcia / fermata / arresto;Conducente;M;Illeso;0;;Non accertato;Inesploso
5377387;1;20/04/2021 14:35:00;Strada Urbana;VIA APPIA ANTICA;all'intersezione semaforizzata con;VIA DI PORTA S. SEBASTIANO;VIA DI PORTA S. SEBASTIANO;;;Scontro frontale fra veicoli in marcia;Intersezione semaforizzata;Una carreggiata a doppio senso;Bagnato (pioggia);In cubetti di porfido;Verticale ed orizzontale;Nuvoloso;Normale;Buona;;1;0;0;1;12.5016;41.8733;-1;2;Motociclo a solo;In marcia / fermata / arresto;Conducente;M;Rimandato;0;NON DECEDUTO;Non accertato;
5377390;18;20/04/2021 19:15:00;Strada Urbana;VIA DI CASALOTTI;in corrispondenza;;del civico n.;53;;Scontro frontale/laterale DX fra veicoli in marcia;Rettilineo;Una carreggiata a doppio senso;Asciutto;Asfaltata;Verticale ed orizzontale;Sereno;Normale;Buona;;1;0;0;1;12.3746;41.9163;-1;1;Autovettura privata;In marcia / fermata / arresto;Conducente;F;Illeso;0;;Non accertato;Inesploso
5377390;18;20/04/2021 19:15:00;Strada Urbana;VIA DI CASALOTTI;in corrispondenza;;del civico n.;53;;Scontro frontale/laterale DX fra veicoli in marcia;Rettilineo;Una carreggiata a doppio senso;Asciutto;Asfaltata;Verticale ed orizzontale;Sereno;Normale;Buona;;1;0;0;1;12.3746;41.9163;-1;2;Motociclo a solo;In marcia / fermata / arresto;Conducente;M;Rimandato;0;NON DECEDUTO;Non accertato;
5377479;12;20/04/2021 19:17:00;Provinciale;VIA ARDEATINA;all'intersezione semaforizzata con;VIA DEGLI ASTRINI;VIA DEGLI ASTRINI;;;Tamponamento;Intersezione semaforizzata;Una carreggiata a doppio senso;Asciutto;Asfaltata;Verticale ed orizzontale;Nuvoloso;Normale;Sufficiente;;1;0;0;1;12.5854;41.7013;-1;1;Autovettura privata;In marcia / fermata / arresto;Conducente;M;Rimandato;0;NON DECEDUTO;Non accertato;Inesploso
5377479;12;20/04/2021 19:17:00;Provinciale;VIA ARDEATINA;all'intersezione semaforizzata con;VIA DEGLI ASTRINI;VIA DEGLI ASTRINI;;;Tamponamento;Intersezione semaforizzata;Una carreggiata a doppio senso;Asciutto;Asfaltata;Verticale ed orizzontale;Nuvoloso;Normale;Sufficiente;;1;0;0;1;12.5854;41.7013;-1;2;Autovettura privata;In marcia / fermata / arresto;Conducente;M;Illeso;0;;Non accertato;Esploso
5377630;11;20/04/2021 07:50:00;Strada Urbana;VIA GIOVANNI BATTISTA MAGNAGHI;in corrispondenza;;del civico n.;5;;Scontro laterale fra veicoli in marcia;Rettilineo;Una carreggiata a doppio senso;Bagnato (umidità in atto);Asfaltata;Verticale;Sereno;Scarso;Buona;;0;0;0;2;12.4888;41.8634;-1;1;Autovettura privata;In marcia / fermata / arresto;Conducente;M;Illeso;0;;Non accertato;
5377630;11;20/04/2021 07:50:00;Strada Urbana;VIA GIOVANNI BATTISTA MAGNAGHI;in corrispondenza;;del civico n.;5;;Scontro laterale fra veicoli in marcia;Rettilineo;Una carreggiata a doppio senso;Bagnato (umidità in atto);Asfaltata;Verticale;Sereno;Scarso;Buona;;0;0;0;2;12.4888;41.8634;-1;2;Autovettura privata;In marcia / fermata / arresto;Conducente;M;Illeso;0;;Non accertato;
5377630;11;20/04/2021 07:50:00;Strada Urbana;VIA GIOVANNI BATTISTA MAGNAGHI;in corrispondenza;;del civico n.;5;;Scontro laterale fra veicoli in marcia;Rettilineo;Una carreggiata a doppio senso;Bagnato (umidità in atto);Asfaltata;Verticale;Sereno;Scarso;Buona;;0;0;0;2;12.4888;41.8634;-1;3;Autovettura privata;Sosta;;;;;;;
5377653;9;20/04/2021 12:00:00;Strada Urbana;VIA APPIA NUOVA;in prossimità;;del civico n.;361/a;;Scontro laterale fra veicoli in marcia;Rettilineo;Più di due carreggiate;Asciutto;Asfaltata;Verticale ed orizzontale;Sereno;Intenso;Buona;;0;0;0;3;12.5226;41.8755;-1;1;Autovettura privata;In marcia / fermata / arresto;Conducente;F;Illeso;0;;Non accertato;Inesploso
5377653;9;20/04/2021 12:00:00;Strada Urbana;VIA APPIA NUOVA;in prossimità;;del civico n.;361/a;;Scontro laterale fra veicoli in marcia;Rettilineo;Più di due carreggiate;Asciutto;Asfaltata;Verticale ed orizzontale;Sereno;Intenso;Buona;;0;0;0;3;12.5226;41.8755;-1;2;Autovettura privata;In marcia / fermata / arresto;Conducente;M;Illeso;0;;Non accertato;Inesploso
5377653;9;20/04/2021 12:00:00;Strada Urbana;VIA APPIA NUOVA;in prossimità;;del civico n.;361/a;;Scontro laterale fra veicoli in marcia;Rettilineo;Più di due carreggiate;Asciutto;Asfaltata;Verticale ed orizzontale;Sereno;Intenso;Buona;;0;0;0;3;12.5226;41.8755;-1;3;Autovettura privata;In marcia / fermata / arresto;Conducente;M;Illeso;0;;Non accertato;Inesploso
5377680;8;20/04/2021 11:55:00;Strada Urbana;VIALE OXFORD;all'intersezione con;VIALE DELLA SORBONA;VIALE DELLA SORBONA;;;Scontro laterale fra veicoli in marcia;Rotatoria;Una carreggiata a senso unico di marcia;Asciutto;Asfaltata;Verticale ed orizzontale;Sereno;Normale;Buona;;0;0;0;2;12.6268;41.8586;-1;1;Autovettura privata;In marcia / fermata / arresto;Conducente;M;Illeso;0;;Non accertato;Inesploso
5377680;8;20/04/2021 11:55:00;Strada Urbana;VIALE OXFORD;all'intersezione con;VIALE DELLA SORBONA;VIALE DELLA SORBONA;;;Scontro laterale fra veicoli in marcia;Rotatoria;Una carreggiata a senso unico di marcia;Asciutto;Asfaltata;Verticale ed orizzontale;Sereno;Normale;Buona;;0;0;0;2;12.6268;41.8586;-1;2;Autobus urbano;In marcia / fermata / arresto;Conducente;M;Illeso;0;;Non accertato;Inesploso
5377688;9;20/04/2021 19:00:00;Strada Urbana;VIALE FURIO CAMILLO;in prossimità;;del civico n.;97;;Veicolo in marcia contro veicolo in sosta;Rettilineo;Due carreggiate;Asciutto;Asfaltata;Verticale ed orizzontale;Sereno;Normale;Sufficiente;;0;0;0;0;12.5247;41.8762;-1;1;Autovettura privata;Allontanatosi;;;;;;;
5377688;9;20/04/2021 19:00:00;Strada Urbana;VIALE FURIO CAMILLO;in prossimità;;del civico n.;97;;Veicolo in marcia contro veicolo in sosta;Rettilineo;Due carreggiate;Asciutto;Asfaltata;Verticale ed orizzontale;Sereno;Normale;Sufficiente;;0;0;0;0;12.5247;41.8762;-1;2;Autovettura privata;Sosta;;;;;;;
5377688;9;20/04/2021 19:00:00;Strada Urbana;VIALE FURIO CAMILLO;in prossimità;;del civico n.;97;;Veicolo in marcia contro veicolo in sosta;Rettilineo;Due carreggiate;Asciutto;Asfaltata;Verticale ed orizzontale;Sereno;Normale;Sufficiente;;0;0;0;0;12.5247;41.8762;-1;3;Autovettura privata;Sosta;;;;;;;
5377699;11;20/04/2021 17:30:00;Strada Urbana;VIA DI GROTTA PERFETTA;all'intersezione con;VIALE PICO DELLA MIRANDOLA;VIALE PICO DELLA MIRANDOLA;;;Scontro laterale fra veicoli in marcia;Intersezione semaforizzata;Una carreggiata a doppio senso;Asciutto;Asfaltata;Verticale ed orizzontale;Sereno;Normale;Buona;;0;0;0;2;12.4879;41.8475;-1;1;Autovettura privata;In marcia / fermata / arresto;Conducente;M;Illeso;0;;Non accertato;
5377699;11;20/04/2021 17:30:00;Strada Urbana;VIA DI GROTTA PERFETTA;all'intersezione con;VIALE PICO DELLA MIRANDOLA;VIALE PICO DELLA MIRANDOLA;;;Scontro laterale fra veicoli in marcia;Intersezione semaforizzata;Una carreggiata a doppio senso;Asciutto;Asfaltata;Verticale ed orizzontale;Sereno;Normale;Buona;;0;0;0;2;12.4879;41.8475;-1;2;Autovettura privata;In marcia / fermata / arresto;Conducente;M;Illeso;0;;;
5377713;9;20/04/2021 21:00:00;Strada Urbana;VIA BRITANNIA;in prossimità;;del civico n.;64;;Scontro laterale fra veicoli in marcia;Rettilineo;Una carreggiata a doppio senso;Asciutto;Asfaltata;Verticale ed orizzontale;Sereno;Normale;Buona;;0;0;0;2;12.5081;41.8787;-1;1;Autovettura pubblica;In marcia / fermata / arresto;Conducente;M;Illeso;0;;Non accertato;Inesploso
5377713;9;20/04/2021 21:00:00;Strada Urbana;VIA BRITANNIA;in prossimità;;del civico n.;64;;Scontro laterale fra veicoli in marcia;Rettilineo;Una carreggiata a doppio senso;Asciutto;Asfaltata;Verticale ed orizzontale;Sereno;Normale;Buona;;0;0;0;2;12.5081;41.8787;-1;2;Autovettura privata;In marcia / fermata / arresto;Conducente;F;Illeso;0;;Non accertato;Inesploso
5377716;11;20/04/2021 13:30:00;Strada Urbana;VIA CRISTOFORO COLOMBO;all'intersezione semaforizzata con;VIA VEDANA;VIA VEDANA;;;Scontro frontale/laterale SX fra veicoli in marcia;Intersezione semaforizzata;Più di due carreggiate;Asciutto;Asfaltata;Verticale ed orizzontale;Nuvoloso;Normale;Buona;;0;0;0;2;12.4811;41.8473;-1;1;Autovettura privata;In marcia / fermata / arresto;Conducente;M;Illeso;0;;;
5377716;11;20/04/2021 13:30:00;Strada Urbana;VIA CRISTOFORO COLOMBO;all'intersezione semaforizzata con;VIA VEDANA;VIA VEDANA;;;Scontro frontale/laterale SX fra veicoli in marcia;Intersezione semaforizzata;Più di due carreggiate;Asciutto;Asfaltata;Verticale ed orizzontale;Nuvoloso;Normale;Buona;;0;0;0;2;12.4811;41.8473;-1;2;Autovettura privata;In marcia / fermata / arresto;Conducente;F;Illeso;0;;;
5377717;4;20/04/2021 07:45:00;Strada Urbana;VIA NOMENTANA;in corrispondenza;;della chilometrica;16.6;;Veicolo in marcia contro ostacolo fisso;Rettilineo;Due carreggiate;Asciutto;Asfaltata;Verticale ed orizzontale;Sereno;Normale;Buona;;0;0;0;1;12.5736;41.959;-1;1;Autovettura privata;In marcia / fermata / arresto;Conducente;F;Illeso;0;;;
5377721;1;20/04/2021 20:55:00;Strada Urbana;PONTE PRINCIPE AMEDEO SAVOIA AOSTA;all'intersezione semaforizzata con;LUNGOTEVERE DEI FIORENTINI;LUNGOTEVERE DEI FIORENTINI;;;Scontro laterale fra veicoli in marcia;Intersezione semaforizzata;Una carreggiata a senso unico di marcia;Asciutto;Asfaltata;Verticale ed orizzontale;Sereno;Scarso;Insufficiente;;1;0;0;2;12.4643;41.8998;-1;1;Autovettura privata;In marcia / fermata / arresto;Conducente;M;Illeso;0;;Non accertato;Inesploso
5377721;1;20/04/2021 20:55:00;Strada Urbana;PONTE PRINCIPE AMEDEO SAVOIA AOSTA;all'intersezione semaforizzata con;LUNGOTEVERE DEI FIORENTINI;LUNGOTEVERE DEI FIORENTINI;;;Scontro laterale fra veicoli in marcia;Intersezione semaforizzata;Una carreggiata a senso unico di marcia;Asciutto;Asfaltata;Verticale ed orizzontale;Sereno;Scarso;Insufficiente;;1;0;0;2;12.4643;41.8998;-1;1;Autovettura privata;In marcia / fermata / arresto;Passeggero;F;Illeso;0;;Non accertato;Inesploso
5377721;1;20/04/2021 20:55:00;Strada Urbana;PONTE PRINCIPE AMEDEO SAVOIA AOSTA;all'intersezione semaforizzata con;LUNGOTEVERE DEI FIORENTINI;LUNGOTEVERE DEI FIORENTINI;;;Scontro laterale fra veicoli in marcia;Intersezione semaforizzata;Una carreggiata a senso unico di marcia;Asciutto;Asfaltata;Verticale ed orizzontale;Sereno;Scarso;Insufficiente;;1;0;0;2;12.4643;41.8998;-1;2;Motociclo a solo;In marcia / fermata / arresto;Conducente;M;Rimandato;0;NON DECEDUTO;Non accertato;
5377725;15;20/04/2021 16:35:00;Strada Urbana;VIA DELLA MAGLIANA;in corrispondenza;;del civico n.;242;;Scontro frontale/laterale SX fra veicoli in marcia;Rettilineo;Una carreggiata a doppio senso;Asciutto;Asfaltata;Orizzontale;Sereno;Normale;Buona;;2;0;0;1;12.4573;41.8478;-1;1;Autovettura privata;In marcia / fermata / arresto;Conducente;F;Illeso;0;;;Inesploso
5377725;15;20/04/2021 16:35:00;Strada Urbana;VIA DELLA MAGLIANA;in corrispondenza;;del civico n.;242;;Scontro frontale/laterale SX fra veicoli in marcia;Rettilineo;Una carreggiata a doppio senso;Asciutto;Asfaltata;Orizzontale;Sereno;Normale;Buona;;2;0;0;1;12.4573;41.8478;-1;2;Motociclo con passeggero;In marcia / fermata / arresto;Conducente;F;Rimandato;0;NON DECEDUTO;Utilizzato;
5377725;15;20/04/2021 16:35:00;Strada Urbana;VIA DELLA MAGLIANA;in corrispondenza;;del civico n.;242;;Scontro frontale/laterale SX fra veicoli in marcia;Rettilineo;Una carreggiata a doppio senso;Asciutto;Asfaltata;Orizzontale;Sereno;Normale;Buona;;2;0;0;1;12.4573;41.8478;-1;2;Motociclo con passeggero;In marcia / fermata / arresto;Passeggero;M;Rimandato;0;NON DECEDUTO;;
5377733;4;20/04/2021 14:00:00;Provinciale entro l'abitato;VIA NOMENTANA;in prossimità;;del civico n.;1099;;Infortunio per sola frenata improvvisa;Rettilineo;Una carreggiata a doppio senso;Bagnato (pioggia);Asfaltata;Verticale ed orizzontale;Pioggia in atto;Normale;Buona;;0;0;0;2;12.5723;41.9531;-1;1;Autovettura privata;In marcia / fermata / arresto;Conducente;F;Illeso;0;;;
5377733;4;20/04/2021 14:00:00;Provinciale entro l'abitato;VIA NOMENTANA;in prossimità;;del civico n.;1099;;Infortunio per sola frenata improvvisa;Rettilineo;Una carreggiata a doppio senso;Bagnato (pioggia);Asfaltata;Verticale ed orizzontale;Pioggia in atto;Normale;Buona;;0;0;0;2;12.5723;41.9531;-1;2;Motociclo a solo;In marcia / fermata / arresto;Conducente;M;Illeso;0;;;
5377752;17;20/04/2021 14:15:00;Strada Urbana;PIAZZALE MARESCIALLO GIARDINO;in prossimità;;del civico n.;1;;Veicolo in marcia contro veicoli in arresto;Rettilineo;Due carreggiate;Asciutto;Asfaltata;Verticale ed orizzontale;Nuvoloso;Intenso;Buona;;0;0;0;3;12.4584;41.9233;-1;1;Autovettura privata;In marcia / fermata / arresto;Conducente;M;Illeso;0;;;
5377752;17;20/04/2021 14:15:00;Strada Urbana;PIAZZALE MARESCIALLO GIARDINO;in prossimità;;del civico n.;1;;Veicolo in marcia contro veicoli in arresto;Rettilineo;Due carreggiate;Asciutto;Asfaltata;Verticale ed orizzontale;Nuvoloso;Intenso;Buona;;0;0;0;3;12.4584;41.9233;-1;2;Autovettura privata;In marcia / fermata / arresto;Conducente;M;Illeso;0;;;
5377752;17;20/04/2021 14:15:00;Strada Urbana;PIAZZALE MARESCIALLO GIARDINO;in prossimità;;del civico n.;1;;Veicolo in marcia contro veicoli in arresto;Rettilineo;Due carreggiate;Asciutto;Asfaltata;Verticale ed orizzontale;Nuvoloso;Intenso;Buona;;0;0;0;3;12.4584;41.9233;-1;3;Motociclo a solo;In marcia / fermata / arresto;Conducente;M;Illeso;0;;;
5377762;8;20/04/2021 13:30:00;Strada Urbana;VIA DI LUNGHEZZA;all'intersezione con;VIA ENRICO BERNARDI;VIA ENRICO BERNARDI;;;Tamponamento;Incrocio;Una carreggiata a doppio senso;Bagnato (umidità in atto);Asfaltata;Orizzontale;Nuvoloso;Normale;Buona;;1;0;0;1;12.6715;41.9231;-1;1;Autovettura privata;In marcia / fermata / arresto;Conducente;F;Rifiuta cure immediate;0;NON DECEDUTO;Non accertato;Inesploso
5377762;8;20/04/2021 13:30:00;Strada Urbana;VIA DI LUNGHEZZA;all'intersezione con;VIA ENRICO BERNARDI;VIA ENRICO BERNARDI;;;Tamponamento;Incrocio;Una carreggiata a doppio senso;Bagnato (umidità in atto);Asfaltata;Orizzontale;Nuvoloso;Normale;Buona;;1;0;0;1;12.6715;41.9231;-1;2;Autovettura privata;In marcia / fermata / arresto;Conducente;M;Illeso;0;;Non accertato;Inesploso
5377766;6;20/04/2021 18:30:00;Strada Urbana;VIA DINO PENAZZATO;in prossimità;;del civico n.;71;;Scontro laterale fra veicoli in marcia;Rettilineo;Una carreggiata a doppio senso;Asciutto;Asfaltata;Verticale ed orizzontale;Sereno;Normale;Buona;;0;0;0;3;12.5644;41.8973;-1;1;Autocarro inferiore 35 q.;In marcia / fermata / arresto;Conducente;M;Illeso;0;;;
5377766;6;20/04/2021 18:30:00;Strada Urbana;VIA DINO PENAZZATO;in prossimità;;del civico n.;71;;Scontro laterale fra veicoli in marcia;Rettilineo;Una carreggiata a doppio senso;Asciutto;Asfaltata;Verticale ed orizzontale;Sereno;Normale;Buona;;0;0;0;3;12.5644;41.8973;-1;2;Autovettura privata;In marcia / fermata / arresto;Conducente;F;Illeso;0;;;Inesploso
5377766;6;20/04/2021 18:30:00;Strada Urbana;VIA DINO PENAZZATO;in prossimità;;del civico n.;71;;Scontro laterale fra veicoli in marcia;Rettilineo;Una carreggiata a doppio senso;Asciutto;Asfaltata;Verticale ed orizzontale;Sereno;Normale;Buona;;0;0;0;3;12.5644;41.8973;-1;2;Autovettura privata;In marcia / fermata / arresto;Passeggero;F;Illeso;0;;;Inesploso
5377774;11;20/04/2021 08:41:00;Strada Urbana;VIALE GUGLIELMO MARCONI;in corrispondenza;;del civico n.;413;;Scontro laterale fra veicoli in marcia;Rettilineo;Due carreggiate;Asciutto;Asfaltata;Verticale ed orizzontale;Sereno;Scarso;Buona;;1;0;0;1;12.4716;41.8569;-1;1;Motociclo a solo;In marcia / fermata / arresto;Conducente;M;Rimandato;0;NON DECEDUTO;Non accertato;
5377774;11;20/04/2021 08:41:00;Strada Urbana;VIALE GUGLIELMO MARCONI;in corrispondenza;;del civico n.;413;;Scontro laterale fra veicoli in marcia;Rettilineo;Due carreggiate;Asciutto;Asfaltata;Verticale ed orizzontale;Sereno;Scarso;Buona;;1;0;0;1;12.4716;41.8569;-1;2;Motociclo di polizia;In marcia / fermata / arresto;Conducente;M;Illeso;0;;Non accertato;
5377808;15;20/04/2021 18:15:00;Strada Urbana;VIA PORTUENSE;da specificare;;;;prossimità civico 733;Scontro frontale/laterale DX fra veicoli in marcia;Rettilineo;Una carreggiata a doppio senso;Asciutto;Asfaltata;Orizzontale;Sereno;Normale;Buona;;1;0;0;1;12.414;41.8469;-1;1;Motociclo a solo;In marcia / fermata / arresto;Conducente;M;Ricoverato;0;NON DECEDUTO;Non accertato;
5377808;15;20/04/2021 18:15:00;Strada Urbana;VIA PORTUENSE;da specificare;;;;prossimità civico 733;Scontro frontale/laterale DX fra veicoli in marcia;Rettilineo;Una carreggiata a doppio senso;Asciutto;Asfaltata;Orizzontale;Sereno;Normale;Buona;;1;0;0;1;12.414;41.8469;-1;2;Autovettura privata;In marcia / fermata / arresto;Conducente;M;Illeso;0;;Non accertato;Inesploso
5377809;13;20/04/2021 07:45:00;Strada Urbana;VIA CRISTOFORO COLOMBO;all'intersezione semaforizzata con;VIA DEL CANALE DELLA LINGUA;VIA DEL CANALE DELLA LINGUA;;;Scontro frontale/laterale DX fra veicoli in marcia;Intersezione semaforizzata;Più di due carreggiate;Asciutto;Asfaltata;Verticale ed orizzontale;Sereno;Normale;Buona;;0;0;0;2;12.3457;41.7364;-1;1;Autovettura privata;In marcia / fermata / arresto;Conducente;M;Illeso;0;;;
5377809;13;20/04/2021 07:45:00;Strada Urbana;VIA CRISTOFORO COLOMBO;all'intersezione semaforizzata con;VIA DEL CANALE DELLA LINGUA;VIA DEL CANALE DELLA LINGUA;;;Scontro frontale/laterale DX fra veicoli in marcia;Intersezione semaforizzata;Più di due carreggiate;Asciutto;Asfaltata;Verticale ed orizzontale;Sereno;Normale;Buona;;0;0;0;2;12.3457;41.7364;-1;2;Autovettura privata;In marcia / fermata / arresto;Conducente;M;Illeso;0;;;
5377815;7;20/04/2021 22:55:00;Strada Urbana;VIALE PALMIRO TOGLIATTI;all'intersezione con;VIA DEI PIOPPI;VIA DEI PIOPPI;;;Veicolo in marcia contro ostacolo fisso;Incrocio;Due carreggiate;Asciutto;Asfaltata;Verticale ed orizzontale;Sereno;Normale;Buona;;1;0;0;0;12.5733;41.8872;-1;1;Autovettura privata;In marcia / fermata / arresto;Conducente;M;Rimandato;0;NON DECEDUTO;;
5377819;8;20/04/2021 16:40:00;Strada Urbana;VIALE DELLA SORBONA;all'intersezione con;VIA COLUMBIA;VIA COLUMBIA;;;Scontro laterale fra veicoli in marcia;Rotatoria;Una carreggiata a senso unico di marcia;Asciutto;Asfaltata;Verticale ed orizzontale;Sereno;Normale;Buona;;0;0;0;2;12.6171;41.8556;-1;1;Autovettura privata;In marcia / fermata / arresto;Conducente;M;Illeso;0;;Non accertato;Inesploso
5377819;8;20/04/2021 16:40:00;Strada Urbana;VIALE DELLA SORBONA;all'intersezione con;VIA COLUMBIA;VIA COLUMBIA;;;Scontro laterale fra veicoli in marcia;Rotatoria;Una carreggiata a senso unico di marcia;Asciutto;Asfaltata;Verticale ed orizzontale;Sereno;Normale;Buona;;0;0;0;2;12.6171;41.8556;-1;2;Autovettura privata;In marcia / fermata / arresto;Conducente;F;Illeso;0;;Non accertato;Inesploso
5377821;13;20/04/2021 11:10:00;Comunale extraurbana;VIA OSTIENSE;da specificare;;;;20 MT prima intersezione via di castelfusano;Scontro frontale/laterale SX fra veicoli in marcia;Curva senza visuale libera;Una carreggiata a doppio senso;Asciutto;Asfaltata;Verticale ed orizzontale;Sereno;Normale;Buona;;4;0;0;0;12.3044;41.7595;-1;1;Autovettura privata;In marcia / fermata / arresto;Conducente;M;Rimandato;0;NON DECEDUTO;;
5377821;13;20/04/2021 11:10:00;Comunale extraurbana;VIA OSTIENSE;da specificare;;;;20 MT prima intersezione via di castelfusano;Scontro frontale/laterale SX fra veicoli in marcia;Curva senza visuale libera;Una carreggiata a doppio senso;Asciutto;Asfaltata;Verticale ed orizzontale;Sereno;Normale;Buona;;4;0;0;0;12.3044;41.7595;-1;1;Autovettura privata;In marcia / fermata / arresto;Passeggero;F;Rimandato;0;NON DECEDUTO;Utilizzato;
5377821;13;20/04/2021 11:10:00;Comunale extraurbana;VIA OSTIENSE;da specificare;;;;20 MT prima intersezione via di castelfusano;Scontro frontale/laterale SX fra veicoli in marcia;Curva senza visuale libera;Una carreggiata a doppio senso;Asciutto;Asfaltata;Verticale ed orizzontale;Sereno;Normale;Buona;;4;0;0;0;12.3044;41.7595;-1;2;Autovettura privata;In marcia / fermata / arresto;Conducente;F;Rimandato;0;NON DECEDUTO;;
5377821;13;20/04/2021 11:10:00;Comunale extraurbana;VIA OSTIENSE;da specificare;;;;20 MT prima intersezione via di castelfusano;Scontro frontale/laterale SX fra veicoli in marcia;Curva senza visuale libera;Una carreggiata a doppio senso;Asciutto;Asfaltata;Verticale ed orizzontale;Sereno;Normale;Buona;;4;0;0;0;12.3044;41.7595;-1;2;Autovettura privata;In marcia / fermata / arresto;Passeggero;F;Rimandato;0;NON DECEDUTO;;
5377826;7;20/04/2021 12:15:00;Altra strada;VIA PRENESTINA;in corrispondenza;;del civico n.;709;;Scontro laterale fra veicoli in marcia;Pianeggiante;Una carreggiata a senso unico di marcia;Asciutto;Asfaltata;Verticale ed orizzontale;Sereno;Normale;Buona;;0;0;0;3;12.591;41.8947;-1;1;Autovettura privata;In marcia / fermata / arresto;Conducente;M;Illeso;0;;;
5377826;7;20/04/2021 12:15:00;Altra strada;VIA PRENESTINA;in corrispondenza;;del civico n.;709;;Scontro laterale fra veicoli in marcia;Pianeggiante;Una carreggiata a senso unico di marcia;Asciutto;Asfaltata;Verticale ed orizzontale;Sereno;Normale;Buona;;0;0;0;3;12.591;41.8947;-1;1;Autovettura privata;In marcia / fermata / arresto;Passeggero;F;Illeso;0;;;