Protocollo;Gruppo;DataOraIncidente;Localizzazione1;STRADA1;Localizzazione2;STRADA2;Strada02;Chilometrica;DaSpecificare;NaturaIncidente;particolaritastrade;TipoStrada;FondoStradale;Pavimentazione;Segnaletica;CondizioneAtmosferica;Traffico;Visibilita;Illuminazione;NUM_FERITI;NUM_RISERVATA;NUM_MORTI;NUM_ILLESI;Longitude;Latitude;Confermato;Progressivo;TipoVeicolo;StatoVeicolo;TipoPersona;Sesso;Tipolesione;Deceduto;DecedutoDopo;CinturaCascoUtilizzato;Airbag;
5383146;15;23/04/2021 10:10:00;Strada Urbana;VIA ENRICO CRUCIANI ALIBRANDI;in corrispondenza;;del civico n.;4;;Scontro laterale fra veicoli in marcia;Rettilineo;Una carreggiata a doppio senso;Asciutto;Asfaltata;Verticale ed orizzontale;Sereno;Normale;Buona;;0;0;0;2;12.4539;41.8603;-1;2;Autovettura privata;In marcia / fermata / arresto;Conducente;F;Illeso;0;;Non accertato;Inesploso
5383161;15;23/04/2021 21:20:00;Strada Urbana;VIA LUIGI FINCATI;all'intersezione con;PIAZZA BARTOLOMEO ROMANO;PIAZZA BARTOLOMEO ROMANO;;;Scontro frontale/laterale SX fra veicoli in marcia;Incrocio;Una carreggiata a senso unico di marcia;Asciutto;Asfaltata;Verticale ed orizzontale;Nuvoloso;Scarso;Buona;;1;0;0;1;12.4848;41.8631;-1;1;Autovettura privata;In marcia / fermata / arresto;Conducente;M;Illeso;0;;Non accertato;Inesploso
5383161;15;23/04/2021 21:20:00;Strada Urbana;VIA LUIGI FINCATI;all'intersezione con;PIAZZA BARTOLOMEO ROMANO;PIAZZA BARTOLOMEO ROMANO;;;Scontro frontale/laterale SX fra veicoli in marcia;Incrocio;Una carreggiata a senso unico di marcia;Asciutto;Asfaltata;Verticale ed orizzontale;Nuvoloso;Scarso;Buona;;1;0;0;1;12.4848;41.8631;-1;2;Motociclo a solo;In marcia / fermata / arresto;Conducente;M;Rimandato;0;NON DECEDUTO;Non accertato;
5383215;6;24/04/2021 11:45:00;Strada Urbana;VIA SAMPIERO DI BASTELICA;all'intersezione con;VIA GUGLIELMO DEGLI UBERTINI;VIA GUGLIELMO DEGLI UBERTINI;;;Scontro frontale/laterale SX fra veicoli in marcia;Intersezione stradale segnalata;Una carreggiata a senso unico di marcia;Asciutto;Asfaltata;Verticale ed orizzontale;Sereno;Normale;Buona;;0;0;0;2;12.5403;41.8909;-1;1;Autovettura privata;In marcia / fermata / arresto;Conducente;M;Illeso;0;;Non accertato;Inesploso
5383215;6;24/04/2021 11:45:00;Strada Urbana;VIA SAMPIERO DI BASTELICA;all'intersezione con;VIA GUGLIELMO DEGLI UBERTINI;VIA GUGLIELMO DEGLI UBERTINI;;;Scontro frontale/laterale SX fra veicoli in marcia;Intersezione stradale segnalata;Una carreggiata a senso unico di marcia;Asciutto;Asfaltata;Verticale ed orizzontale;Sereno;Normale;Buona;;0;0;0;2;12.5403;41.8909;-1;2;Autovettura privata;In marcia / fermata / arresto;Conducente;M;Illeso;0;;Non accertato;Inesploso
5383218;1;24/04/2021 09:40:00;Strada Urbana;VIA DEL CORSO;in corrispondenza;;del civico n.;494;;Investimento di pedone;Rettilineo;Una carreggiata a senso unico di marcia;Asciutto;Asfaltata;Verticale;Sereno;Scarso;Buona;;1;0;0;1;12.4776;41.9077;-1;;;;Pedone;F;Rimandato;0;NON DECEDUTO;;
5383218;1;24/04/2021 09:40:00;Strada Urbana;VIA DEL CORSO;in corrispondenza;;del civico n.;494;;Investimento di pedone;Rettilineo;Una carreggiata a senso unico di marcia;Asciutto;Asfaltata;Verticale;Sereno;Scarso;Buona;;1;0;0;1;12.4776;41.9077;-1;1;Velocipede;In marcia / fermata / arresto;Conducente;M;Illeso;0;;Esente;
5383358;20;24/04/2021 13:10:00;Strada Urbana;VIA FLAMINIA NUOVA;in corrispondenza;;del civico n.;219;;Veicolo in marcia contro veicolo fermo;Curva a visuale libera;Più di due carreggiate;Asciutto;Asfaltata;Verticale ed orizzontale;Sereno;Scarso;Buona;;0;0;0;2;12.4709;41.9501;-1;1;Motociclo di polizia;In marcia / fermata / arresto;Conducente;M;Illeso;0;;Non accertato;Inesistente
5383358;20;24/04/2021 13:10:00;Strada Urbana;VIA FLAMINIA NUOVA;in corrispondenza;;del civico n.;219;;Veicolo in marcia contro veicolo fermo;Curva a visuale libera;Più di due carreggiate;Asciutto;Asfaltata;Verticale ed orizzontale;Sereno;Scarso;Buona;;0;0;0;2;12.4709;41.9501;-1;2;Autovettura privata;In marcia / fermata / arresto;Conducente;M;Illeso;0;;Non accertato;Inesploso
5383436;20;24/04/2021 14:00:00;Statale;VIA CASSIA;all'intersezione con;VIA DELLA CAPPELLETTA DELLA GIUSTINIANA;VIA DELLA CAPPELLETTA DELLA GIUSTINIANA;;;Scontro frontale/laterale SX fra veicoli in marcia;Intersezione stradale segnalata;Una carreggiata a doppio senso;Asciutto;Asfaltata;Verticale ed orizzontale;Sereno;Normale;Sufficiente;;1;0;0;1;12.4028;41.9868;-1;1;Autovettura privata;In marcia / fermata / arresto;Conducente;M;Illeso;0;;Non accertato;Inesploso
5383436;20;24/04/2021 14:00:00;Statale;VIA CASSIA;all'intersezione con;VIA DELLA CAPPELLETTA DELLA GIUSTINIANA;VIA DELLA CAPPELLETTA DELLA GIUSTINIANA;;;Scontro frontale/laterale SX fra veicoli in marcia;Intersezione stradale segnalata;Una carreggiata a doppio senso;Asciutto;Asfaltata;Verticale ed orizzontale;Sereno;Normale;Sufficiente;;1;0;0;1;12.4028;41.9868;-1;2;Motociclo a solo;In marcia / fermata / arresto;Conducente;M;Ricoverato;0;NON DECEDUTO;Non accertato;Inesistente
5383462;18;24/04/2021 13:35:00;Strada Urbana;VIA SUOR MARIA AGOSTINA;all'intersezione con;VIA ENRICO BONDI;VIA ENRICO BONDI;;;Scontro frontale/laterale DX fra veicoli in marcia;Intersezione stradale segnalata;Una carreggiata a doppio senso;Asciutto;Asfaltata;Verticale ed orizzontale;Sereno;Normale;Buona;;1;0;0;1;12.3894;41.9052;-1;1;Autovettura privata;In marcia / fermata / arresto;Conducente;F;Illeso;0;;;
5383462;18;24/04/2021 13:35:00;Strada Urbana;VIA SUOR MARIA AGOSTINA;all'intersezione con;VIA ENRICO BONDI;VIA ENRICO BONDI;;;Scontro frontale/laterale DX fra veicoli in marcia;Intersezione stradale segnalata;Una carreggiata a doppio senso;Asciutto;Asfaltata;Verticale ed orizzontale;Sereno;Normale;Buona;;1;0;0;1;12.3894;41.9052;-1;2;Motociclo a solo;In marcia / fermata / arresto;Conducente;M;Rimandato;0;NON DECEDUTO;;
5383486;3;23/04/2021 12:35:00;Strada Urbana;CIRCONVALLAZIONE NOMENTANA;da specificare;;;;rampa inversione immissione, di.ne Salaria;Scontro laterale fra veicoli in marcia;Curva a visuale libera;Una carreggiata a senso unico di marcia;Asciutto;Asfaltata;Verticale ed orizzontale;Sereno;Normale;Buona;;0;0;0;3;12.5266;41.9215;-1;1;Autovettura di polizia;In marcia / fermata / arresto;Conducente;M;Illeso;0;;;
5383486;3;23/04/2021 12:35:00;Strada Urbana;CIRCONVALLAZIONE NOMENTANA;da specificare;;;;rampa inversione immissione, di.ne Salaria;Scontro laterale fra veicoli in marcia;Curva a visuale libera;Una carreggiata a senso unico di marcia;Asciutto;Asfaltata;Verticale ed orizzontale;Sereno;Normale;Buona;;0;0;0;3;12.5266;41.9215;-1;2;Autocarro inferiore 35 q.;In marcia / fermata / arresto;Conducente;M;Illeso;0;;;
5383486;3;23/04/2021 12:35:00;Strada Urbana;CIRCONVALLAZIONE NOMENTANA;da specificare;;;;rampa inversione immissione, di.ne Salaria;Scontro laterale fra veicoli in marcia;Curva a visuale libera;Una carreggiata a senso unico di marcia;Asciutto;Asfaltata;Verticale ed orizzontale;Sereno;Normale;Buona;;0;0;0;3;12.5266;41.9215;-1;2;Autocarro inferiore 35 q.;In marcia / fermata / arresto;Passeggero;F;Illeso;0;;;
5383499;3;23/04/2021 08:35:00;Strada Urbana;VIA NOMENTANA;all'intersezione semaforizzata con;VIA ALESSANDRO TORLONIA;VIA ALESSANDRO TORLONIA;;;Scontro laterale fra veicoli in marcia;Intersezione semaforizzata;Più di due carreggiate;Asciutto;Asfaltata;Orizzontale;Sereno;Normale;Buona;;0;0;0;3;12.5116;41.9162;-1;1;Autovettura privata;In marcia / fermata / arresto;Conducente;F;Illeso;0;;Non accertato;Inesploso
5383499;3;23/04/2021 08:35:00;Strada Urbana;VIA NOMENTANA;all'intersezione semaforizzata con;VIA ALESSANDRO TORLONIA;VIA ALESSANDRO TORLONIA;;;Scontro laterale fra veicoli in marcia;Intersezione semaforizzata;Più di due carreggiate;Asciutto;Asfaltata;Orizzontale;Sereno;Normale;Buona;;0;0;0;3;12.5116;41.9162;-1;2;Autovettura privata;In marcia / fermata / arresto;Conducente;M;Illeso;0;;Non accertato;Inesploso
5383499;3;23/04/2021 08:35:00;Strada Urbana;VIA NOMENTANA;all'intersezione semaforizzata con;VIA ALESSANDRO TORLONIA;VIA ALESSANDRO TORLONIA;;;Scontro laterale fra veicoli in marcia;Intersezione semaforizzata;Più di due carreggiate;Asciutto;Asfaltata;Orizzontale;Sereno;Normale;Buona;;0;0;0;3;12.5116;41.9162;-1;2;Autovettura privata;In marcia / fermata / arresto;Passeggero;M;Illeso;0;;Non accertato;Inesploso
5383539;20;23/04/2021 14:00:00;Strada Urbana;VIA DELLA VILLA DI LIVIA;in prossimità;;del civico n.;48;;Veicolo in marcia contro veicolo in sosta;Rettilineo;Una carreggiata a doppio senso;Asciutto;Asfaltata;Assente;Nuvoloso;Scarso;Buona;;0;0;0;1;12.4943;42.0002;-1;1;Autovettura privata;Sosta;;;;;;;
5383539;20;23/04/2021 14:00:00;Strada Urbana;VIA DELLA VILLA DI LIVIA;in prossimità;;del civico n.;48;;Veicolo in marcia contro veicolo in sosta;Rettilineo;Una carreggiata a doppio senso;Asciutto;Asfaltata;Assente;Nuvoloso;Scarso;Buona;;0;0;0;1;12.4943;42.0002;-1;2;Autovettura privata;In marcia / fermata / arresto;Conducente;M;Illeso;0;;Non accertato;Inesploso
5383570;20;24/04/2021 16:25:00;Statale;VIA CASSIA;all'intersezione con;VIA ITALO PICCAGLI;VIA ITALO PICCAGLI;;;Scontro laterale fra veicoli in marcia;Intersezione stradale segnalata;Una carreggiata a doppio senso;Asciutto;Asfaltata;Verticale ed orizzontale;Sereno;Intenso;Buona;;2;0;0;1;12.4124;41.9831;-1;1;Autovettura privata;In marcia / fermata / arresto;Conducente;M;Rifiuta cure immediate;0;NON DECEDUTO;Non accertato;Inesploso
5383570;20;24/04/2021 16:25:00;Statale;VIA CASSIA;all'intersezione con;VIA ITALO PICCAGLI;VIA ITALO PICCAGLI;;;Scontro laterale fra veicoli in marcia;Intersezione stradale segnalata;Una carreggiata a doppio senso;Asciutto;Asfaltata;Verticale ed orizzontale;Sereno;Intenso;Buona;;2;0;0;1;12.4124;41.9831;-1;2;Motociclo a solo;In marcia / fermata / arresto;Conducente;M;Rimandato;0;NON DECEDUTO;Non accertato;Inesistente
5383570;20;24/04/2021 16:25:00;Statale;VIA CASSIA;all'intersezione con;VIA ITALO PICCAGLI;VIA ITALO PICCAGLI;;;Scontro laterale fra veicoli in marcia;Intersezione stradale segnalata;Una carreggiata a doppio senso;Asciutto;Asfaltata;Verticale ed orizzontale;Sereno;Intenso;Buona;;2;0;0;1;12.4124;41.9831;-1;3;Autovettura privata;In marcia / fermata / arresto;Conducente;F;Illeso;0;;Non accertato;Inesploso
5383574;20;23/04/2021 14:45:00;Strada Urbana;VIA FLAMINIA;in corrispondenza;;del civico n.;497;;Scontro frontale/laterale DX fra veicoli in marcia;Rettilineo;Una carreggiata a doppio senso;Asciutto;Asfaltata;Verticale;Sereno;Normale;Buona;;1;0;0;2;12.467;41.9378;-1;1;Autovettura privata;In marcia / fermata / arresto;Conducente;M;Illeso;0;;Non accertato;Inesploso
5383574;20;23/04/2021 14:45:00;Strada Urbana;VIA FLAMINIA;in corrispondenza;;del civico n.;497;;Scontro frontale/laterale DX fra veicoli in marcia;Rettilineo;Una carreggiata a doppio senso;Asciutto;Asfaltata;Verticale;Sereno;Normale;Buona;;1;0;0;2;12.467;41.9378;-1;1;Autovettura privata;In marcia / fermata / arresto;Passeggero;F;Illeso;0;;Non accertato;Inesploso
5383574;20;23/04/2021 14:45:00;Strada Urbana;VIA FLAMINIA;in corrispondenza;;del civico n.;497;;Scontro frontale/laterale DX fra veicoli in marcia;Rettilineo;Una carreggiata a doppio senso;Asciutto;Asfaltata;Verticale;Sereno;Normale;Buona;;1;0;0;2;12.467;41.9378;-1;2;Velocipede;In marcia / fermata / arresto;Conducente;M;Rimandato;0;NON DECEDUTO;Esente;
5383597;20;23/04/2021 15:45:00;Strada Urbana;VIA FLAMINIA NUOVA;da specificare;;;;altezza cavalcavia n. 3;Tamponamento Multiplo;Rettilineo;Due carreggiate;Asciutto;Asfaltata;Orizzontale;Sereno;Intenso;Buona;;0;0;0;4;12.4879;41.9611;-1;1;Autovettura privata;In marcia / fermata / arresto;Conducente;M;Illeso;0;;Non accertato;Esploso
5383597;20;23/04/2021 15:45:00;Strada Urbana;VIA FLAMINIA NUOVA;da specificare;;;;altezza cavalcavia n. 3;Tamponamento Multiplo;Rettilineo;Due carreggiate;Asciutto;Asfaltata;Orizzontale;Sereno;Intenso;Buona;;0;0;0;4;12.4879;41.9611;-1;2;Autovettura privata;In marcia / fermata / arresto;Conducente;M;Illeso;0;;Non accertato;Inesploso
5383597;20;23/04/2021 15:45:00;Strada Urbana;VIA FLAMINIA NUOVA;da specificare;;;;altezza cavalcavia n. 3;Tamponamento Multiplo;Rettilineo;Due carreggiate;Asciutto;Asfaltata;Orizzontale;Sereno;Intenso;Buona;;0;0;0;4;12.4879;41.9611;-1;3;Autovettura privata;In marcia / fermata / arresto;Conducente;M;Illeso;0;;Non accertato;Inesploso
5383597;20;23/04/2021 15:45:00;Strada Urbana;VIA FLAMINIA NUOVA;da specificare;;;;altezza cavalcavia n. 3;Tamponamento Multiplo;Rettilineo;Due carreggiate;Asciutto;Asfaltata;Orizzontale;Sereno;Intenso;Buona;;0;0;0;4;12.4879;41.9611;-1;3;Autovettura privata;In marcia / fermata / arresto;Passeggero;F;Illeso;0;;Non accertato;Inesploso
5383621;20;23/04/2021 19:25:00;Strada Urbana;CORSO DI FRANCIA;in prossimità;;del civico n.;124;;Scontro laterale fra veicoli in marcia;Rettilineo;Due carreggiate;Asciutto;Asfaltata;Verticale ed orizzontale;Sereno;Normale;Sufficiente;;0;0;0;5;12.4707;41.9419;-1;1;Autovettura privata;In marcia / fermata / arresto;Conducente;M;Illeso;0;;Non accertato;Inesploso
5383621;20;23/04/2021 19:25:00;Strada Urbana;CORSO DI FRANCIA;in prossimità;;del civico n.;124;;Scontro laterale fra veicoli in marcia;Rettilineo;Due carreggiate;Asciutto;Asfaltata;Verticale ed orizzontale;Sereno;Normale;Sufficiente;;0;0;0;5;12.4707;41.9419;-1;1;Autovettura privata;In marcia / fermata / arresto;Passeggero;F;Illeso;0;;Non accertato;Inesploso
5383621;20;23/04/2021 19:25:00;Strada Urbana;CORSO DI FRANCIA;in prossimità;;del civico n.;124;;Scontro laterale fra veicoli in marcia;Rettilineo;Due carreggiate;Asciutto;Asfaltata;Verticale ed orizzontale;Sereno;Normale;Sufficiente;;0;0;0;5;12.4707;41.9419;-1;2;Autovettura privata;In marcia / fermata / arresto;Conducente;M;Illeso;0;;Non accertato;Inesploso
5383621;20;23/04/2021 19:25:00;Strada Urbana;CORSO DI FRANCIA;in prossimità;;del civico n.;124;;Scontro laterale fra veicoli in marcia;Rettilineo;Due carreggiate;Asciutto;Asfaltata;Verticale ed orizzontale;Sereno;Normale;Sufficiente;;0;0;0;5;12.4707;41.9419;-1;2;Autovettura privata;In marcia / fermata / arresto;Passeggero;M;Illeso;0;;Non accertato;Inesploso
5383688;13;24/04/2021 07:40:00;Strada Urbana;VIA DEL MARE;in corrispondenza;;della chilometrica;23.9;;Veicolo in marcia contro ostacolo fisso;Rettilineo;Una carreggiata a senso unico di marcia;Asciutto;Asfaltata;Orizzontale;Sereno;Normale;Buona;;1;0;0;0;12.4632;41.8403;-1;1;Autovettura privata;In marcia / fermata / arresto;Conducente;M;Rimandato;0;NON DECEDUTO;Non accertato;Esploso
5383705;12;24/04/2021 11:55:00;Strada Urbana;VIA ANTONIO CIPPICO;all'intersezione con;VIA LAURENTINA;VIA LAURENTINA;;;Investimento di pedone;Passaggio a livello (incustodito);Una carreggiata a doppio senso;Asciutto;Asfaltata;Verticale ed orizzontale;Sereno;Normale;Buona;;0;0;0;2;12.4814;41.821;-1;;;;Pedone;F;Illeso;0;;;
5383705;12;24/04/2021 11:55:00;Strada Urbana;VIA ANTONIO CIPPICO;all'intersezione con;VIA LAURENTINA;VIA LAURENTINA;;;Investimento di pedone;Passaggio a livello (incustodito);Una carreggiata a doppio senso;Asciutto;Asfaltata;Verticale ed orizzontale;Sereno;Normale;Buona;;0;0;0;2;12.4814;41.821;-1;1;Autovettura privata;In marcia / fermata / arresto;Conducente;M;Illeso;0;;Non accertato;Inesploso
5383715;13;23/04/2021 09:20:00;Strada Urbana;VIA DI PONTE LADRONE;in corrispondenza;;del civico n.;70;;Veicolo in marcia contro veicoli in sosta;Rettilineo;Una carreggiata a doppio senso;Asciutto;Asfaltata;Assente;Sereno;Normale;Buona;;1;0;0;0;12.3782;41.7854;-1;1;Autovettura privata;In marcia / fermata / arresto;Conducente;M;Rimandato;0;NON DECEDUTO;Non accertato;Inesploso
5383715;13;23/04/2021 09:20:00;Strada Urbana;VIA DI PONTE LADRONE;in corrispondenza;;del civico n.;70;;Veicolo in marcia contro veicoli in sosta;Rettilineo;Una carreggiata a doppio senso;Asciutto;Asfaltata;Assente;Sereno;Normale;Buona;;1;0;0;0;12.3782;41.7854;-1;2;Autovettura privata;Sosta;;;;;;;
5383715;13;23/04/2021 09:20:00;Strada Urbana;VIA DI PONTE LADRONE;in corrispondenza;;del civico n.;70;;Veicolo in marcia contro veicoli in sosta;Rettilineo;Una carreggiata a doppio senso;Asciutto;Asfaltata;Assente;Sereno;Normale;Buona;;1;0;0;0;12.3782;41.7854;-1;3;Autovettura privata;Sosta;;;;;;;
5383726;13;23/04/2021 13:00:00;Strada Urbana;VIALE DEI ROMAGNOLI;da specificare;;;;altezza piazza Capelvenere;Scontro laterale fra veicoli in marcia;Rettilineo;Una carreggiata a senso unico di marcia;Asciutto;Asfaltata;Assente;Sereno;Normale;Buona;;0;0;0;2;12.3575;41.7827;-1;1;Autovettura privata;In marcia / fermata / arresto;Conducente;F;Illeso;0;;Non accertato;Inesploso
5383726;13;23/04/2021 13:00:00;Strada Urbana;VIALE DEI ROMAGNOLI;da specificare;;;;altezza piazza Capelvenere;Scontro laterale fra veicoli in marcia;Rettilineo;Una carreggiata a senso unico di marcia;Asciutto;Asfaltata;Assente;Sereno;Normale;Buona;;0;0;0;2;12.3575;41.7827;-1;2;Autocarro inferiore 35 q.;In marcia / fermata / arresto;Conducente;M;Illeso;0;;Non accertato;Inesploso
5383729;13;23/04/2021 16:40:00;;VIA LAUREGNO;in corrispondenza;;del civico n.;90;;Veicolo in marcia contro ostacolo fisso;;;;;;;;;;0;0;0;1;;;0;1;Autovettura privata;In marcia / fermata / arresto;Conducente;M;Illeso;0;;Non accertato;Inesploso
5383732;13;23/04/2021 18:20:00;Strada Urbana;VIA FRANCESCO CILEA;all'intersezione con;VIA CARL ORFF;VIA CARL ORFF;;;Scontro laterale fra veicoli in marcia;Incrocio;Due carreggiate;Asciutto;Asfaltata;Verticale ed orizzontale;Nuvoloso;Normale;Sufficiente;;2;0;0;1;12.3751;41.7465;-1;1;Autovettura privata;In marcia / fermata / arresto;Conducente;M;Illeso;0;;Non accertato;Inesploso
5383732;13;23/04/2021 18:20:00;Strada Urbana;VIA FRANCESCO CILEA;all'intersezione con;VIA CARL ORFF;VIA CARL ORFF;;;Scontro laterale fra veicoli in marcia;Incrocio;Due carreggiate;Asciutto;Asfaltata;Verticale ed orizzontale;Nuvoloso;Normale;Sufficiente;;2;0;0;1;12.3751;41.7465;-1;2;Ciclomotore;In marcia / fermata / arresto;Conducente;M;Rimandato;0;NON DECEDUTO;Non accertato;
5383732;13;23/04/2021 18:20:00;Strada Urbana;VIA FRANCESCO CILEA;all'intersezione con;VIA CARL ORFF;VIA CARL ORFF;;;Scontro laterale fra veicoli in marcia;Incrocio;Due carreggiate;Asciutto;Asfaltata;Verticale ed orizzontale;Nuvoloso;Normale;Sufficiente;;2;0;0;1;12.3751;41.7465;-1;2;Ciclomotore;In marcia / fermata / arresto;Passeggero;M;Rimandato;0;NON DECEDUTO;Non accertato;
5383733;12;24/04/2021 13:00:00;Strada Urbana;VIA LAURENTINA;all'intersezione con;VIA DI TOR PAGNOTTA;VIA DI TOR PAGNOTTA;;;Scontro laterale fra veicoli in marcia;Rotatoria;Una carreggiata a senso unico di marcia;Asciutto;Asfaltata;Verticale ed orizzontale;Sereno;Normale;Buona;;1;0;0;1;12.4826;41.8039;-1;1;Motociclo a solo;In marcia / fermata / arresto;Conducente;M;Rimandato;0;NON DECEDUTO;Non accertato;
5383733;12;24/04/2021 13:00:00;Strada Urbana;VIA LAURENTINA;all'intersezione con;VIA DI TOR PAGNOTTA;VIA DI TOR PAGNOTTA;;;Scontro laterale fra veicoli in marcia;Rotatoria;Una carreggiata a senso unico di marcia;Asciutto;Asfaltata;Verticale ed orizzontale;Sereno;Normale;Buona;;1;0;0;1;12.4826;41.8039;-1;2;Autovettura privata;In marcia / fermata / arresto;Conducente;F;Illeso;0;;Non accertato;Inesploso
5383739;13;23/04/2021 19:50:00;Strada Urbana;VIA ERMANNO WOLF FERRARI;all'intersezione con;VIA CRISTOFORO COLOMBO;VIA CRISTOFORO COLOMBO;;;Scontro frontale fra veicoli in marcia;Incrocio;Più di due carreggiate;Asciutto;Asfaltata;Verticale ed orizzontale;Sereno;Normale;Buona;;0;0;0;3;12.3779;41.7482;-1;1;Autovettura privata;In marcia / fermata / arresto;Conducente;M;Illeso;0;;Non accertato;Inesploso
5383739;13;23/04/2021 19:50:00;Strada Urbana;VIA ERMANNO WOLF FERRARI;all'intersezione con;VIA CRISTOFORO COLOMBO;VIA CRISTOFORO COLOMBO;;;Scontro frontale fra veicoli in marcia;Incrocio;Più di due carreggiate;Asciutto;Asfaltata;Verticale ed orizzontale;Sereno;Normale;Buona;;0;0;0;3;12.3779;41.7482;-1;1;Autovettura privata;In marcia / fermata / arresto;Passeggero;F;Illeso;0;;Non accertato;Inesploso
5383739;13;23/04/2021 19:50:00;Strada Urbana;VIA ERMANNO WOLF FERRARI;all'intersezione con;VIA CRISTOFORO COLOMBO;VIA CRISTOFORO COLOMBO;;;Scontro frontale fra veicoli in marcia;Incrocio;Più di due carreggiate;Asciutto;Asfaltata;Verticale ed orizzontale;Sereno;Normale;Buona;;0;0;0;3;12.3779;41.7482;-1;2;Velocipede;In marcia / fermata / arresto;Conducente;M;Illeso;0;;Esente;
5383747;13;24/04/2021 10:20:00;Strada Urbana;VIA MAIERATO;in corrispondenza;;del civico n.;48;;Scontro frontale fra veicoli in marcia;Rettilineo;Una carreggiata a doppio senso;Asciutto;Asfaltata;Assente;Sereno;Scarso;Buona;;1;0;0;1;12.3782;41.7934;-1;1;Autovettura privata;In marcia / fermata / arresto;Conducente;M;Illeso;0;;;
5383747;13;24/04/2021 10:20:00;Strada Urbana;VIA MAIERATO;in corrispondenza;;del civico n.;48;;Scontro frontale fra veicoli in marcia;Rettilineo;Una carreggiata a doppio senso;Asciutto;Asfaltata;Assente;Sereno;Scarso;Buona;;1;0;0;1;12.3782;41.7934;-1;2;Autovettura privata;In marcia / fermata / arresto;Conducente;F;Rimandato;0;NON DECEDUTO;Non accertato;Inesploso
5383747;13;24/04/2021 10:20:00;Strada Urbana;VIA MAIERATO;in corrispondenza;;del civico n.;48;;Scontro frontale fra veicoli in marcia;Rettilineo;Una carreggiata a doppio senso;Asciutto;Asfaltata;Assente;Sereno;Scarso;Buona;;1;0;0;1;12.3782;41.7934;-1;3;Autovettura privata;Sosta;;;;;;;
5383776;12;24/04/2021 16:00:00;Strada Urbana;VIA ARMANDO BRASINI;all'intersezione con;VIA CRISTOFORO COLOMBO;VIA CRISTOFORO COLOMBO;;;Scontro frontale/laterale DX fra veicoli in marcia;Intersezione stradale segnalata;Una carreggiata a doppio senso;Asciutto;Asfaltata;Verticale ed orizzontale;Sereno;Normale;Buona;;0;0;0;4;12.4383;41.7969;-1;1;Autovettura privata;In marcia / fermata / arresto;Conducente;F;Illeso;0;;Non accertato;Inesploso
5383776;12;24/04/2021 16:00:00;Strada Urbana;VIA ARMANDO BRASINI;all'intersezione con;VIA CRISTOFORO COLOMBO;VIA CRISTOFORO COLOMBO;;;Scontro frontale/laterale DX fra veicoli in marcia;Intersezione stradale segnalata;Una carreggiata a doppio senso;Asciutto;Asfaltata;Verticale ed orizzontale;Sereno;Normale;Buona;;0;0;0;4;12.4383;41.7969;-1;1;Autovettura privata;In marcia / fermata / arresto;Passeggero;M;Illeso;0;;Non accertato;Inesploso
5383776;12;24/04/2021 16:00:00;Strada Urbana;VIA ARMANDO BRASINI;all'intersezione con;VIA CRISTOFORO COLOMBO;VIA CRISTOFORO COLOMBO;;;Scontro frontale/laterale DX fra veicoli in marcia;Intersezione stradale segnalata;Una carreggiata a doppio senso;Asciutto;Asfaltata;Verticale ed orizzontale;Sereno;Normale;Buona;;0;0;0;4;12.4383;41.7969;-1;1;Autovettura privata;In marcia / fermata / arresto;Passeggero;F;Illeso;0;;Non accertato;Inesploso
5383776;12;24/04/2021 16:00:00;Strada Urbana;VIA ARMANDO BRASINI;all'intersezione con;VIA CRISTOFORO COLOMBO;VIA CRISTOFORO COLOMBO;;;Scontro frontale/laterale DX fra veicoli in marcia;Intersezione stradale segnalata;Una carreggiata a doppio senso;Asciutto;Asfaltata;Verticale ed orizzontale;Sereno;Normale;Buona;;0;0;0;4;12.4383;41.7969;-1;2;Autovettura privata;In marcia / fermata / arresto;Conducente;F;Illeso;0;;Non accertato;Inesploso
5383793;20;24/04/2021 17:30:00;Strada Urbana;VIA VILFREDO PARETO;in prossimità;;del civico n.;15;;Tamponamento;Curva a visuale libera;Una carreggiata a doppio senso;Asciutto;Asfaltata;Verticale ed orizzontale;Sereno;Normale;Buona;;0;0;0;3;12.4672;41.9504;-1;1;Autovettura privata;In marcia / fermata / arresto;Conducente;M;Illeso;0;;Non accertato;Inesploso
5383793;20;24/04/2021 17:30:00;Strada Urbana;VIA VILFREDO PARETO;in prossimità;;del civico n.;15;;Tamponamento;Curva a visuale libera;Una carreggiata a doppio senso;Asciutto;Asfaltata;Verticale ed orizzontale;Sereno;Normale;Buona;;0;0;0;3;12.4672;41.9504;-1;1;Autovettura privata;In marcia / fermata / arresto;Passeggero;F;Illeso;0;;Non accertato;Inesploso
5383793;20;24/04/2021 17:30:00;Strada Urbana;VIA VILFREDO PARETO;in prossimità;;del civico n.;15;;Tamponamento;Curva a visuale libera;Una carreggiata a doppio senso;Asciutto;Asfaltata;Verticale ed orizzontale;Sereno;Normale;Buona;;0;0;0;3;12.4672;41.9504;-1;2;Quadriciclo leggero;In marcia / fermata / arresto;Conducente;M;Illeso;0;;Non accertato;Inesploso