Protocollo;Gruppo;DataOraIncidente;Localizzazione1;STRADA1;Localizzazione2;STRADA2;Strada02;Chilometrica;DaSpecificare;NaturaIncidente;particolaritastrade;TipoStrada;FondoStradale;Pavimentazione;Segnaletica;CondizioneAtmosferica;Traffico;Visibilita;Illuminazione;NUM_FERITI;NUM_RISERVATA;NUM_MORTI;NUM_ILLESI;Longitude;Latitude;Confermato;Progressivo;TipoVeicolo;StatoVeicolo;TipoPersona;Sesso;Tipolesione;Deceduto;DecedutoDopo;CinturaCascoUtilizzato;Airbag;
5387042;9;26/04/2021 18:00:00;Strada Urbana;VIA MAGNAGRECIA;in prossimità;;del civico n.;48;;Tamponamento Multiplo;Rettilineo;Una carreggiata a doppio senso;Asciutto;Asfaltata;Verticale ed orizzontale;Sereno;Normale;Buona;;0;0;0;4;12.5085;41.8828;-1;3;Autovettura privata;In marcia / fermata / arresto;Conducente;M;Illeso;0;;Non accertato;Inesploso
5387042;9;26/04/2021 18:00:00;Strada Urbana;VIA MAGNAGRECIA;in prossimità;;del civico n.;48;;Tamponamento Multiplo;Rettilineo;Una carreggiata a doppio senso;Asciutto;Asfaltata;Verticale ed orizzontale;Sereno;Normale;Buona;;0;0;0;4;12.5085;41.8828;-1;4;Autovettura privata;In marcia / fermata / arresto;Conducente;F;Illeso;0;;Non accertato;Inesploso
5387052;18;26/04/2021 08:20:00;Strada Urbana;VIA DI VAL CANNUTA;in corrispondenza;;del civico n.;235;;Scontro laterale fra veicoli in marcia;Rettilineo;Una carreggiata a doppio senso;Asciutto;Asfaltata;Verticale ed orizzontale;Sereno;Scarso;Buona;;0;0;0;2;12.4042;41.894;-1;1;Autovettura privata;In marcia / fermata / arresto;Conducente;F;Illeso;0;;;
5387052;18;26/04/2021 08:20:00;Strada Urbana;VIA DI VAL CANNUTA;in corrispondenza;;del civico n.;235;;Scontro laterale fra veicoli in marcia;Rettilineo;Una carreggiata a doppio senso;Asciutto;Asfaltata;Verticale ed orizzontale;Sereno;Scarso;Buona;;0;0;0;2;12.4042;41.894;-1;2;Autovettura privata;In marcia / fermata / arresto;Conducente;F;Illeso;0;;;
5387078;18;27/04/2021 08:50:00;Strada Urbana;VIA MATTIA BATTISTINI;all'intersezione con;VIA ENNIO BONIFAZI;VIA ENNIO BONIFAZI;;;Scontro laterale fra veicoli in marcia;Intersezione semaforizzata;Una carreggiata a doppio senso;Asciutto;Asfaltata;Verticale ed orizzontale;Nuvoloso;Normale;Sufficiente;;0;0;0;2;12.4184;41.9139;-1;1;Autovettura privata;In marcia / fermata / arresto;Conducente;F;Illeso;0;;Non accertato;Inesploso
5387078;18;27/04/2021 08:50:00;Strada Urbana;VIA MATTIA BATTISTINI;all'intersezione con;VIA ENNIO BONIFAZI;VIA ENNIO BONIFAZI;;;Scontro laterale fra veicoli in marcia;Intersezione semaforizzata;Una carreggiata a doppio senso;Asciutto;Asfaltata;Verticale ed orizzontale;Nuvoloso;Normale;Sufficiente;;0;0;0;2;12.4184;41.9139;-1;2;Autovettura privata;Allontanatosi;Conducente;M;Illeso;0;;Non accertato;Inesploso
5387099;4;26/04/2021 16:42:00;Strada Urbana;VIA CAVRIGLIA;in prossimità;;del civico n.;8 BIS;;Veicolo in marcia contro veicolo in sosta;Curva a visuale libera;Una carreggiata a doppio senso;Asciutto;Asfaltata;Orizzontale;Sereno;Normale;Buona;;1;0;0;0;12.5163;41.9479;-1;1;Autovettura privata;In marcia / fermata / arresto;Conducente;F;Rimandato;0;NON DECEDUTO;Non accertato;Inesploso
5387099;4;26/04/2021 16:42:00;Strada Urbana;VIA CAVRIGLIA;in prossimità;;del civico n.;8 BIS;;Veicolo in marcia contro veicolo in sosta;Curva a visuale libera;Una carreggiata a doppio senso;Asciutto;Asfaltata;Orizzontale;Sereno;Normale;Buona;;1;0;0;0;12.5163;41.9479;-1;2;Autovettura privata;Sosta;;;;;;;
5387105;4;26/04/2021 18:00:00;Strada Urbana;VIA GIOVANNI CONTI;in prossimità;;del civico n.;165;;Scontro laterale fra veicoli in marcia;Rettilineo;Due carreggiate;Asciutto;Asfaltata;Verticale ed orizzontale;Sereno;Normale;Buona;;1;0;0;1;12.5325;41.9561;-1;1;Motociclo a solo;In marcia / fermata / arresto;Conducente;M;Rifiuta cure immediate;0;NON DECEDUTO;Non accertato;
5387105;4;26/04/2021 18:00:00;Strada Urbana;VIA GIOVANNI CONTI;in prossimità;;del civico n.;165;;Scontro laterale fra veicoli in marcia;Rettilineo;Due carreggiate;Asciutto;Asfaltata;Verticale ed orizzontale;Sereno;Normale;Buona;;1;0;0;1;12.5325;41.9561;-1;2;Autovettura privata;In marcia / fermata / arresto;Conducente;M;Illeso;0;;Non accertato;Inesploso
5387132;5;26/04/2021 07:30:00;Strada Urbana;VIA RICCARDO ZAMPIERI;all'intersezione con;PIAZZA RICCARDO BALSAMO CRIVELLI;PIAZZA RICCARDO BALSAMO CRIVELLI;;;Scontro frontale/laterale SX fra veicoli in marcia;Incrocio;Una carreggiata a doppio senso;Asciutto;Asfaltata;Verticale ed orizzontale;Sereno;Intenso;Buona;;0;0;0;3;12.5477;41.9049;-1;1;Autovettura privata;In marcia / fermata / arresto;Conducente;M;Illeso;0;;Non accertato;Inesploso
5387132;5;26/04/2021 07:30:00;Strada Urbana;VIA RICCARDO ZAMPIERI;all'intersezione con;PIAZZA RICCARDO BALSAMO CRIVELLI;PIAZZA RICCARDO BALSAMO CRIVELLI;;;Scontro frontale/laterale SX fra veicoli in marcia;Incrocio;Una carreggiata a doppio senso;Asciutto;Asfaltata;Verticale ed orizzontale;Sereno;Intenso;Buona;;0;0;0;3;12.5477;41.9049;-1;1;Autovettura privata;In marcia / fermata / arresto;Passeggero;M;Illeso;0;;Non accertato;Inesploso
5387132;5;26/04/2021 07:30:00;Strada Urbana;VIA RICCARDO ZAMPIERI;all'intersezione con;PIAZZA RICCARDO BALSAMO CRIVELLI;PIAZZA RICCARDO BALSAMO CRIVELLI;;;Scontro frontale/laterale SX fra veicoli in marcia;Incrocio;Una carreggiata a doppio senso;Asciutto;Asfaltata;Verticale ed orizzontale;Sereno;Intenso;Buona;;0;0;0;3;12.5477;41.9049;-1;2;Autovettura privata;In marcia / fermata / arresto;Conducente;M;Illeso;0;;Non accertato;
5387151;5;26/04/2021 15:00:00;Strada Urbana;VIA GIUSEPPE CHIARELLI;all'intersezione con;VIA DONATO MENICHELLA;VIA DONATO MENICHELLA;;;Scontro frontale/laterale DX fra veicoli in marcia;Incrocio;Una carreggiata a doppio senso;Asciutto;Asfaltata;Verticale ed orizzontale;Sereno;Normale;Buona;;0;0;0;4;12.5811;41.9496;-1;1;Autovettura privata;In marcia / fermata / arresto;Conducente;F;Illeso;0;;;
5387151;5;26/04/2021 15:00:00;Strada Urbana;VIA GIUSEPPE CHIARELLI;all'intersezione con;VIA DONATO MENICHELLA;VIA DONATO MENICHELLA;;;Scontro frontale/laterale DX fra veicoli in marcia;Incrocio;Una carreggiata a doppio senso;Asciutto;Asfaltata;Verticale ed orizzontale;Sereno;Normale;Buona;;0;0;0;4;12.5811;41.9496;-1;1;Autovettura privata;In marcia / fermata / arresto;Passeggero;F;Illeso;0;;;
5387151;5;26/04/2021 15:00:00;Strada Urbana;VIA GIUSEPPE CHIARELLI;all'intersezione con;VIA DONATO MENICHELLA;VIA DONATO MENICHELLA;;;Scontro frontale/laterale DX fra veicoli in marcia;Incrocio;Una carreggiata a doppio senso;Asciutto;Asfaltata;Verticale ed orizzontale;Sereno;Normale;Buona;;0;0;0;4;12.5811;41.9496;-1;2;Autovettura privata;In marcia / fermata / arresto;Conducente;F;Illeso;0;;;
5387151;5;26/04/2021 15:00:00;Strada Urbana;VIA GIUSEPPE CHIARELLI;all'intersezione con;VIA DONATO MENICHELLA;VIA DONATO MENICHELLA;;;Scontro frontale/laterale DX fra veicoli in marcia;Incrocio;Una carreggiata a doppio senso;Asciutto;Asfaltata;Verticale ed orizzontale;Sereno;Normale;Buona;;0;0;0;4;12.5811;41.9496;-1;2;Autovettura privata;In marcia / fermata / arresto;Passeggero;F;Illeso;0;;;
5387164;4;26/04/2021 20:30:00;Strada Urbana;VIA NOMENTANA;all'intersezione con;VIA GIUSEPPE TOMASSETTI;VIA GIUSEPPE TOMASSETTI;;;Scontro frontale fra veicoli in marcia;Incrocio;Più di due carreggiate;Asciutto;Asfaltata;Verticale ed orizzontale;Sereno;Normale;Sufficiente;;1;0;0;2;12.5736;41.959;-1;1;Autovettura privata;In marcia / fermata / arresto;Conducente;M;Illeso;0;;Non accertato;Inesploso
5387164;4;26/04/2021 20:30:00;Strada Urbana;VIA NOMENTANA;all'intersezione con;VIA GIUSEPPE TOMASSETTI;VIA GIUSEPPE TOMASSETTI;;;Scontro frontale fra veicoli in marcia;Incrocio;Più di due carreggiate;Asciutto;Asfaltata;Verticale ed orizzontale;Sereno;Normale;Sufficiente;;1;0;0;2;12.5736;41.959;-1;1;Autovettura privata;In marcia / fermata / arresto;Passeggero;F;Illeso;0;;Non accertato;
5387164;4;26/04/2021 20:30:00;Strada Urbana;VIA NOMENTANA;all'intersezione con;VIA GIUSEPPE TOMASSETTI;VIA GIUSEPPE TOMASSETTI;;;Scontro frontale fra veicoli in marcia;Incrocio;Più di due carreggiate;Asciutto;Asfaltata;Verticale ed orizzontale;Sereno;Normale;Sufficiente;;1;0;0;2;12.5736;41.959;-1;2;Motociclo a solo;In marcia / fermata / arresto;Conducente;M;Rimandato;0;NON DECEDUTO;Non accertato;
5387169;5;26/04/2021 15:40:00;Strada Urbana;VIALE KANT;da specificare;;;;prossimità  Via Nomentana;Tamponamento;Rettilineo;Una carreggiata a doppio senso;Asciutto;Asfaltata;Verticale ed orizzontale;Nuvoloso;Normale;Buona;;0;0;0;4;12.5525;41.941;-1;1;Autovettura privata;In marcia / fermata / arresto;Conducente;M;Illeso;0;;Non accertato;
5387169;5;26/04/2021 15:40:00;Strada Urbana;VIALE KANT;da specificare;;;;prossimità  Via Nomentana;Tamponamento;Rettilineo;Una carreggiata a doppio senso;Asciutto;Asfaltata;Verticale ed orizzontale;Nuvoloso;Normale;Buona;;0;0;0;4;12.5525;41.941;-1;2;Autovettura privata;In marcia / fermata / arresto;Conducente;M;Illeso;0;;Non accertato;
5387169;5;26/04/2021 15:40:00;Strada Urbana;VIALE KANT;da specificare;;;;prossimità  Via Nomentana;Tamponamento;Rettilineo;Una carreggiata a doppio senso;Asciutto;Asfaltata;Verticale ed orizzontale;Nuvoloso;Normale;Buona;;0;0;0;4;12.5525;41.941;-1;2;Autovettura privata;In marcia / fermata / arresto;Passeggero;F;Illeso;0;;Non accertato;
5387169;5;26/04/2021 15:40:00;Strada Urbana;VIALE KANT;da specificare;;;;prossimità  Via Nomentana;Tamponamento;Rettilineo;Una carreggiata a doppio senso;Asciutto;Asfaltata;Verticale ed orizzontale;Nuvoloso;Normale;Buona;;0;0;0;4;12.5525;41.941;-1;2;Autovettura privata;In marcia / fermata / arresto;Passeggero;F;Illeso;0;;Non accertato;
5387174;23;26/04/2021 19:40:00;Strada Urbana;VIA EDOARDO JENNER;in prossimità;;del civico n.;70;;Veicolo in marcia contro veicolo fermo;Rettilineo;Una carreggiata a doppio senso;Asciutto;Asfaltata;Verticale ed orizzontale;Sereno;Normale;Buona;;0;0;0;2;12.4448;41.8718;-1;1;Autovettura di polizia;In marcia / fermata / arresto;Conducente;M;Illeso;0;;Non accertato;Inesploso
5387174;23;26/04/2021 19:40:00;Strada Urbana;VIA EDOARDO JENNER;in prossimità;;del civico n.;70;;Veicolo in marcia contro veicolo fermo;Rettilineo;Una carreggiata a doppio senso;Asciutto;Asfaltata;Verticale ed orizzontale;Sereno;Normale;Buona;;0;0;0;2;12.4448;41.8718;-1;2;Quadriciclo leggero;In marcia / fermata / arresto;Conducente;F;Illeso;0;;Non accertato;Inesistente
5387176;1;24/04/2021 13:50:00;Strada Urbana;LUNGOTEVERE ARNALDO DA BRESCIA;in corrispondenza;;del civico n.;6;;Scontro laterale fra veicoli in marcia;Rettilineo;Una carreggiata a senso unico di marcia;Asciutto;Asfaltata;Orizzontale;Sereno;Normale;Buona;;0;0;0;2;12.4731;41.911;-1;1;Autovettura di polizia;In marcia / fermata / arresto;Conducente;M;Illeso;0;;;
5387176;1;24/04/2021 13:50:00;Strada Urbana;LUNGOTEVERE ARNALDO DA BRESCIA;in corrispondenza;;del civico n.;6;;Scontro laterale fra veicoli in marcia;Rettilineo;Una carreggiata a senso unico di marcia;Asciutto;Asfaltata;Orizzontale;Sereno;Normale;Buona;;0;0;0;2;12.4731;41.911;-1;2;Autovettura privata;In marcia / fermata / arresto;Conducente;M;Illeso;0;;;
5387190;5;26/04/2021 18:30:00;Provinciale entro l'abitato;VIA DI CASAL BIANCO;in prossimità;;del civico n.;196;;Veicolo in marcia contro ostacolo accidentale;Rettilineo;Una carreggiata a doppio senso;Asciutto;Asfaltata;Verticale ed orizzontale;Sereno;Normale;Buona;;0;0;0;1;12.6344;41.9435;-1;1;Autovettura privata;In marcia / fermata / arresto;Conducente;M;Illeso;0;;Non accertato;
5387198;10;26/04/2021 17:30:00;Strada Urbana;VIA ANAGNINA;da specificare;;;;altezza sottovia del G.R.A direzione ROMA centro;Ribaltamento senza urto contro ostacolo fisso;Curva senza visuale libera;Una carreggiata a senso unico di marcia;Asciutto;Asfaltata;Verticale ed orizzontale;Nuvoloso;Normale;Buona;;1;0;0;0;12.5916;41.8396;-1;1;Motociclo a solo;In marcia / fermata / arresto;Conducente;M;Rimandato;0;NON DECEDUTO;Non accertato;
5387232;18;26/04/2021 10:15:00;Strada Urbana;VIA MATTIA BATTISTINI;in corrispondenza;;del civico n.;111;;Scontro frontale/laterale DX fra veicoli in marcia;Rettilineo;Una carreggiata a doppio senso;Asciutto;Asfaltata;Verticale ed orizzontale;Sereno;Normale;Buona;;0;0;0;5;12.4158;41.9071;-1;1;Autovettura privata;In marcia / fermata / arresto;Conducente;F;Illeso;0;;;
5387232;18;26/04/2021 10:15:00;Strada Urbana;VIA MATTIA BATTISTINI;in corrispondenza;;del civico n.;111;;Scontro frontale/laterale DX fra veicoli in marcia;Rettilineo;Una carreggiata a doppio senso;Asciutto;Asfaltata;Verticale ed orizzontale;Sereno;Normale;Buona;;0;0;0;5;12.4158;41.9071;-1;1;Autovettura privata;In marcia / fermata / arresto;Passeggero;F;Illeso;0;;;
5387232;18;26/04/2021 10:15:00;Strada Urbana;VIA MATTIA BATTISTINI;in corrispondenza;;del civico n.;111;;Scontro frontale/laterale DX fra veicoli in marcia;Rettilineo;Una carreggiata a doppio senso;Asciutto;Asfaltata;Verticale ed orizzontale;Sereno;Normale;Buona;;0;0;0;5;12.4158;41.9071;-1;1;Autovettura privata;In marcia / fermata / arresto;Passeggero;M;Illeso;0;;;
5387232;18;26/04/2021 10:15:00;Strada Urbana;VIA MATTIA BATTISTINI;in corrispondenza;;del civico n.;111;;Scontro frontale/laterale DX fra veicoli in marcia;Rettilineo;Una carreggiata a doppio senso;Asciutto;Asfaltata;Verticale ed orizzontale;Sereno;Normale;Buona;;0;0;0;5;12.4158;41.9071;-1;2;Autovettura privata;In marcia / fermata / arresto;Conducente;M;Illeso;0;;;
5387232;18;26/04/2021 10:15:00;Strada Urbana;VIA MATTIA BATTISTINI;in corrispondenza;;del civico n.;111;;Scontro frontale/laterale DX fra veicoli in marcia;Rettilineo;Una carreggiata a doppio senso;Asciutto;Asfaltata;Verticale ed orizzontale;Sereno;Normale;Buona;;0;0;0;5;12.4158;41.9071;-1;2;Autovettura privata;In marcia / fermata / arresto;Passeggero;F;Illeso;0;;;
5387279;1;26/04/2021 11:35:00;Strada Urbana;LUNGOTEVERE DEI TEBALDI;in prossimità;;del civico n.;5;;Scontro laterale fra veicoli in marcia;Rettilineo;Una carreggiata a senso unico di marcia;Asciutto;Asfaltata;Orizzontale;Nuvoloso;Intenso;Buona;;0;0;0;3;12.4704;41.8935;-1;1;Autovettura privata;In marcia / fermata / arresto;Conducente;F;Illeso;0;;;
5387279;1;26/04/2021 11:35:00;Strada Urbana;LUNGOTEVERE DEI TEBALDI;in prossimità;;del civico n.;5;;Scontro laterale fra veicoli in marcia;Rettilineo;Una carreggiata a senso unico di marcia;Asciutto;Asfaltata;Orizzontale;Nuvoloso;Intenso;Buona;;0;0;0;3;12.4704;41.8935;-1;2;Autovettura privata;In marcia / fermata / arresto;Conducente;M;Illeso;0;;;
5387279;1;26/04/2021 11:35:00;Strada Urbana;LUNGOTEVERE DEI TEBALDI;in prossimità;;del civico n.;5;;Scontro laterale fra veicoli in marcia;Rettilineo;Una carreggiata a senso unico di marcia;Asciutto;Asfaltata;Orizzontale;Nuvoloso;Intenso;Buona;;0;0;0;3;12.4704;41.8935;-1;2;Autovettura privata;In marcia / fermata / arresto;Passeggero;M;Illeso;0;;;
5387280;1;27/04/2021 08:40:00;Strada Urbana;VIALE ENRICO DE NICOLA;all'intersezione semaforizzata con;PIAZZA DEI CINQUECENTO;PIAZZA DEI CINQUECENTO;;;Scontro laterale fra veicoli in marcia;Intersezione semaforizzata;Una carreggiata a doppio senso;Asciutto;Asfaltata;Verticale;Nuvoloso;Normale;Buona;;0;0;0;2;12.4991;41.9023;-1;1;Autobus di linea;In marcia / fermata / arresto;Conducente;M;Illeso;0;;;
5387280;1;27/04/2021 08:40:00;Strada Urbana;VIALE ENRICO DE NICOLA;all'intersezione semaforizzata con;PIAZZA DEI CINQUECENTO;PIAZZA DEI CINQUECENTO;;;Scontro laterale fra veicoli in marcia;Intersezione semaforizzata;Una carreggiata a doppio senso;Asciutto;Asfaltata;Verticale;Nuvoloso;Normale;Buona;;0;0;0;2;12.4991;41.9023;-1;2;Autovettura privata;In marcia / fermata / arresto;Conducente;F;Illeso;0;;;
5387293;19;26/04/2021 18:00:00;Strada Urbana;VIA DI SELVA CANDIDA;all'intersezione con;VIA GREZZAGO;VIA GREZZAGO;;;Scontro frontale/laterale DX fra veicoli in marcia;Incrocio;Una carreggiata a doppio senso;Asciutto;Asfaltata;Orizzontale;Nuvoloso;Normale;Buona;;1;0;0;1;12.3785;41.9386;-1;1;Autovettura privata;In marcia / fermata / arresto;Conducente;M;Illeso;0;;;
5387293;19;26/04/2021 18:00:00;Strada Urbana;VIA DI SELVA CANDIDA;all'intersezione con;VIA GREZZAGO;VIA GREZZAGO;;;Scontro frontale/laterale DX fra veicoli in marcia;Incrocio;Una carreggiata a doppio senso;Asciutto;Asfaltata;Orizzontale;Nuvoloso;Normale;Buona;;1;0;0;1;12.3785;41.9386;-1;2;Motociclo a solo;In marcia / fermata / arresto;Conducente;M;Rimandato;0;NON DECEDUTO;;
5387303;17;27/04/2021 08:00:00;Strada Urbana;PIAZZA DEI PRATI DEGLI STROZZI;all'intersezione con;VIA PREVESA;VIA PREVESA;;;Scontro frontale/laterale DX fra veicoli in marcia;Incrocio;Una carreggiata a senso unico di marcia;Asciutto;Asfaltata;Verticale ed orizzontale;Nuvoloso;Normale;Buona;;0;0;0;3;12.4563;41.9147;-1;1;Autovettura privata;In marcia / fermata / arresto;Conducente;M;Illeso;0;;;
5387303;17;27/04/2021 08:00:00;Strada Urbana;PIAZZA DEI PRATI DEGLI STROZZI;all'intersezione con;VIA PREVESA;VIA PREVESA;;;Scontro frontale/laterale DX fra veicoli in marcia;Incrocio;Una carreggiata a senso unico di marcia;Asciutto;Asfaltata;Verticale ed orizzontale;Nuvoloso;Normale;Buona;;0;0;0;3;12.4563;41.9147;-1;2;Motociclo con passeggero;In marcia / fermata / arresto;Conducente;M;Illeso;0;;;
5387303;17;27/04/2021 08:00:00;Strada Urbana;PIAZZA DEI PRATI DEGLI STROZZI;all'intersezione con;VIA PREVESA;VIA PREVESA;;;Scontro frontale/laterale DX fra veicoli in marcia;Incrocio;Una carreggiata a senso unico di marcia;Asciutto;Asfaltata;Verticale ed orizzontale;Nuvoloso;Normale;Buona;;0;0;0;3;12.4563;41.9147;-1;2;Motociclo con passeggero;In marcia / fermata / arresto;Passeggero;M;Illeso;0;;;
5387329;10;27/04/2021 10:37:00;Strada Urbana;VIA ULDERICO MAZZOLANI;da specificare;;;;prossimita viale Antonio Ciamarra;Veicolo in marcia contro veicoli in arresto;Rettilineo;Due carreggiate;Asciutto;Asfaltata;Verticale ed orizzontale;Sereno;Normale;Buona;;0;0;0;5;12.5943;41.8475;-1;1;Autovettura privata;In marcia / fermata / arresto;Conducente;M;Illeso;0;;Non accertato;Inesploso
5387329;10;27/04/2021 10:37:00;Strada Urbana;VIA ULDERICO MAZZOLANI;da specificare;;;;prossimita viale Antonio Ciamarra;Veicolo in marcia contro veicoli in arresto;Rettilineo;Due carreggiate;Asciutto;Asfaltata;Verticale ed orizzontale;Sereno;Normale;Buona;;0;0;0;5;12.5943;41.8475;-1;1;Autovettura privata;In marcia / fermata / arresto;Passeggero;F;Illeso;0;;;Inesploso
5387329;10;27/04/2021 10:37:00;Strada Urbana;VIA ULDERICO MAZZOLANI;da specificare;;;;prossimita viale Antonio Ciamarra;Veicolo in marcia contro veicoli in arresto;Rettilineo;Due carreggiate;Asciutto;Asfaltata;Verticale ed orizzontale;Sereno;Normale;Buona;;0;0;0;5;12.5943;41.8475;-1;2;Autovettura privata;In marcia / fermata / arresto;Conducente;M;Illeso;0;;Non accertato;Inesploso
5387329;10;27/04/2021 10:37:00;Strada Urbana;VIA ULDERICO MAZZOLANI;da specificare;;;;prossimita viale Antonio Ciamarra;Veicolo in marcia contro veicoli in arresto;Rettilineo;Due carreggiate;Asciutto;Asfaltata;Verticale ed orizzontale;Sereno;Normale;Buona;;0;0;0;5;12.5943;41.8475;-1;3;Autovettura privata;In marcia / fermata / arresto;Conducente;F;Illeso;0;;Non accertato;Inesploso
5387329;10;27/04/2021 10:37:00;Strada Urbana;VIA ULDERICO MAZZOLANI;da specificare;;;;prossimita viale Antonio Ciamarra;Veicolo in marcia contro veicoli in arresto;Rettilineo;Due carreggiate;Asciutto;Asfaltata;Verticale ed orizzontale;Sereno;Normale;Buona;;0;0;0;5;12.5943;41.8475;-1;3;Autovettura privata;In marcia / fermata / arresto;Passeggero;F;Illeso;0;;;
5387339;6;27/04/2021 10:15:00;Strada Urbana;VIA ROBERTO MALATESTA;in corrispondenza;;del civico n.;239;;Investimento di pedone;Rettilineo;Due carreggiate;Asciutto;Asfaltata;Verticale ed orizzontale;Nuvoloso;Normale;Buona;;1;0;0;1;12.5419;41.8874;-1;;;;Pedone;M;Rimandato;0;NON DECEDUTO;;
5387339;6;27/04/2021 10:15:00;Strada Urbana;VIA ROBERTO MALATESTA;in corrispondenza;;del civico n.;239;;Investimento di pedone;Rettilineo;Due carreggiate;Asciutto;Asfaltata;Verticale ed orizzontale;Nuvoloso;Normale;Buona;;1;0;0;1;12.5419;41.8874;-1;1;Autovettura privata;In marcia / fermata / arresto;Conducente;F;Illeso;0;;Non accertato;Inesploso
5387349;19;26/04/2021 22:00:00;Strada Urbana;VIALE CORTINA D'AMPEZZO;in prossimità;;del civico n.;180;;Veicolo in marcia contro veicoli in sosta;Rettilineo;Una carreggiata a doppio senso;Asciutto;Asfaltata;Verticale ed orizzontale;Sereno;Scarso;Sufficiente;;1;0;0;1;12.4424;41.947;-1;;;;Pedone;M;Rimandato;0;NON DECEDUTO;;
5387349;19;26/04/2021 22:00:00;Strada Urbana;VIALE CORTINA D'AMPEZZO;in prossimità;;del civico n.;180;;Veicolo in marcia contro veicoli in sosta;Rettilineo;Una carreggiata a doppio senso;Asciutto;Asfaltata;Verticale ed orizzontale;Sereno;Scarso;Sufficiente;;1;0;0;1;12.4424;41.947;-1;1;Autovettura privata;In marcia / fermata / arresto;Conducente;M;Illeso;0;;Non accertato;Esploso
5387349;19;26/04/2021 22:00:00;Strada Urbana;VIALE CORTINA D'AMPEZZO;in prossimità;;del civico n.;180;;Veicolo in marcia contro veicoli in sosta;Rettilineo;Una carreggiata a doppio senso;Asciutto;Asfaltata;Verticale ed orizzontale;Sereno;Scarso;Sufficiente;;1;0;0;1;12.4424;41.947;-1;2;Autovettura privata;Sosta;;;;;;;