Protocollo;Gruppo;DataOraIncidente;Localizzazione1;STRADA1;Localizzazione2;STRADA2;Strada02;Chilometrica;DaSpecificare;NaturaIncidente;particolaritastrade;TipoStrada;FondoStradale;Pavimentazione;Segnaletica;CondizioneAtmosferica;Traffico;Visibilita;Illuminazione;NUM_FERITI;NUM_RISERVATA;NUM_MORTI;NUM_ILLESI;Longitude;Latitude;Confermato;Progressivo;TipoVeicolo;StatoVeicolo;TipoPersona;Sesso;Tipolesione;Deceduto;DecedutoDopo;CinturaCascoUtilizzato;Airbag;
5388592;18;27/04/2021 17:25:00;Strada Urbana;VIA ANASTASIO II;in corrispondenza;;del civico n.;55;;Scontro laterale fra veicoli in marcia;Rettilineo;Due carreggiate;Asciutto;Asfaltata;Verticale ed orizzontale;Nuvoloso;Intenso;Buona;;1;0;0;3;12.4395;41.8965;-1;1;Autovettura privata;In marcia / fermata / arresto;Passeggero;M;Illeso;0;;Non accertato;Inesploso
5388592;18;27/04/2021 17:25:00;Strada Urbana;VIA ANASTASIO II;in corrispondenza;;del civico n.;55;;Scontro laterale fra veicoli in marcia;Rettilineo;Due carreggiate;Asciutto;Asfaltata;Verticale ed orizzontale;Nuvoloso;Intenso;Buona;;1;0;0;3;12.4395;41.8965;-1;2;Motociclo a solo;In marcia / fermata / arresto;Conducente;M;Ricoverato;0;NON DECEDUTO;;
5388592;18;27/04/2021 17:25:00;Strada Urbana;VIA ANASTASIO II;in corrispondenza;;del civico n.;55;;Scontro laterale fra veicoli in marcia;Rettilineo;Due carreggiate;Asciutto;Asfaltata;Verticale ed orizzontale;Nuvoloso;Intenso;Buona;;1;0;0;3;12.4395;41.8965;-1;3;Autovettura privata;In marcia / fermata / arresto;Conducente;M;Illeso;0;;Non accertato;Inesploso
5388609;16;26/04/2021 19:50:00;Strada Urbana;VIA DEGLI STRADIVARI;all'intersezione con;LUNGOTEVERE DEGLI ARTIGIANI;LUNGOTEVERE DEGLI ARTIGIANI;;;Scontro frontale/laterale SX fra veicoli in marcia;Intersezione stradale segnalata;Una carreggiata a doppio senso;Asciutto;Asfaltata;Verticale ed orizzontale;Sereno;Normale;Sufficiente;;1;0;0;1;12.4686;41.8747;-1;1;Autovettura privata;In marcia / fermata / arresto;Conducente;M;Illeso;0;;Non accertato;Inesploso
5388609;16;26/04/2021 19:50:00;Strada Urbana;VIA DEGLI STRADIVARI;all'intersezione con;LUNGOTEVERE DEGLI ARTIGIANI;LUNGOTEVERE DEGLI ARTIGIANI;;;Scontro frontale/laterale SX fra veicoli in marcia;Intersezione stradale segnalata;Una carreggiata a doppio senso;Asciutto;Asfaltata;Verticale ed orizzontale;Sereno;Normale;Sufficiente;;1;0;0;1;12.4686;41.8747;-1;2;Motociclo a solo;In marcia / fermata / arresto;Conducente;M;Rimandato;0;NON DECEDUTO;Non accertato;
5388616;7;27/04/2021 15:45:00;Strada Urbana;VIA PRENESTINA;all'intersezione con;VIALE PALMIRO TOGLIATTI;VIALE PALMIRO TOGLIATTI;;;Scontro laterale fra veicoli in marcia;Incrocio;Una carreggiata a doppio senso;Asciutto;Asfaltata;Verticale ed orizzontale;Sereno;Normale;Buona;;0;0;0;3;12.5748;41.895;-1;1;Autocarro inferiore 35 q.;In marcia / fermata / arresto;Conducente;M;Illeso;0;;Non accertato;Inesploso
5388616;7;27/04/2021 15:45:00;Strada Urbana;VIA PRENESTINA;all'intersezione con;VIALE PALMIRO TOGLIATTI;VIALE PALMIRO TOGLIATTI;;;Scontro laterale fra veicoli in marcia;Incrocio;Una carreggiata a doppio senso;Asciutto;Asfaltata;Verticale ed orizzontale;Sereno;Normale;Buona;;0;0;0;3;12.5748;41.895;-1;2;Autovettura privata;In marcia / fermata / arresto;Conducente;M;Illeso;0;;Non accertato;Inesploso
5388616;7;27/04/2021 15:45:00;Strada Urbana;VIA PRENESTINA;all'intersezione con;VIALE PALMIRO TOGLIATTI;VIALE PALMIRO TOGLIATTI;;;Scontro laterale fra veicoli in marcia;Incrocio;Una carreggiata a doppio senso;Asciutto;Asfaltata;Verticale ed orizzontale;Sereno;Normale;Buona;;0;0;0;3;12.5748;41.895;-1;2;Autovettura privata;In marcia / fermata / arresto;Passeggero;F;Illeso;0;;Non accertato;Inesploso
5388634;16;27/04/2021 07:00:00;Strada Urbana;VIA PORTUENSE;in prossimità;;del civico n.;97;;Veicolo in marcia contro ostacolo accidentale;Rettilineo;Due carreggiate;Asciutto;Asfaltata;Verticale ed orizzontale;Nuvoloso;Normale;Buona;;0;0;0;2;12.4685;41.8774;-1;1;Autovettura privata;In marcia / fermata / arresto;Conducente;M;Illeso;0;;Non accertato;Inesploso
5388634;16;27/04/2021 07:00:00;Strada Urbana;VIA PORTUENSE;in prossimità;;del civico n.;97;;Veicolo in marcia contro ostacolo accidentale;Rettilineo;Due carreggiate;Asciutto;Asfaltata;Verticale ed orizzontale;Nuvoloso;Normale;Buona;;0;0;0;2;12.4685;41.8774;-1;1;Autovettura privata;In marcia / fermata / arresto;Passeggero;F;Illeso;0;;Non accertato;Inesploso
5388660;2;27/04/2021 14:40:00;Strada Urbana;VIA ALESSANDRIA;in prossimità;;del civico n.;212;;Tamponamento;Rettilineo;Una carreggiata a senso unico di marcia;Asciutto;Asfaltata;Orizzontale;Nuvoloso;Normale;Buona;;0;0;0;2;12.5065;41.9143;-1;1;Autovettura privata;In marcia / fermata / arresto;Conducente;M;Illeso;0;;Non accertato;Inesploso
5388660;2;27/04/2021 14:40:00;Strada Urbana;VIA ALESSANDRIA;in prossimità;;del civico n.;212;;Tamponamento;Rettilineo;Una carreggiata a senso unico di marcia;Asciutto;Asfaltata;Orizzontale;Nuvoloso;Normale;Buona;;0;0;0;2;12.5065;41.9143;-1;2;Altro;In marcia / fermata / arresto;Conducente;M;Illeso;0;;;
5388663;2;27/04/2021 13:15:00;Strada Urbana;VIALE MARESCIALLO PILSUDSKI;da specificare;;;;alt. Via S.Valentino.;Tamponamento;Rettilineo;Una carreggiata a senso unico di marcia;Asciutto;Asfaltata;Verticale;Nuvoloso;Normale;Buona;;1;0;0;1;12.475;41.9275;-1;1;Velocipede;In marcia / fermata / arresto;Conducente;M;Ricoverato;0;NON DECEDUTO;Esente;
5388663;2;27/04/2021 13:15:00;Strada Urbana;VIALE MARESCIALLO PILSUDSKI;da specificare;;;;alt. Via S.Valentino.;Tamponamento;Rettilineo;Una carreggiata a senso unico di marcia;Asciutto;Asfaltata;Verticale;Nuvoloso;Normale;Buona;;1;0;0;1;12.475;41.9275;-1;2;Autovettura privata;In marcia / fermata / arresto;Conducente;M;Illeso;0;;;
5388664;16;27/04/2021 09:25:00;Strada Urbana;VIA PORTUENSE;in prossimità;;del civico n.;36;;Scontro frontale/laterale SX fra veicoli in marcia;Rettilineo;Una carreggiata a senso unico di marcia;Asciutto;Asfaltata;Orizzontale;Nuvoloso;Normale;Buona;;1;0;0;1;12.4697;41.8804;-1;1;Motociclo con passeggero;In marcia / fermata / arresto;Conducente;M;Illeso;0;;;
5388664;16;27/04/2021 09:25:00;Strada Urbana;VIA PORTUENSE;in prossimità;;del civico n.;36;;Scontro frontale/laterale SX fra veicoli in marcia;Rettilineo;Una carreggiata a senso unico di marcia;Asciutto;Asfaltata;Orizzontale;Nuvoloso;Normale;Buona;;1;0;0;1;12.4697;41.8804;-1;2;Motociclo a solo;In marcia / fermata / arresto;Conducente;M;Rimandato;0;NON DECEDUTO;;
5388667;2;27/04/2021 13:16:00;Strada Urbana;VIALE MARESCIALLO PILSUDSKI;da specificare;;;;alt. Via S.Valentino.;Tamponamento;Rettilineo;Una carreggiata a senso unico di marcia;Asciutto;Asfaltata;Verticale;Sereno;Normale;Buona;;0;0;0;3;12.475;41.9275;-1;1;Autovettura privata;In marcia / fermata / arresto;Conducente;M;Illeso;0;;Non accertato;Inesploso
5388667;2;27/04/2021 13:16:00;Strada Urbana;VIALE MARESCIALLO PILSUDSKI;da specificare;;;;alt. Via S.Valentino.;Tamponamento;Rettilineo;Una carreggiata a senso unico di marcia;Asciutto;Asfaltata;Verticale;Sereno;Normale;Buona;;0;0;0;3;12.475;41.9275;-1;2;Autovettura privata;In marcia / fermata / arresto;Conducente;M;Illeso;0;;Non accertato;Inesploso
5388667;2;27/04/2021 13:16:00;Strada Urbana;VIALE MARESCIALLO PILSUDSKI;da specificare;;;;alt. Via S.Valentino.;Tamponamento;Rettilineo;Una carreggiata a senso unico di marcia;Asciutto;Asfaltata;Verticale;Sereno;Normale;Buona;;0;0;0;3;12.475;41.9275;-1;2;Autovettura privata;In marcia / fermata / arresto;Passeggero;M;Illeso;0;;Non accertato;Inesploso
5388672;2;27/04/2021 14:30:00;Strada Urbana;VIA EUSTACHIO MANFREDI;in prossimità;;del civico n.;fr. 5;;Veicolo in marcia contro veicolo fermo;Rettilineo;Una carreggiata a senso unico di marcia;Asciutto;Asfaltata;Verticale ed orizzontale;Nuvoloso;Normale;Buona;;0;0;0;2;12.4843;41.9236;-1;1;Autovettura privata;In marcia / fermata / arresto;Conducente;M;Illeso;0;;;
5388672;2;27/04/2021 14:30:00;Strada Urbana;VIA EUSTACHIO MANFREDI;in prossimità;;del civico n.;fr. 5;;Veicolo in marcia contro veicolo fermo;Rettilineo;Una carreggiata a senso unico di marcia;Asciutto;Asfaltata;Verticale ed orizzontale;Nuvoloso;Normale;Buona;;0;0;0;2;12.4843;41.9236;-1;2;Autovettura privata;In marcia / fermata / arresto;Conducente;M;Illeso;0;;;
5388676;18;27/04/2021 14:50:00;Strada Urbana;VIALE DELLE MURA AURELIE;in prossimità;;del civico n.;ingresso parco belvedere;;Scontro laterale fra veicoli in marcia;Rettilineo;Una carreggiata a senso unico di marcia;Asciutto;Asfaltata;Verticale;Nuvoloso;Scarso;Buona;;0;0;0;2;12.4615;41.8915;-1;1;Autovettura privata;In marcia / fermata / arresto;Conducente;M;Illeso;0;;Non accertato;Inesploso
5388676;18;27/04/2021 14:50:00;Strada Urbana;VIALE DELLE MURA AURELIE;in prossimità;;del civico n.;ingresso parco belvedere;;Scontro laterale fra veicoli in marcia;Rettilineo;Una carreggiata a senso unico di marcia;Asciutto;Asfaltata;Verticale;Nuvoloso;Scarso;Buona;;0;0;0;2;12.4615;41.8915;-1;2;Autovettura privata;In marcia / fermata / arresto;Conducente;M;Illeso;0;;Non accertato;Inesploso
5388678;7;27/04/2021 19:05:00;Strada Urbana;VIA COLLATINA;all'intersezione con;VIA GUGLIELMO SANSONI;VIA GUGLIELMO SANSONI;;;Scontro frontale/laterale DX fra veicoli in marcia;Intersezione stradale segnalata;Una carreggiata a doppio senso;Asciutto;Asfaltata;Verticale ed orizzontale;Sereno;Scarso;Buona;;0;0;0;2;12.584;41.9034;-1;1;Autovettura privata;In marcia / fermata / arresto;Conducente;M;Illeso;0;;Non accertato;Inesploso
5388678;7;27/04/2021 19:05:00;Strada Urbana;VIA COLLATINA;all'intersezione con;VIA GUGLIELMO SANSONI;VIA GUGLIELMO SANSONI;;;Scontro frontale/laterale DX fra veicoli in marcia;Intersezione stradale segnalata;Una carreggiata a doppio senso;Asciutto;Asfaltata;Verticale ed orizzontale;Sereno;Scarso;Buona;;0;0;0;2;12.584;41.9034;-1;2;Autovettura privata;In marcia / fermata / arresto;Conducente;M;Illeso;0;;Non accertato;Inesploso
5388710;1;28/04/2021 00:10:00;Strada Urbana;VIA PANISPERNA;da specificare;;;;alt. lampada luce n. 5;Infortunio per caduta del veicolo;Rettilineo;Una carreggiata a senso unico di marcia;Asciutto;Acciotolata;Verticale ed orizzontale;Nuvoloso;Scarso;Sufficiente;;0;0;0;1;;;0;1;Motociclo a solo;In marcia / fermata / arresto;Conducente;M;Illeso;0;;;
5388723;1;28/04/2021;;VIA EMANUELE FILIBERTO;all'intersezione con;VIA DOMENICO FONTANA;VIA DOMENICO FONTANA;;;Scontro laterale fra veicoli in marcia;;;;;;;;;;0;0;0;0;;;0;;;;;;;;;;
5388795;13;27/04/2021 15:20:00;;VIA COSTANTINO BESCHI;in corrispondenza;;del civico n.;14;;Veicolo in marcia contro veicolo fermo;;;;;;;;;;0;0;0;2;;;0;1;Autovettura privata;In marcia / fermata / arresto;Conducente;M;Illeso;0;;Non accertato;Inesploso
5388795;13;27/04/2021 15:20:00;;VIA COSTANTINO BESCHI;in corrispondenza;;del civico n.;14;;Veicolo in marcia contro veicolo fermo;;;;;;;;;;0;0;0;2;;;0;2;Autovettura privata;In marcia / fermata / arresto;Conducente;F;Illeso;0;;Non accertato;Inesploso
5388798;1;28/04/2021 07:00:00;Strada Urbana;VIA MARSALA;in prossimità;;del palo luce n.;9;;Veicolo in marcia contro ostacolo fisso;Rettilineo;Una carreggiata a doppio senso;Bagnato (pioggia);In cubetti di porfido;Verticale ed orizzontale;Pioggia in atto;Normale;Buona;;1;0;0;0;12.5046;41.901;-1;1;Autovettura privata;In marcia / fermata / arresto;Conducente;F;Rimandato;0;NON DECEDUTO;Non accertato;Inesploso
5388824;13;27/04/2021 17:10:00;Strada Urbana;VIA CARLO MARIA ROSINI;all'intersezione con;VIA GAVIO MASSIMO;VIA GAVIO MASSIMO;;;Scontro frontale/laterale DX fra veicoli in marcia;Incrocio;Una carreggiata a doppio senso;Asciutto;Asfaltata;Verticale ed orizzontale;Nuvoloso;Scarso;Buona;;1;0;0;1;12.3073;41.7677;-1;1;Autovettura privata;In marcia / fermata / arresto;Conducente;M;Illeso;0;;Non accertato;Inesploso
5388824;13;27/04/2021 17:10:00;Strada Urbana;VIA CARLO MARIA ROSINI;all'intersezione con;VIA GAVIO MASSIMO;VIA GAVIO MASSIMO;;;Scontro frontale/laterale DX fra veicoli in marcia;Incrocio;Una carreggiata a doppio senso;Asciutto;Asfaltata;Verticale ed orizzontale;Nuvoloso;Scarso;Buona;;1;0;0;1;12.3073;41.7677;-1;2;Velocipede;In marcia / fermata / arresto;Conducente;M;Rimandato;0;NON DECEDUTO;Esente;
5388871;13;27/04/2021 04:30:00;;VIA GUIDO CALZA;in corrispondenza;;della chilometrica;5.3;;Fuoriuscita dalla sede stradale;;;;;;;;;;0;0;0;0;;;0;1;Autovettura privata;Allontanatosi;;;;;;;
5388936;5;27/04/2021 10:00:00;Strada Urbana;VIA DI CASAL BIANCO;all'intersezione con;VIA CANTERANO;VIA CANTERANO;;;Scontro frontale/laterale DX fra veicoli in marcia;Incrocio;Una carreggiata a doppio senso;Asciutto;Asfaltata;Verticale ed orizzontale;Nuvoloso;Normale;Buona;;0;0;0;2;12.6262;41.94;-1;1;Motociclo a solo;In marcia / fermata / arresto;Conducente;M;Illeso;0;;Non accertato;
5388936;5;27/04/2021 10:00:00;Strada Urbana;VIA DI CASAL BIANCO;all'intersezione con;VIA CANTERANO;VIA CANTERANO;;;Scontro frontale/laterale DX fra veicoli in marcia;Incrocio;Una carreggiata a doppio senso;Asciutto;Asfaltata;Verticale ed orizzontale;Nuvoloso;Normale;Buona;;0;0;0;2;12.6262;41.94;-1;2;Autovettura privata;In marcia / fermata / arresto;Conducente;F;Illeso;0;;Non accertato;
5388993;9;28/04/2021 11:00:00;Strada Urbana;VIA SATRICO;all'intersezione con;VIA POPULONIA;VIA POPULONIA;;;Scontro frontale/laterale DX fra veicoli in marcia;Incrocio;Una carreggiata a doppio senso;Asciutto;Asfaltata;Verticale ed orizzontale;Sereno;Intenso;Buona;;0;0;0;4;12.5075;41.8771;-1;1;Autovettura privata;In marcia / fermata / arresto;Conducente;M;Illeso;0;;Non accertato;Inesploso
5388993;9;28/04/2021 11:00:00;Strada Urbana;VIA SATRICO;all'intersezione con;VIA POPULONIA;VIA POPULONIA;;;Scontro frontale/laterale DX fra veicoli in marcia;Incrocio;Una carreggiata a doppio senso;Asciutto;Asfaltata;Verticale ed orizzontale;Sereno;Intenso;Buona;;0;0;0;4;12.5075;41.8771;-1;1;Autovettura privata;In marcia / fermata / arresto;Passeggero;F;Illeso;0;;Non accertato;Inesploso
5388993;9;28/04/2021 11:00:00;Strada Urbana;VIA SATRICO;all'intersezione con;VIA POPULONIA;VIA POPULONIA;;;Scontro frontale/laterale DX fra veicoli in marcia;Incrocio;Una carreggiata a doppio senso;Asciutto;Asfaltata;Verticale ed orizzontale;Sereno;Intenso;Buona;;0;0;0;4;12.5075;41.8771;-1;2;Autovettura privata;In marcia / fermata / arresto;Conducente;M;Illeso;0;;Non accertato;Inesploso
5388993;9;28/04/2021 11:00:00;Strada Urbana;VIA SATRICO;all'intersezione con;VIA POPULONIA;VIA POPULONIA;;;Scontro frontale/laterale DX fra veicoli in marcia;Incrocio;Una carreggiata a doppio senso;Asciutto;Asfaltata;Verticale ed orizzontale;Sereno;Intenso;Buona;;0;0;0;4;12.5075;41.8771;-1;2;Autovettura privata;In marcia / fermata / arresto;Passeggero;F;Illeso;0;;Non accertato;Inesploso
5389057;13;27/04/2021 22:50:00;;VIA DEL CANALE DELLA LINGUA;da specificare;;;;altezza via epaminonda;Fuoriuscita dalla sede stradale;;;;;;;;;;0;0;0;0;;;0;1;Autovettura privata;In marcia / fermata / arresto;;;;;;;
5389103;6;28/04/2021 11:30:00;Strada Urbana;VIA CASILINA;in prossimità;;del civico n.;712;;Tamponamento;Rettilineo;Più di due carreggiate;Asciutto;Asfaltata;Verticale ed orizzontale;Nuvoloso;Normale;Buona;;0;0;0;4;12.557;41.8755;-1;1;Autovettura privata;In marcia / fermata / arresto;Conducente;M;Illeso;0;;;
5389103;6;28/04/2021 11:30:00;Strada Urbana;VIA CASILINA;in prossimità;;del civico n.;712;;Tamponamento;Rettilineo;Più di due carreggiate;Asciutto;Asfaltata;Verticale ed orizzontale;Nuvoloso;Normale;Buona;;0;0;0;4;12.557;41.8755;-1;1;Autovettura privata;In marcia / fermata / arresto;Passeggero;M;Illeso;0;;;
5389103;6;28/04/2021 11:30:00;Strada Urbana;VIA CASILINA;in prossimità;;del civico n.;712;;Tamponamento;Rettilineo;Più di due carreggiate;Asciutto;Asfaltata;Verticale ed orizzontale;Nuvoloso;Normale;Buona;;0;0;0;4;12.557;41.8755;-1;2;Autovettura privata;In marcia / fermata / arresto;Conducente;F;Illeso;0;;;
5389103;6;28/04/2021 11:30:00;Strada Urbana;VIA CASILINA;in prossimità;;del civico n.;712;;Tamponamento;Rettilineo;Più di due carreggiate;Asciutto;Asfaltata;Verticale ed orizzontale;Nuvoloso;Normale;Buona;;0;0;0;4;12.557;41.8755;-1;2;Autovettura privata;In marcia / fermata / arresto;Passeggero;F;Illeso;0;;;
5389114;18;28/04/2021 09:00:00;Strada Urbana;VIA GREGORIO VII;in prossimità;;del civico n.;295;;Veicolo in marcia contro veicolo fermo;Rettilineo;Più di due carreggiate;Bagnato (pioggia);Asfaltata;Verticale ed orizzontale;Nuvoloso;Normale;Buona;;1;0;0;1;12.4435;41.8959;-1;1;Autovettura privata;In marcia / fermata / arresto;Conducente;M;Illeso;0;;;
5389114;18;28/04/2021 09:00:00;Strada Urbana;VIA GREGORIO VII;in prossimità;;del civico n.;295;;Veicolo in marcia contro veicolo fermo;Rettilineo;Più di due carreggiate;Bagnato (pioggia);Asfaltata;Verticale ed orizzontale;Nuvoloso;Normale;Buona;;1;0;0;1;12.4435;41.8959;-1;2;Motociclo a solo;In marcia / fermata / arresto;Conducente;F;Rimandato;0;NON DECEDUTO;;
5389118;20;28/04/2021 13:00:00;Strada Urbana;VIA RICCARDO ZANDONAI;in corrispondenza;;del civico n.;43;;Scontro frontale/laterale SX fra veicoli in marcia;Rettilineo;Una carreggiata a doppio senso;Asciutto;Asfaltata;Verticale;Nuvoloso;Normale;Buona;;0;0;0;2;12.4582;41.9482;-1;1;Autovettura privata;In marcia / fermata / arresto;Conducente;M;Illeso;0;;;
5389118;20;28/04/2021 13:00:00;Strada Urbana;VIA RICCARDO ZANDONAI;in corrispondenza;;del civico n.;43;;Scontro frontale/laterale SX fra veicoli in marcia;Rettilineo;Una carreggiata a doppio senso;Asciutto;Asfaltata;Verticale;Nuvoloso;Normale;Buona;;0;0;0;2;12.4582;41.9482;-1;2;Autovettura privata;In marcia / fermata / arresto;Conducente;M;Illeso;0;;Non accertato;Inesploso
5389141;2;28/04/2021 13:45:00;Strada Urbana;CIRCONVALLAZIONE SALARIA;da specificare;;;;dir Salaria rampa uscita viale Etiopia;Veicolo in marcia contro ostacolo fisso;Curva a visuale libera;Una carreggiata a senso unico di marcia;Asciutto;Asfaltata;Orizzontale;Nuvoloso;Normale;Buona;;0;0;0;1;12.5207;41.9347;-1;1;Autovettura privata;In marcia / fermata / arresto;Conducente;M;Illeso;0;;Non accertato;Esploso
5389144;18;28/04/2021 09:30:00;Strada Urbana;VIA MATTIA BATTISTINI;all'intersezione con;VIA ENNIO BONIFAZI;VIA ENNIO BONIFAZI;;;Tamponamento;Incrocio;Una carreggiata a doppio senso;Bagnato (pioggia);Asfaltata;Verticale ed orizzontale;Pioggia in atto;Normale;Sufficiente;;1;0;0;1;12.4184;41.9139;-1;1;Motociclo a solo;In marcia / fermata / arresto;Conducente;M;Rimandato;0;NON DECEDUTO;;
5389144;18;28/04/2021 09:30:00;Strada Urbana;VIA MATTIA BATTISTINI;all'intersezione con;VIA ENNIO BONIFAZI;VIA ENNIO BONIFAZI;;;Tamponamento;Incrocio;Una carreggiata a doppio senso;Bagnato (pioggia);Asfaltata;Verticale ed orizzontale;Pioggia in atto;Normale;Sufficiente;;1;0;0;1;12.4184;41.9139;-1;2;Autovettura privata;In marcia / fermata / arresto;Conducente;F;Illeso;0;;;
5389169;17;28/04/2021 12:15:00;Strada Urbana;LARGO TRIONFALE;all'intersezione con;VIA LEONE IV;VIA LEONE IV;;;Scontro frontale/laterale DX fra veicoli in marcia;Incrocio;Una carreggiata a doppio senso;Asciutto;Asfaltata;Verticale ed orizzontale;Nuvoloso;Normale;Buona;;0;0;0;2;12.4546;41.9107;-1;1;Autovettura privata;In marcia / fermata / arresto;Conducente;M;Illeso;0;;;
5389169;17;28/04/2021 12:15:00;Strada Urbana;LARGO TRIONFALE;all'intersezione con;VIA LEONE IV;VIA LEONE IV;;;Scontro frontale/laterale DX fra veicoli in marcia;Incrocio;Una carreggiata a doppio senso;Asciutto;Asfaltata;Verticale ed orizzontale;Nuvoloso;Normale;Buona;;0;0;0;2;12.4546;41.9107;-1;2;Velocipede;In marcia / fermata / arresto;Conducente;M;Illeso;0;;Esente;
5389187;6;28/04/2021 14:20:00;Strada Urbana;VIA DI PORTONACCIO;all'intersezione semaforizzata con;LARGO PRENESTE;LARGO PRENESTE;;;Scontro laterale fra veicoli in marcia;Intersezione semaforizzata;Due carreggiate;Asciutto;Asfaltata;Verticale ed orizzontale;Nuvoloso;Normale;Buona;;0;0;0;4;12.5417;41.8928;-1;1;Autovettura privata;In marcia / fermata / arresto;Conducente;F;Illeso;0;;Non accertato;Inesploso
5389187;6;28/04/2021 14:20:00;Strada Urbana;VIA DI PORTONACCIO;all'intersezione semaforizzata con;LARGO PRENESTE;LARGO PRENESTE;;;Scontro laterale fra veicoli in marcia;Intersezione semaforizzata;Due carreggiate;Asciutto;Asfaltata;Verticale ed orizzontale;Nuvoloso;Normale;Buona;;0;0;0;4;12.5417;41.8928;-1;2;Autocarro inferiore 35 q.;In marcia / fermata / arresto;Conducente;M;Illeso;0;;Non accertato;Inesploso
5389187;6;28/04/2021 14:20:00;Strada Urbana;VIA DI PORTONACCIO;all'intersezione semaforizzata con;LARGO PRENESTE;LARGO PRENESTE;;;Scontro laterale fra veicoli in marcia;Intersezione semaforizzata;Due carreggiate;Asciutto;Asfaltata;Verticale ed orizzontale;Nuvoloso;Normale;Buona;;0;0;0;4;12.5417;41.8928;-1;2;Autocarro inferiore 35 q.;In marcia / fermata / arresto;Passeggero;M;Illeso;0;;Non accertato;Inesploso
5389187;6;28/04/2021 14:20:00;Strada Urbana;VIA DI PORTONACCIO;all'intersezione semaforizzata con;LARGO PRENESTE;LARGO PRENESTE;;;Scontro laterale fra veicoli in marcia;Intersezione semaforizzata;Due carreggiate;Asciutto;Asfaltata;Verticale ed orizzontale;Nuvoloso;Normale;Buona;;0;0;0;4;12.5417;41.8928;-1;2;Autocarro inferiore 35 q.;In marcia / fermata / arresto;Passeggero;M;Illeso;0;;;
5389222;12;28/04/2021 12:00:00;Strada Urbana;VIA PARIDE STEFANINI;da specificare;;;;entrata pedonale Euroma 2;Scontro laterale fra veicoli in marcia;Rettilineo;Una carreggiata a senso unico di marcia;Asciutto;Asfaltata;Verticale ed orizzontale;Nuvoloso;Normale;Buona;;1;0;0;1;12.459;41.8154;-1;1;Autovettura privata;In marcia / fermata / arresto;Conducente;M;Illeso;0;;;
5389222;12;28/04/2021 12:00:00;Strada Urbana;VIA PARIDE STEFANINI;da specificare;;;;entrata pedonale Euroma 2;Scontro laterale fra veicoli in marcia;Rettilineo;Una carreggiata a senso unico di marcia;Asciutto;Asfaltata;Verticale ed orizzontale;Nuvoloso;Normale;Buona;;1;0;0;1;12.459;41.8154;-1;2;Autovettura privata;In marcia / fermata / arresto;Conducente;F;Rimandato;0;NON DECEDUTO;Utilizzato;Inesploso
5389301;6;28/04/2021 15:30:00;Strada Urbana;VIA DEI PISONI;all'intersezione con;VIA DEI CORNELI;VIA DEI CORNELI;;;Scontro frontale/laterale DX fra veicoli in marcia;Incrocio;Due carreggiate;Asciutto;Asfaltata;Verticale ed orizzontale;Sereno;Scarso;Buona;;1;0;0;1;12.5453;41.8661;-1;1;Autocarro inferiore 35 q.;In marcia / fermata / arresto;Conducente;M;Illeso;0;;Non accertato;Inesploso
5389301;6;28/04/2021 15:30:00;Strada Urbana;VIA DEI PISONI;all'intersezione con;VIA DEI CORNELI;VIA DEI CORNELI;;;Scontro frontale/laterale DX fra veicoli in marcia;Incrocio;Due carreggiate;Asciutto;Asfaltata;Verticale ed orizzontale;Sereno;Scarso;Buona;;1;0;0;1;12.5453;41.8661;-1;2;Autovettura privata;In marcia / fermata / arresto;Conducente;F;Rimandato;0;NON DECEDUTO;Non accertato;Inesploso
5389301;6;28/04/2021 15:30:00;Strada Urbana;VIA DEI PISONI;all'intersezione con;VIA DEI CORNELI;VIA DEI CORNELI;;;Scontro frontale/laterale DX fra veicoli in marcia;Incrocio;Due carreggiate;Asciutto;Asfaltata;Verticale ed orizzontale;Sereno;Scarso;Buona;;1;0;0;1;12.5453;41.8661;-1;3;Autovettura privata;Sosta;;;;;;;
5389316;13;28/04/2021 14:45:00;Strada Urbana;VIALE DELLA VITTORIA;all'intersezione con;VIALE DELLA PINETA DI OSTIA;VIALE DELLA PINETA DI OSTIA;;;Scontro frontale/laterale SX fra veicoli in marcia;Rotatoria;Due carreggiate;Asciutto;Asfaltata;Verticale ed orizzontale;Sereno;Normale;Buona;;0;0;0;2;12.287;41.7274;-1;1;Autovettura privata;In marcia / fermata / arresto;Conducente;M;Illeso;0;;Non accertato;Inesploso
5389316;13;28/04/2021 14:45:00;Strada Urbana;VIALE DELLA VITTORIA;all'intersezione con;VIALE DELLA PINETA DI OSTIA;VIALE DELLA PINETA DI OSTIA;;;Scontro frontale/laterale SX fra veicoli in marcia;Rotatoria;Due carreggiate;Asciutto;Asfaltata;Verticale ed orizzontale;Sereno;Normale;Buona;;0;0;0;2;12.287;41.7274;-1;2;Autovettura privata;In marcia / fermata / arresto;Conducente;M;Illeso;0;;;
5389317;17;28/04/2021 14:00:00;Strada Urbana;VIA LUCREZIO CARO;all'intersezione con;VIA ENNIO QUIRINO VISCONTI;VIA ENNIO QUIRINO VISCONTI;;;Scontro frontale/laterale DX fra veicoli in marcia;Incrocio;Una carreggiata a senso unico di marcia;Asciutto;Asfaltata;Verticale ed orizzontale;Nuvoloso;Normale;Buona;;0;0;0;2;12.4697;41.9076;-1;1;Autovettura privata;In marcia / fermata / arresto;Conducente;F;Illeso;0;;Non accertato;Inesploso
5389317;17;28/04/2021 14:00:00;Strada Urbana;VIA LUCREZIO CARO;all'intersezione con;VIA ENNIO QUIRINO VISCONTI;VIA ENNIO QUIRINO VISCONTI;;;Scontro frontale/laterale DX fra veicoli in marcia;Incrocio;Una carreggiata a senso unico di marcia;Asciutto;Asfaltata;Verticale ed orizzontale;Nuvoloso;Normale;Buona;;0;0;0;2;12.4697;41.9076;-1;2;Autovettura privata;In marcia / fermata / arresto;Conducente;M;Illeso;0;;Non accertato;Inesploso