Protocollo;Gruppo;DataOraIncidente;Localizzazione1;STRADA1;Localizzazione2;STRADA2;Strada02;Chilometrica;DaSpecificare;NaturaIncidente;particolaritastrade;TipoStrada;FondoStradale;Pavimentazione;Segnaletica;CondizioneAtmosferica;Traffico;Visibilita;Illuminazione;NUM_FERITI;NUM_RISERVATA;NUM_MORTI;NUM_ILLESI;Longitude;Latitude;Confermato;Progressivo;TipoVeicolo;StatoVeicolo;TipoPersona;Sesso;Tipolesione;Deceduto;DecedutoDopo;CinturaCascoUtilizzato;Airbag;
5389476;16;27/04/2021 13:50:00;;VIA DI BRAVETTA;da specificare;;;;fronte civico 541;Scontro frontale/laterale DX fra veicoli in marcia;;;;;;;;;;0;0;0;2;12.4257;41.8762;0;1;Autovettura privata;In marcia / fermata / arresto;Conducente;M;Illeso;0;;;
5389476;16;27/04/2021 13:50:00;;VIA DI BRAVETTA;da specificare;;;;fronte civico 541;Scontro frontale/laterale DX fra veicoli in marcia;;;;;;;;;;0;0;0;2;12.4257;41.8762;0;2;Autovettura privata;In marcia / fermata / arresto;Conducente;M;Illeso;0;;;
5389477;16;28/04/2021 11:20:00;Strada Urbana;VIA FEDERICO OZANAM;in corrispondenza;;del civico n.;F.C.;;Scontro frontale fra veicoli in marcia;Rettilineo;Una carreggiata a doppio senso;Bagnato (umidità in atto);Asfaltata;Verticale;Nuvoloso;Normale;Buona;;0;0;0;4;12.4471;41.8757;-1;1;Autovettura privata;In marcia / fermata / arresto;Conducente;F;Illeso;0;;Non accertato;Inesploso
5389477;16;28/04/2021 11:20:00;Strada Urbana;VIA FEDERICO OZANAM;in corrispondenza;;del civico n.;F.C.;;Scontro frontale fra veicoli in marcia;Rettilineo;Una carreggiata a doppio senso;Bagnato (umidità in atto);Asfaltata;Verticale;Nuvoloso;Normale;Buona;;0;0;0;4;12.4471;41.8757;-1;2;Autovettura privata;In marcia / fermata / arresto;Conducente;M;Illeso;0;;Non accertato;Inesploso
5389477;16;28/04/2021 11:20:00;Strada Urbana;VIA FEDERICO OZANAM;in corrispondenza;;del civico n.;F.C.;;Scontro frontale fra veicoli in marcia;Rettilineo;Una carreggiata a doppio senso;Bagnato (umidità in atto);Asfaltata;Verticale;Nuvoloso;Normale;Buona;;0;0;0;4;12.4471;41.8757;-1;2;Autovettura privata;In marcia / fermata / arresto;Passeggero;M;Illeso;0;;Non accertato;Inesploso
5389477;16;28/04/2021 11:20:00;Strada Urbana;VIA FEDERICO OZANAM;in corrispondenza;;del civico n.;F.C.;;Scontro frontale fra veicoli in marcia;Rettilineo;Una carreggiata a doppio senso;Bagnato (umidità in atto);Asfaltata;Verticale;Nuvoloso;Normale;Buona;;0;0;0;4;12.4471;41.8757;-1;2;Autovettura privata;In marcia / fermata / arresto;Passeggero;F;Illeso;0;;Non accertato;Inesploso
5389477;16;28/04/2021 11:20:00;Strada Urbana;VIA FEDERICO OZANAM;in corrispondenza;;del civico n.;F.C.;;Scontro frontale fra veicoli in marcia;Rettilineo;Una carreggiata a doppio senso;Bagnato (umidità in atto);Asfaltata;Verticale;Nuvoloso;Normale;Buona;;0;0;0;4;12.4471;41.8757;-1;3;Autovettura privata;Sosta;;;;;;;
5389477;16;28/04/2021 11:20:00;Strada Urbana;VIA FEDERICO OZANAM;in corrispondenza;;del civico n.;F.C.;;Scontro frontale fra veicoli in marcia;Rettilineo;Una carreggiata a doppio senso;Bagnato (umidità in atto);Asfaltata;Verticale;Nuvoloso;Normale;Buona;;0;0;0;4;12.4471;41.8757;-1;4;Autovettura privata;Sosta;;;;;;;
5389478;12;28/04/2021 15:00:00;Strada Urbana;VIA DI TRIGORIA;in prossimità;;del palo luce n.;89;;Veicolo in marcia contro ostacolo fisso;Rettilineo;Una carreggiata a doppio senso;Asciutto;Asfaltata;Verticale ed orizzontale;Sereno;Intenso;Buona;;1;0;0;3;12.4677;41.7496;-1;1;Autovettura privata;In marcia / fermata / arresto;Conducente;M;Illeso;0;;;
5389478;12;28/04/2021 15:00:00;Strada Urbana;VIA DI TRIGORIA;in prossimità;;del palo luce n.;89;;Veicolo in marcia contro ostacolo fisso;Rettilineo;Una carreggiata a doppio senso;Asciutto;Asfaltata;Verticale ed orizzontale;Sereno;Intenso;Buona;;1;0;0;3;12.4677;41.7496;-1;1;Autovettura privata;In marcia / fermata / arresto;Passeggero;M;Illeso;0;;;
5389478;12;28/04/2021 15:00:00;Strada Urbana;VIA DI TRIGORIA;in prossimità;;del palo luce n.;89;;Veicolo in marcia contro ostacolo fisso;Rettilineo;Una carreggiata a doppio senso;Asciutto;Asfaltata;Verticale ed orizzontale;Sereno;Intenso;Buona;;1;0;0;3;12.4677;41.7496;-1;1;Autovettura privata;In marcia / fermata / arresto;Passeggero;M;Illeso;0;;;
5389478;12;28/04/2021 15:00:00;Strada Urbana;VIA DI TRIGORIA;in prossimità;;del palo luce n.;89;;Veicolo in marcia contro ostacolo fisso;Rettilineo;Una carreggiata a doppio senso;Asciutto;Asfaltata;Verticale ed orizzontale;Sereno;Intenso;Buona;;1;0;0;3;12.4677;41.7496;-1;1;Autovettura privata;In marcia / fermata / arresto;Passeggero;M;Rimandato;0;NON DECEDUTO;;
5389494;20;28/04/2021 17:18:00;Strada Urbana;VIA FLAMINIA NUOVA;in corrispondenza;;del civico n.;299;;Veicolo in marcia contro veicolo fermo;Rettilineo;Una carreggiata a doppio senso;Asciutto;Asfaltata;Verticale ed orizzontale;Nuvoloso;Normale;Buona;;0;0;0;4;12.476;41.9543;-1;1;Autovettura privata;In marcia / fermata / arresto;Conducente;M;Illeso;0;;Non accertato;Inesploso
5389494;20;28/04/2021 17:18:00;Strada Urbana;VIA FLAMINIA NUOVA;in corrispondenza;;del civico n.;299;;Veicolo in marcia contro veicolo fermo;Rettilineo;Una carreggiata a doppio senso;Asciutto;Asfaltata;Verticale ed orizzontale;Nuvoloso;Normale;Buona;;0;0;0;4;12.476;41.9543;-1;2;Autovettura privata;In marcia / fermata / arresto;Conducente;M;Illeso;0;;Non accertato;Inesploso
5389494;20;28/04/2021 17:18:00;Strada Urbana;VIA FLAMINIA NUOVA;in corrispondenza;;del civico n.;299;;Veicolo in marcia contro veicolo fermo;Rettilineo;Una carreggiata a doppio senso;Asciutto;Asfaltata;Verticale ed orizzontale;Nuvoloso;Normale;Buona;;0;0;0;4;12.476;41.9543;-1;2;Autovettura privata;In marcia / fermata / arresto;Passeggero;M;Illeso;0;;;
5389494;20;28/04/2021 17:18:00;Strada Urbana;VIA FLAMINIA NUOVA;in corrispondenza;;del civico n.;299;;Veicolo in marcia contro veicolo fermo;Rettilineo;Una carreggiata a doppio senso;Asciutto;Asfaltata;Verticale ed orizzontale;Nuvoloso;Normale;Buona;;0;0;0;4;12.476;41.9543;-1;2;Autovettura privata;In marcia / fermata / arresto;Passeggero;M;Illeso;0;;Non accertato;Inesploso
5389511;12;28/04/2021 12:10:00;Strada Urbana;VIA DI MEZZOCAMMINO;all'intersezione con;LARGO DELLE PLEIADI;LARGO DELLE PLEIADI;;;Scontro frontale/laterale SX fra veicoli in marcia;Incrocio;Una carreggiata a doppio senso;Asciutto;Asfaltata;Verticale ed orizzontale;Nuvoloso;Normale;Buona;;0;0;0;2;12.4303;41.7852;-1;1;Autovettura privata;In marcia / fermata / arresto;Conducente;F;Illeso;0;;;Inesploso
5389511;12;28/04/2021 12:10:00;Strada Urbana;VIA DI MEZZOCAMMINO;all'intersezione con;LARGO DELLE PLEIADI;LARGO DELLE PLEIADI;;;Scontro frontale/laterale SX fra veicoli in marcia;Incrocio;Una carreggiata a doppio senso;Asciutto;Asfaltata;Verticale ed orizzontale;Nuvoloso;Normale;Buona;;0;0;0;2;12.4303;41.7852;-1;2;Autovettura privata;In marcia / fermata / arresto;Conducente;M;Illeso;0;;Non accertato;
5389548;2;28/04/2021 17:10:00;Strada Urbana;PONTE DEL RISORGIMENTO;all'intersezione semaforizzata con;PIAZZALE DELLE BELLE ARTI;PIAZZALE DELLE BELLE ARTI;;;Scontro laterale fra veicoli in marcia;Intersezione semaforizzata;Una carreggiata a senso unico di marcia;Asciutto;Asfaltata;Verticale ed orizzontale;Sereno;Normale;Buona;;2;0;0;1;12.4708;41.9187;-1;1;Motociclo con passeggero;In marcia / fermata / arresto;Conducente;M;Rifiuta cure immediate;0;NON DECEDUTO;Non accertato;
5389548;2;28/04/2021 17:10:00;Strada Urbana;PONTE DEL RISORGIMENTO;all'intersezione semaforizzata con;PIAZZALE DELLE BELLE ARTI;PIAZZALE DELLE BELLE ARTI;;;Scontro laterale fra veicoli in marcia;Intersezione semaforizzata;Una carreggiata a senso unico di marcia;Asciutto;Asfaltata;Verticale ed orizzontale;Sereno;Normale;Buona;;2;0;0;1;12.4708;41.9187;-1;1;Motociclo con passeggero;In marcia / fermata / arresto;Passeggero;F;Rimandato;0;NON DECEDUTO;Non accertato;Inesistente
5389548;2;28/04/2021 17:10:00;Strada Urbana;PONTE DEL RISORGIMENTO;all'intersezione semaforizzata con;PIAZZALE DELLE BELLE ARTI;PIAZZALE DELLE BELLE ARTI;;;Scontro laterale fra veicoli in marcia;Intersezione semaforizzata;Una carreggiata a senso unico di marcia;Asciutto;Asfaltata;Verticale ed orizzontale;Sereno;Normale;Buona;;2;0;0;1;12.4708;41.9187;-1;2;Autovettura privata;In marcia / fermata / arresto;Conducente;M;Illeso;0;;Non accertato;Inesploso
5389618;3;27/04/2021 08:50:00;Strada Urbana;VIALE DELL'UNIVERSITA';da specificare;;;;fronte civico 28A;Scontro laterale fra veicoli in marcia;Rettilineo;Una carreggiata a doppio senso;Asciutto;Asfaltata;Verticale ed orizzontale;Nuvoloso;Normale;Buona;;1;0;0;3;12.511;41.9041;-1;1;Autovettura privata;In marcia / fermata / arresto;Conducente;F;Illeso;0;;;
5389618;3;27/04/2021 08:50:00;Strada Urbana;VIALE DELL'UNIVERSITA';da specificare;;;;fronte civico 28A;Scontro laterale fra veicoli in marcia;Rettilineo;Una carreggiata a doppio senso;Asciutto;Asfaltata;Verticale ed orizzontale;Nuvoloso;Normale;Buona;;1;0;0;3;12.511;41.9041;-1;1;Autovettura privata;In marcia / fermata / arresto;Passeggero;M;Illeso;0;;;
5389618;3;27/04/2021 08:50:00;Strada Urbana;VIALE DELL'UNIVERSITA';da specificare;;;;fronte civico 28A;Scontro laterale fra veicoli in marcia;Rettilineo;Una carreggiata a doppio senso;Asciutto;Asfaltata;Verticale ed orizzontale;Nuvoloso;Normale;Buona;;1;0;0;3;12.511;41.9041;-1;2;Autovettura privata;In marcia / fermata / arresto;Conducente;M;Rimandato;0;NON DECEDUTO;;
5389624;3;27/04/2021 17:30:00;Strada Urbana;VIA NOMENTANA;da specificare;;;;fronte civico 329;Tamponamento Multiplo;Rettilineo;Più di due carreggiate;Asciutto;Asfaltata;Verticale ed orizzontale;Sereno;Intenso;Buona;;0;0;0;4;12.5165;41.9196;-1;1;Autovettura privata;In marcia / fermata / arresto;Conducente;F;Illeso;0;;Non accertato;
5389624;3;27/04/2021 17:30:00;Strada Urbana;VIA NOMENTANA;da specificare;;;;fronte civico 329;Tamponamento Multiplo;Rettilineo;Più di due carreggiate;Asciutto;Asfaltata;Verticale ed orizzontale;Sereno;Intenso;Buona;;0;0;0;4;12.5165;41.9196;-1;1;Autovettura privata;In marcia / fermata / arresto;Passeggero;F;Illeso;0;;Non accertato;
5389624;3;27/04/2021 17:30:00;Strada Urbana;VIA NOMENTANA;da specificare;;;;fronte civico 329;Tamponamento Multiplo;Rettilineo;Più di due carreggiate;Asciutto;Asfaltata;Verticale ed orizzontale;Sereno;Intenso;Buona;;0;0;0;4;12.5165;41.9196;-1;2;Autovettura privata;In marcia / fermata / arresto;Conducente;M;Illeso;0;;Non accertato;
5389624;3;27/04/2021 17:30:00;Strada Urbana;VIA NOMENTANA;da specificare;;;;fronte civico 329;Tamponamento Multiplo;Rettilineo;Più di due carreggiate;Asciutto;Asfaltata;Verticale ed orizzontale;Sereno;Intenso;Buona;;0;0;0;4;12.5165;41.9196;-1;3;Autovettura privata;In marcia / fermata / arresto;Conducente;F;Illeso;0;;Non accertato;
5389660;12;28/04/2021 15:10:00;Strada Urbana;VIALE DEI CADUTI NELLA GUERRA DI LIBERAZIONE;all'intersezione con;VIA DEGLI EROI DELLA DIFESA DI ROMA;VIA DEGLI EROI DELLA DIFESA DI ROMA;;;Tamponamento Multiplo;Intersezione stradale segnalata;Una carreggiata a senso unico di marcia;Asciutto;Asfaltata;Verticale ed orizzontale;Sereno;Normale;Buona;;2;0;0;2;12.4509;41.7923;-1;1;Autovettura privata;In marcia / fermata / arresto;Conducente;M;Rimandato;0;NON DECEDUTO;Non accertato;Inesploso
5389660;12;28/04/2021 15:10:00;Strada Urbana;VIALE DEI CADUTI NELLA GUERRA DI LIBERAZIONE;all'intersezione con;VIA DEGLI EROI DELLA DIFESA DI ROMA;VIA DEGLI EROI DELLA DIFESA DI ROMA;;;Tamponamento Multiplo;Intersezione stradale segnalata;Una carreggiata a senso unico di marcia;Asciutto;Asfaltata;Verticale ed orizzontale;Sereno;Normale;Buona;;2;0;0;2;12.4509;41.7923;-1;1;Autovettura privata;In marcia / fermata / arresto;Passeggero;F;Rimandato;0;NON DECEDUTO;Non accertato;Inesploso
5389660;12;28/04/2021 15:10:00;Strada Urbana;VIALE DEI CADUTI NELLA GUERRA DI LIBERAZIONE;all'intersezione con;VIA DEGLI EROI DELLA DIFESA DI ROMA;VIA DEGLI EROI DELLA DIFESA DI ROMA;;;Tamponamento Multiplo;Intersezione stradale segnalata;Una carreggiata a senso unico di marcia;Asciutto;Asfaltata;Verticale ed orizzontale;Sereno;Normale;Buona;;2;0;0;2;12.4509;41.7923;-1;2;Autovettura privata;In marcia / fermata / arresto;Conducente;M;Illeso;0;;Non accertato;Inesploso
5389660;12;28/04/2021 15:10:00;Strada Urbana;VIALE DEI CADUTI NELLA GUERRA DI LIBERAZIONE;all'intersezione con;VIA DEGLI EROI DELLA DIFESA DI ROMA;VIA DEGLI EROI DELLA DIFESA DI ROMA;;;Tamponamento Multiplo;Intersezione stradale segnalata;Una carreggiata a senso unico di marcia;Asciutto;Asfaltata;Verticale ed orizzontale;Sereno;Normale;Buona;;2;0;0;2;12.4509;41.7923;-1;3;Autocarro inferiore 35 q.;In marcia / fermata / arresto;Conducente;M;Illeso;0;;Non accertato;Inesploso
5389678;12;28/04/2021 16:35:00;Strada Urbana;VIA SANTI SAVARINO;all'intersezione con;VIA VITALIANO ROTELLINI;VIA VITALIANO ROTELLINI;;;Investimento di pedone;Intersezione stradale segnalata;Una carreggiata a doppio senso;Asciutto;Asfaltata;Verticale ed orizzontale;Sereno;Normale;Buona;;2;0;0;4;12.4377;41.775;-1;;;;Pedone;F;Rimandato;0;NON DECEDUTO;;
5389678;12;28/04/2021 16:35:00;Strada Urbana;VIA SANTI SAVARINO;all'intersezione con;VIA VITALIANO ROTELLINI;VIA VITALIANO ROTELLINI;;;Investimento di pedone;Intersezione stradale segnalata;Una carreggiata a doppio senso;Asciutto;Asfaltata;Verticale ed orizzontale;Sereno;Normale;Buona;;2;0;0;4;12.4377;41.775;-1;;;;Pedone;F;Rimandato;0;NON DECEDUTO;;
5389678;12;28/04/2021 16:35:00;Strada Urbana;VIA SANTI SAVARINO;all'intersezione con;VIA VITALIANO ROTELLINI;VIA VITALIANO ROTELLINI;;;Investimento di pedone;Intersezione stradale segnalata;Una carreggiata a doppio senso;Asciutto;Asfaltata;Verticale ed orizzontale;Sereno;Normale;Buona;;2;0;0;4;12.4377;41.775;-1;1;Autovettura privata;In marcia / fermata / arresto;Conducente;F;Illeso;0;;Non accertato;Inesploso
5389678;12;28/04/2021 16:35:00;Strada Urbana;VIA SANTI SAVARINO;all'intersezione con;VIA VITALIANO ROTELLINI;VIA VITALIANO ROTELLINI;;;Investimento di pedone;Intersezione stradale segnalata;Una carreggiata a doppio senso;Asciutto;Asfaltata;Verticale ed orizzontale;Sereno;Normale;Buona;;2;0;0;4;12.4377;41.775;-1;1;Autovettura privata;In marcia / fermata / arresto;Passeggero;M;Illeso;0;;Non accertato;Inesploso
5389678;12;28/04/2021 16:35:00;Strada Urbana;VIA SANTI SAVARINO;all'intersezione con;VIA VITALIANO ROTELLINI;VIA VITALIANO ROTELLINI;;;Investimento di pedone;Intersezione stradale segnalata;Una carreggiata a doppio senso;Asciutto;Asfaltata;Verticale ed orizzontale;Sereno;Normale;Buona;;2;0;0;4;12.4377;41.775;-1;1;Autovettura privata;In marcia / fermata / arresto;Passeggero;F;Illeso;0;;Non accertato;Inesploso
5389678;12;28/04/2021 16:35:00;Strada Urbana;VIA SANTI SAVARINO;all'intersezione con;VIA VITALIANO ROTELLINI;VIA VITALIANO ROTELLINI;;;Investimento di pedone;Intersezione stradale segnalata;Una carreggiata a doppio senso;Asciutto;Asfaltata;Verticale ed orizzontale;Sereno;Normale;Buona;;2;0;0;4;12.4377;41.775;-1;1;Autovettura privata;In marcia / fermata / arresto;Passeggero;F;Illeso;0;;Non accertato;
5389697;15;28/04/2021 13:50:00;Strada Urbana;VIA DELLA MAGLIANA;in corrispondenza;;del civico n.;80/A;;Tamponamento;Rettilineo;Una carreggiata a doppio senso;Asciutto;Asfaltata;Orizzontale;Sereno;Normale;Buona;;1;0;0;2;12.4587;41.857;-1;1;Autovettura privata;In marcia / fermata / arresto;Conducente;F;Rimandato;0;NON DECEDUTO;Non accertato;Inesploso
5389697;15;28/04/2021 13:50:00;Strada Urbana;VIA DELLA MAGLIANA;in corrispondenza;;del civico n.;80/A;;Tamponamento;Rettilineo;Una carreggiata a doppio senso;Asciutto;Asfaltata;Orizzontale;Sereno;Normale;Buona;;1;0;0;2;12.4587;41.857;-1;2;Autovettura privata;In marcia / fermata / arresto;Conducente;M;Illeso;0;;Non accertato;Inesploso
5389697;15;28/04/2021 13:50:00;Strada Urbana;VIA DELLA MAGLIANA;in corrispondenza;;del civico n.;80/A;;Tamponamento;Rettilineo;Una carreggiata a doppio senso;Asciutto;Asfaltata;Orizzontale;Sereno;Normale;Buona;;1;0;0;2;12.4587;41.857;-1;2;Autovettura privata;In marcia / fermata / arresto;Passeggero;F;Illeso;0;;Non accertato;Inesploso
5389710;13;28/04/2021 15:20:00;Strada Urbana;VIA DELLA TOLDA;all'intersezione con;VIA DELLE TARTANE;VIA DELLE TARTANE;;;Scontro frontale/laterale DX fra veicoli in marcia;Incrocio;Una carreggiata a doppio senso;Asciutto;Asfaltata;Orizzontale;Sereno;Normale;Buona;;0;0;0;3;12.2931;41.7257;-1;1;Autovettura privata;In marcia / fermata / arresto;Conducente;F;Illeso;0;;Non accertato;Esploso
5389710;13;28/04/2021 15:20:00;Strada Urbana;VIA DELLA TOLDA;all'intersezione con;VIA DELLE TARTANE;VIA DELLE TARTANE;;;Scontro frontale/laterale DX fra veicoli in marcia;Incrocio;Una carreggiata a doppio senso;Asciutto;Asfaltata;Orizzontale;Sereno;Normale;Buona;;0;0;0;3;12.2931;41.7257;-1;2;Autovettura privata;In marcia / fermata / arresto;Conducente;F;Illeso;0;;Non accertato;Inesploso
5389710;13;28/04/2021 15:20:00;Strada Urbana;VIA DELLA TOLDA;all'intersezione con;VIA DELLE TARTANE;VIA DELLE TARTANE;;;Scontro frontale/laterale DX fra veicoli in marcia;Incrocio;Una carreggiata a doppio senso;Asciutto;Asfaltata;Orizzontale;Sereno;Normale;Buona;;0;0;0;3;12.2931;41.7257;-1;2;Autovettura privata;In marcia / fermata / arresto;Passeggero;F;Illeso;0;;Non accertato;Inesploso
5389728;13;28/04/2021 17:45:00;Strada Urbana;VIA GIOVANNI BATTISTA PESCETTI;all'intersezione con;VIA GIOVANNI BOTTESINI;VIA GIOVANNI BOTTESINI;;;Scontro frontale/laterale DX fra veicoli in marcia;Incrocio;Una carreggiata a doppio senso;Asciutto;Asfaltata;Assente;Sereno;Normale;Insufficiente;;0;0;0;3;12.3684;41.7437;-1;1;Autovettura privata;In marcia / fermata / arresto;Conducente;F;Illeso;0;;Non accertato;Inesploso
5389728;13;28/04/2021 17:45:00;Strada Urbana;VIA GIOVANNI BATTISTA PESCETTI;all'intersezione con;VIA GIOVANNI BOTTESINI;VIA GIOVANNI BOTTESINI;;;Scontro frontale/laterale DX fra veicoli in marcia;Incrocio;Una carreggiata a doppio senso;Asciutto;Asfaltata;Assente;Sereno;Normale;Insufficiente;;0;0;0;3;12.3684;41.7437;-1;2;Autovettura privata;In marcia / fermata / arresto;Conducente;M;Illeso;0;;Non accertato;Inesploso
5389728;13;28/04/2021 17:45:00;Strada Urbana;VIA GIOVANNI BATTISTA PESCETTI;all'intersezione con;VIA GIOVANNI BOTTESINI;VIA GIOVANNI BOTTESINI;;;Scontro frontale/laterale DX fra veicoli in marcia;Incrocio;Una carreggiata a doppio senso;Asciutto;Asfaltata;Assente;Sereno;Normale;Insufficiente;;0;0;0;3;12.3684;41.7437;-1;2;Autovettura privata;In marcia / fermata / arresto;Passeggero;F;Illeso;0;;Non accertato;Inesploso
5389801;12;28/04/2021 15:35:00;Strada Urbana;PIAZZA GUGLIELMO MARCONI;da specificare;;;;altezza Obelisco direz. Roma;Scontro laterale fra veicoli in marcia;Rotatoria;Una carreggiata a senso unico di marcia;Asciutto;Asfaltata;Verticale ed orizzontale;Sereno;Intenso;Buona;;2;0;0;1;12.4711;41.8335;-1;1;Autovettura privata;In marcia / fermata / arresto;Conducente;M;Rimandato;0;NON DECEDUTO;Utilizzato;Inesploso
5389801;12;28/04/2021 15:35:00;Strada Urbana;PIAZZA GUGLIELMO MARCONI;da specificare;;;;altezza Obelisco direz. Roma;Scontro laterale fra veicoli in marcia;Rotatoria;Una carreggiata a senso unico di marcia;Asciutto;Asfaltata;Verticale ed orizzontale;Sereno;Intenso;Buona;;2;0;0;1;12.4711;41.8335;-1;1;Autovettura privata;In marcia / fermata / arresto;Passeggero;F;Rimandato;0;NON DECEDUTO;Utilizzato;Inesploso
5389801;12;28/04/2021 15:35:00;Strada Urbana;PIAZZA GUGLIELMO MARCONI;da specificare;;;;altezza Obelisco direz. Roma;Scontro laterale fra veicoli in marcia;Rotatoria;Una carreggiata a senso unico di marcia;Asciutto;Asfaltata;Verticale ed orizzontale;Sereno;Intenso;Buona;;2;0;0;1;12.4711;41.8335;-1;2;Autovettura privata;In marcia / fermata / arresto;Conducente;M;Illeso;0;;Utilizzato;Inesploso
5390034;11;28/04/2021 13:00:00;Strada Urbana;VIA FILEMONE;in prossimità;;del civico n.;4;;Scontro frontale fra veicoli in marcia;Rettilineo;Una carreggiata a doppio senso;Asciutto;Asfaltata;Verticale;Sereno;Scarso;Buona;;1;0;0;1;12.474;41.8541;-1;1;Motociclo a solo;In marcia / fermata / arresto;Conducente;M;Rifiuta cure immediate;0;NON DECEDUTO;;
5390034;11;28/04/2021 13:00:00;Strada Urbana;VIA FILEMONE;in prossimità;;del civico n.;4;;Scontro frontale fra veicoli in marcia;Rettilineo;Una carreggiata a doppio senso;Asciutto;Asfaltata;Verticale;Sereno;Scarso;Buona;;1;0;0;1;12.474;41.8541;-1;2;Autovettura privata;In marcia / fermata / arresto;Conducente;F;Illeso;0;;Non accertato;
5390040;15;28/04/2021 20:20:00;Strada Urbana;VIA PORTUENSE;in corrispondenza;;del civico n.;798;;Scontro laterale fra veicoli in marcia;Rettilineo;Una carreggiata a doppio senso;Asciutto;Asfaltata;Verticale ed orizzontale;Sereno;Normale;Buona;;1;0;0;3;12.421;41.8501;-1;1;Motociclo a solo;In marcia / fermata / arresto;Conducente;M;Rimandato;0;NON DECEDUTO;;
5390040;15;28/04/2021 20:20:00;Strada Urbana;VIA PORTUENSE;in corrispondenza;;del civico n.;798;;Scontro laterale fra veicoli in marcia;Rettilineo;Una carreggiata a doppio senso;Asciutto;Asfaltata;Verticale ed orizzontale;Sereno;Normale;Buona;;1;0;0;3;12.421;41.8501;-1;2;Autovettura privata;In marcia / fermata / arresto;Conducente;M;Illeso;0;;Non accertato;
5390040;15;28/04/2021 20:20:00;Strada Urbana;VIA PORTUENSE;in corrispondenza;;del civico n.;798;;Scontro laterale fra veicoli in marcia;Rettilineo;Una carreggiata a doppio senso;Asciutto;Asfaltata;Verticale ed orizzontale;Sereno;Normale;Buona;;1;0;0;3;12.421;41.8501;-1;3;Autovettura privata;In marcia / fermata / arresto;Conducente;M;Illeso;0;;Non accertato;
5390040;15;28/04/2021 20:20:00;Strada Urbana;VIA PORTUENSE;in corrispondenza;;del civico n.;798;;Scontro laterale fra veicoli in marcia;Rettilineo;Una carreggiata a doppio senso;Asciutto;Asfaltata;Verticale ed orizzontale;Sereno;Normale;Buona;;1;0;0;3;12.421;41.8501;-1;3;Autovettura privata;In marcia / fermata / arresto;Passeggero;F;Illeso;0;;;
5390045;7;28/04/2021 17:30:00;Strada Urbana;VIA COLLATINA;all'intersezione con;VIA DELLA STAZIONE DI TOR SAPIENZA;VIA DELLA STAZIONE DI TOR SAPIENZA;;;Scontro frontale/laterale SX fra veicoli in marcia;Incrocio;Una carreggiata a doppio senso;Asciutto;Asfaltata;Verticale ed orizzontale;Sereno;Normale;Buona;;1;0;0;1;12.6108;41.9058;-1;1;Autovettura privata;In marcia / fermata / arresto;Conducente;M;Illeso;0;;;
5390045;7;28/04/2021 17:30:00;Strada Urbana;VIA COLLATINA;all'intersezione con;VIA DELLA STAZIONE DI TOR SAPIENZA;VIA DELLA STAZIONE DI TOR SAPIENZA;;;Scontro frontale/laterale SX fra veicoli in marcia;Incrocio;Una carreggiata a doppio senso;Asciutto;Asfaltata;Verticale ed orizzontale;Sereno;Normale;Buona;;1;0;0;1;12.6108;41.9058;-1;2;Motociclo con passeggero;In marcia / fermata / arresto;Conducente;M;Rimandato;0;NON DECEDUTO;;
5390047;11;28/04/2021 07:50:00;Strada Urbana;VIA PELLEGRINO MATTEUCCI;da specificare;;;;fronte civico 21;Scontro frontale/laterale DX fra veicoli in marcia;Rettilineo;Una carreggiata a doppio senso;Bagnato (pioggia);Asfaltata;Verticale ed orizzontale;Pioggia in atto;Normale;Buona;;1;0;0;3;12.4826;41.8717;-1;1;Autovettura privata;In marcia / fermata / arresto;Conducente;M;Illeso;0;;;
5390047;11;28/04/2021 07:50:00;Strada Urbana;VIA PELLEGRINO MATTEUCCI;da specificare;;;;fronte civico 21;Scontro frontale/laterale DX fra veicoli in marcia;Rettilineo;Una carreggiata a doppio senso;Bagnato (pioggia);Asfaltata;Verticale ed orizzontale;Pioggia in atto;Normale;Buona;;1;0;0;3;12.4826;41.8717;-1;1;Autovettura privata;In marcia / fermata / arresto;Passeggero;F;Illeso;0;;;
5390047;11;28/04/2021 07:50:00;Strada Urbana;VIA PELLEGRINO MATTEUCCI;da specificare;;;;fronte civico 21;Scontro frontale/laterale DX fra veicoli in marcia;Rettilineo;Una carreggiata a doppio senso;Bagnato (pioggia);Asfaltata;Verticale ed orizzontale;Pioggia in atto;Normale;Buona;;1;0;0;3;12.4826;41.8717;-1;1;Autovettura privata;In marcia / fermata / arresto;Passeggero;M;Illeso;0;;;
5390047;11;28/04/2021 07:50:00;Strada Urbana;VIA PELLEGRINO MATTEUCCI;da specificare;;;;fronte civico 21;Scontro frontale/laterale DX fra veicoli in marcia;Rettilineo;Una carreggiata a doppio senso;Bagnato (pioggia);Asfaltata;Verticale ed orizzontale;Pioggia in atto;Normale;Buona;;1;0;0;3;12.4826;41.8717;-1;2;Motociclo a solo;In marcia / fermata / arresto;Conducente;M;Rimandato;0;NON DECEDUTO;;