Protocollo;Gruppo;DataOraIncidente;Localizzazione1;STRADA1;Localizzazione2;STRADA2;Strada02;Chilometrica;DaSpecificare;NaturaIncidente;particolaritastrade;TipoStrada;FondoStradale;Pavimentazione;Segnaletica;CondizioneAtmosferica;Traffico;Visibilita;Illuminazione;NUM_FERITI;NUM_RISERVATA;NUM_MORTI;NUM_ILLESI;Longitude;Latitude;Confermato;Progressivo;TipoVeicolo;StatoVeicolo;TipoPersona;Sesso;Tipolesione;Deceduto;DecedutoDopo;CinturaCascoUtilizzato;Airbag;
5390070;7;28/04/2021 12:05:00;Strada Urbana;VIA DEI GLICINI;all'intersezione con;VIA TOR DE' SCHIAVI;VIA TOR DE' SCHIAVI;;;Scontro frontale/laterale SX fra veicoli in marcia;Incrocio;Una carreggiata a doppio senso;Asciutto;Asfaltata;Verticale ed orizzontale;Sereno;Scarso;Buona;;0;0;0;2;12.5654;41.8796;-1;1;Motociclo a solo;In marcia / fermata / arresto;Conducente;M;Illeso;0;;;
5390070;7;28/04/2021 12:05:00;Strada Urbana;VIA DEI GLICINI;all'intersezione con;VIA TOR DE' SCHIAVI;VIA TOR DE' SCHIAVI;;;Scontro frontale/laterale SX fra veicoli in marcia;Incrocio;Una carreggiata a doppio senso;Asciutto;Asfaltata;Verticale ed orizzontale;Sereno;Scarso;Buona;;0;0;0;2;12.5654;41.8796;-1;2;Autovettura privata;In marcia / fermata / arresto;Conducente;M;Illeso;0;;;
5390076;7;28/04/2021 10:55:00;Strada Urbana;VIA DEI FAGGI;in corrispondenza;;del civico n.;135;;Investimento di pedone;Rettilineo;Una carreggiata a doppio senso;Asciutto;Asfaltata;Orizzontale;Sereno;Normale;Buona;;1;0;0;1;12.5681;41.8841;-1;;;;Pedone;F;Rimandato;0;NON DECEDUTO;;
5390076;7;28/04/2021 10:55:00;Strada Urbana;VIA DEI FAGGI;in corrispondenza;;del civico n.;135;;Investimento di pedone;Rettilineo;Una carreggiata a doppio senso;Asciutto;Asfaltata;Orizzontale;Sereno;Normale;Buona;;1;0;0;1;12.5681;41.8841;-1;1;Autovettura privata;In marcia / fermata / arresto;Conducente;M;Illeso;0;;Non accertato;Inesploso
5390089;7;28/04/2021 13:00:00;Strada Urbana;VIA COLLATINA;all'intersezione con;VIA GIOVANNI CAPRANESI;VIA GIOVANNI CAPRANESI;;;Scontro laterale fra veicoli in marcia;Incrocio;Una carreggiata a doppio senso;Asciutto;Asfaltata;Verticale;Nuvoloso;Normale;Buona;;0;0;0;2;12.6111;41.9046;-1;1;Autovettura privata;In marcia / fermata / arresto;Conducente;M;Illeso;0;;Non accertato;Inesploso
5390089;7;28/04/2021 13:00:00;Strada Urbana;VIA COLLATINA;all'intersezione con;VIA GIOVANNI CAPRANESI;VIA GIOVANNI CAPRANESI;;;Scontro laterale fra veicoli in marcia;Incrocio;Una carreggiata a doppio senso;Asciutto;Asfaltata;Verticale;Nuvoloso;Normale;Buona;;0;0;0;2;12.6111;41.9046;-1;2;Motociclo a solo;In marcia / fermata / arresto;Conducente;M;Illeso;0;;Non accertato;
5390097;19;28/04/2021 11:20:00;Strada Urbana;VIA DELL'ACQUEDOTTO DEL PESCHIERA;all'intersezione con;VIA DELL'ACQUEDOTTO PAOLO;VIA DELL'ACQUEDOTTO PAOLO;;;Scontro laterale fra veicoli in marcia;Incrocio;Una carreggiata a senso unico di marcia;Bagnato (pioggia);Asfaltata;Verticale ed orizzontale;Pioggia in atto;Normale;Buona;;1;0;0;4;12.4255;41.9365;-1;1;Autovettura privata;In marcia / fermata / arresto;Conducente;M;Illeso;0;;Non accertato;Inesploso
5390097;19;28/04/2021 11:20:00;Strada Urbana;VIA DELL'ACQUEDOTTO DEL PESCHIERA;all'intersezione con;VIA DELL'ACQUEDOTTO PAOLO;VIA DELL'ACQUEDOTTO PAOLO;;;Scontro laterale fra veicoli in marcia;Incrocio;Una carreggiata a senso unico di marcia;Bagnato (pioggia);Asfaltata;Verticale ed orizzontale;Pioggia in atto;Normale;Buona;;1;0;0;4;12.4255;41.9365;-1;1;Autovettura privata;In marcia / fermata / arresto;Passeggero;M;Illeso;0;;Non accertato;Inesploso
5390097;19;28/04/2021 11:20:00;Strada Urbana;VIA DELL'ACQUEDOTTO DEL PESCHIERA;all'intersezione con;VIA DELL'ACQUEDOTTO PAOLO;VIA DELL'ACQUEDOTTO PAOLO;;;Scontro laterale fra veicoli in marcia;Incrocio;Una carreggiata a senso unico di marcia;Bagnato (pioggia);Asfaltata;Verticale ed orizzontale;Pioggia in atto;Normale;Buona;;1;0;0;4;12.4255;41.9365;-1;1;Autovettura privata;In marcia / fermata / arresto;Passeggero;M;Illeso;0;;Non accertato;Inesploso
5390097;19;28/04/2021 11:20:00;Strada Urbana;VIA DELL'ACQUEDOTTO DEL PESCHIERA;all'intersezione con;VIA DELL'ACQUEDOTTO PAOLO;VIA DELL'ACQUEDOTTO PAOLO;;;Scontro laterale fra veicoli in marcia;Incrocio;Una carreggiata a senso unico di marcia;Bagnato (pioggia);Asfaltata;Verticale ed orizzontale;Pioggia in atto;Normale;Buona;;1;0;0;4;12.4255;41.9365;-1;1;Autovettura privata;In marcia / fermata / arresto;Passeggero;M;Illeso;0;;Non accertato;Inesploso
5390097;19;28/04/2021 11:20:00;Strada Urbana;VIA DELL'ACQUEDOTTO DEL PESCHIERA;all'intersezione con;VIA DELL'ACQUEDOTTO PAOLO;VIA DELL'ACQUEDOTTO PAOLO;;;Scontro laterale fra veicoli in marcia;Incrocio;Una carreggiata a senso unico di marcia;Bagnato (pioggia);Asfaltata;Verticale ed orizzontale;Pioggia in atto;Normale;Buona;;1;0;0;4;12.4255;41.9365;-1;2;Motociclo a solo;In marcia / fermata / arresto;Conducente;M;Rimandato;0;NON DECEDUTO;Non accertato;
5390106;7;28/04/2021 11:45:00;Strada Urbana;VIA DI TOR TRE TESTE;all'intersezione con;VIALE ENZO FERRARI;VIALE ENZO FERRARI;;;Tamponamento;Intersezione stradale segnalata;Due carreggiate;Asciutto;Asfaltata;Verticale ed orizzontale;Sereno;Normale;Buona;;0;0;0;6;12.5913;41.8907;-1;1;Autovettura privata;In marcia / fermata / arresto;Conducente;M;Illeso;0;;Non accertato;Inesploso
5390106;7;28/04/2021 11:45:00;Strada Urbana;VIA DI TOR TRE TESTE;all'intersezione con;VIALE ENZO FERRARI;VIALE ENZO FERRARI;;;Tamponamento;Intersezione stradale segnalata;Due carreggiate;Asciutto;Asfaltata;Verticale ed orizzontale;Sereno;Normale;Buona;;0;0;0;6;12.5913;41.8907;-1;1;Autovettura privata;In marcia / fermata / arresto;Passeggero;M;Illeso;0;;Non accertato;Inesploso
5390106;7;28/04/2021 11:45:00;Strada Urbana;VIA DI TOR TRE TESTE;all'intersezione con;VIALE ENZO FERRARI;VIALE ENZO FERRARI;;;Tamponamento;Intersezione stradale segnalata;Due carreggiate;Asciutto;Asfaltata;Verticale ed orizzontale;Sereno;Normale;Buona;;0;0;0;6;12.5913;41.8907;-1;1;Autovettura privata;In marcia / fermata / arresto;Passeggero;M;Illeso;0;;Non accertato;Inesploso
5390106;7;28/04/2021 11:45:00;Strada Urbana;VIA DI TOR TRE TESTE;all'intersezione con;VIALE ENZO FERRARI;VIALE ENZO FERRARI;;;Tamponamento;Intersezione stradale segnalata;Due carreggiate;Asciutto;Asfaltata;Verticale ed orizzontale;Sereno;Normale;Buona;;0;0;0;6;12.5913;41.8907;-1;1;Autovettura privata;In marcia / fermata / arresto;Passeggero;F;Illeso;0;;Non accertato;Inesploso
5390106;7;28/04/2021 11:45:00;Strada Urbana;VIA DI TOR TRE TESTE;all'intersezione con;VIALE ENZO FERRARI;VIALE ENZO FERRARI;;;Tamponamento;Intersezione stradale segnalata;Due carreggiate;Asciutto;Asfaltata;Verticale ed orizzontale;Sereno;Normale;Buona;;0;0;0;6;12.5913;41.8907;-1;1;Autovettura privata;In marcia / fermata / arresto;Passeggero;M;Illeso;0;;Non accertato;Inesploso
5390106;7;28/04/2021 11:45:00;Strada Urbana;VIA DI TOR TRE TESTE;all'intersezione con;VIALE ENZO FERRARI;VIALE ENZO FERRARI;;;Tamponamento;Intersezione stradale segnalata;Due carreggiate;Asciutto;Asfaltata;Verticale ed orizzontale;Sereno;Normale;Buona;;0;0;0;6;12.5913;41.8907;-1;2;Autocarro inferiore 35 q.;In marcia / fermata / arresto;Conducente;M;Illeso;0;;Non accertato;
5390111;7;28/04/2021 15:40:00;Strada Urbana;VIA ACHILLE VERTUNNI;in corrispondenza;;del civico n.;32;;Veicolo in marcia contro ostacolo fisso;Rettilineo;Una carreggiata a doppio senso;Asciutto;Asfaltata;Assente;Sereno;Normale;Buona;;1;0;0;0;12.6141;41.9061;-1;1;Autovettura privata;In marcia / fermata / arresto;Conducente;F;Rimandato;0;NON DECEDUTO;;
5390116;1;28/04/2021 15:55:00;Strada Urbana;VICOLO DELLA PENITENZA;in prossimità;;del civico n.;26;;Veicolo in marcia contro veicoli in sosta;Rettilineo;Una carreggiata a senso unico di marcia;Asciutto;In cubetti di porfido;Verticale ed orizzontale;Sereno;Scarso;Buona;;0;0;0;1;12.4648;41.894;-1;1;Autovettura privata;In marcia / fermata / arresto;Conducente;F;Illeso;0;;Non accertato;Inesploso
5390116;1;28/04/2021 15:55:00;Strada Urbana;VICOLO DELLA PENITENZA;in prossimità;;del civico n.;26;;Veicolo in marcia contro veicoli in sosta;Rettilineo;Una carreggiata a senso unico di marcia;Asciutto;In cubetti di porfido;Verticale ed orizzontale;Sereno;Scarso;Buona;;0;0;0;1;12.4648;41.894;-1;2;Motociclo a solo;Sosta;;;;;;;
5390116;1;28/04/2021 15:55:00;Strada Urbana;VICOLO DELLA PENITENZA;in prossimità;;del civico n.;26;;Veicolo in marcia contro veicoli in sosta;Rettilineo;Una carreggiata a senso unico di marcia;Asciutto;In cubetti di porfido;Verticale ed orizzontale;Sereno;Scarso;Buona;;0;0;0;1;12.4648;41.894;-1;3;Motociclo a solo;Sosta;;;;;;;
5390118;19;28/04/2021 11:30:00;Strada Urbana;VIA PIETRO BEMBO;all'intersezione semaforizzata con;VIA BERNARDO DA BIBBIENA;VIA BERNARDO DA BIBBIENA;;;Scontro frontale/laterale DX fra veicoli in marcia;Intersezione semaforizzata;Una carreggiata a doppio senso;Bagnato (pioggia);Asfaltata;Verticale ed orizzontale;Nuvoloso;Normale;Buona;;0;0;0;3;12.411;41.9166;-1;1;Autovettura privata;In marcia / fermata / arresto;Conducente;M;Illeso;0;;Non accertato;Inesploso
5390118;19;28/04/2021 11:30:00;Strada Urbana;VIA PIETRO BEMBO;all'intersezione semaforizzata con;VIA BERNARDO DA BIBBIENA;VIA BERNARDO DA BIBBIENA;;;Scontro frontale/laterale DX fra veicoli in marcia;Intersezione semaforizzata;Una carreggiata a doppio senso;Bagnato (pioggia);Asfaltata;Verticale ed orizzontale;Nuvoloso;Normale;Buona;;0;0;0;3;12.411;41.9166;-1;1;Autovettura privata;In marcia / fermata / arresto;Passeggero;F;Illeso;0;;Non accertato;Inesploso
5390118;19;28/04/2021 11:30:00;Strada Urbana;VIA PIETRO BEMBO;all'intersezione semaforizzata con;VIA BERNARDO DA BIBBIENA;VIA BERNARDO DA BIBBIENA;;;Scontro frontale/laterale DX fra veicoli in marcia;Intersezione semaforizzata;Una carreggiata a doppio senso;Bagnato (pioggia);Asfaltata;Verticale ed orizzontale;Nuvoloso;Normale;Buona;;0;0;0;3;12.411;41.9166;-1;2;Autovettura privata;In marcia / fermata / arresto;Conducente;F;Illeso;0;;Non accertato;Inesploso
5390122;19;28/04/2021 14:20:00;Strada Urbana;VIA COGOLETO;in corrispondenza;;del civico n.;103;;Veicolo in marcia contro veicolo in sosta;Rettilineo;Una carreggiata a doppio senso;Asciutto;Asfaltata;Verticale ed orizzontale;Sereno;Scarso;Buona;;0;0;0;1;12.4232;41.9278;-1;1;Autovettura privata;In marcia / fermata / arresto;Conducente;F;Illeso;0;;Non accertato;Inesploso
5390122;19;28/04/2021 14:20:00;Strada Urbana;VIA COGOLETO;in corrispondenza;;del civico n.;103;;Veicolo in marcia contro veicolo in sosta;Rettilineo;Una carreggiata a doppio senso;Asciutto;Asfaltata;Verticale ed orizzontale;Sereno;Scarso;Buona;;0;0;0;1;12.4232;41.9278;-1;2;Autovettura privata;Sosta;;;;;;;
5390128;1;26/04/2021 19:00:00;Strada Urbana;VIA GARIBALDI;all'intersezione con;PASSEGGIATA DEL GIANICOLO;PASSEGGIATA DEL GIANICOLO;;;Veicolo in marcia contro ostacolo accidentale;Incrocio;Una carreggiata a senso unico di marcia;Asciutto;Asfaltata;Verticale ed orizzontale;Sereno;Scarso;Buona;;1;0;0;0;12.4636;41.8889;-1;1;Motociclo a solo;In marcia / fermata / arresto;Conducente;F;Rimandato;0;NON DECEDUTO;Non accertato;
5390134;19;28/04/2021 19:30:00;Strada Urbana;VIA UGO DE CAROLIS;in prossimità;;del civico n.;137;;Veicolo in marcia contro veicolo arresto;Rettilineo;Una carreggiata a doppio senso;Asciutto;Asfaltata;Orizzontale;Sereno;Normale;Buona;;0;0;0;2;12.4383;41.9194;-1;1;Autovettura privata;In marcia / fermata / arresto;Conducente;M;Illeso;0;;Non accertato;
5390134;19;28/04/2021 19:30:00;Strada Urbana;VIA UGO DE CAROLIS;in prossimità;;del civico n.;137;;Veicolo in marcia contro veicolo arresto;Rettilineo;Una carreggiata a doppio senso;Asciutto;Asfaltata;Orizzontale;Sereno;Normale;Buona;;0;0;0;2;12.4383;41.9194;-1;2;Autovettura privata;In marcia / fermata / arresto;Conducente;F;Illeso;0;;Non accertato;
5390152;9;28/04/2021 12:30:00;Strada Urbana;PIAZZALE LABICANO;in prossimità;;del palo luce n.;6;;Scontro laterale fra veicoli in marcia;Rettilineo;Due carreggiate;Asciutto;Asfaltata;Verticale ed orizzontale;Nuvoloso;Normale;Buona;;0;0;0;4;12.5156;41.8912;-1;1;Autovettura privata;In marcia / fermata / arresto;Conducente;M;Illeso;0;;Non accertato;Inesploso
5390152;9;28/04/2021 12:30:00;Strada Urbana;PIAZZALE LABICANO;in prossimità;;del palo luce n.;6;;Scontro laterale fra veicoli in marcia;Rettilineo;Due carreggiate;Asciutto;Asfaltata;Verticale ed orizzontale;Nuvoloso;Normale;Buona;;0;0;0;4;12.5156;41.8912;-1;1;Autovettura privata;In marcia / fermata / arresto;Passeggero;M;Illeso;0;;Non accertato;Inesploso
5390152;9;28/04/2021 12:30:00;Strada Urbana;PIAZZALE LABICANO;in prossimità;;del palo luce n.;6;;Scontro laterale fra veicoli in marcia;Rettilineo;Due carreggiate;Asciutto;Asfaltata;Verticale ed orizzontale;Nuvoloso;Normale;Buona;;0;0;0;4;12.5156;41.8912;-1;1;Autovettura privata;In marcia / fermata / arresto;Passeggero;M;Illeso;0;;Non accertato;Inesploso
5390152;9;28/04/2021 12:30:00;Strada Urbana;PIAZZALE LABICANO;in prossimità;;del palo luce n.;6;;Scontro laterale fra veicoli in marcia;Rettilineo;Due carreggiate;Asciutto;Asfaltata;Verticale ed orizzontale;Nuvoloso;Normale;Buona;;0;0;0;4;12.5156;41.8912;-1;2;Autovettura privata;In marcia / fermata / arresto;Conducente;M;Illeso;0;;Non accertato;Inesploso
5390171;20;28/04/2021 12:35:00;Strada Urbana;VIALE DI TOR DI QUINTO;da specificare;;;;civico 63 - corsia laterale direzione centro città;Tamponamento Multiplo;Rettilineo;Più di due carreggiate;Bagnato (umidità in atto);Asfaltata;Verticale ed orizzontale;Nuvoloso;Normale;Buona;;0;0;0;3;12.4787;41.9387;-1;1;Autovettura privata;In marcia / fermata / arresto;Conducente;M;Illeso;0;;Non accertato;Inesploso
5390171;20;28/04/2021 12:35:00;Strada Urbana;VIALE DI TOR DI QUINTO;da specificare;;;;civico 63 - corsia laterale direzione centro città;Tamponamento Multiplo;Rettilineo;Più di due carreggiate;Bagnato (umidità in atto);Asfaltata;Verticale ed orizzontale;Nuvoloso;Normale;Buona;;0;0;0;3;12.4787;41.9387;-1;2;Autovettura privata;In marcia / fermata / arresto;Conducente;M;Illeso;0;;Non accertato;Inesploso
5390171;20;28/04/2021 12:35:00;Strada Urbana;VIALE DI TOR DI QUINTO;da specificare;;;;civico 63 - corsia laterale direzione centro città;Tamponamento Multiplo;Rettilineo;Più di due carreggiate;Bagnato (umidità in atto);Asfaltata;Verticale ed orizzontale;Nuvoloso;Normale;Buona;;0;0;0;3;12.4787;41.9387;-1;3;Autovettura privata;In marcia / fermata / arresto;Conducente;M;Illeso;0;;Non accertato;Inesploso
5390175;8;28/04/2021 11:00:00;Strada Urbana;VIA CASILINA;all'intersezione con;VIA BURGIO;VIA BURGIO;;;Scontro frontale/laterale SX fra veicoli in marcia;Incrocio;Una carreggiata a doppio senso;Asciutto;Asfaltata;Verticale ed orizzontale;Nuvoloso;Intenso;Buona;;0;0;0;2;12.6212;41.8626;-1;1;Autovettura privata;In marcia / fermata / arresto;Conducente;M;Illeso;0;;;
5390175;8;28/04/2021 11:00:00;Strada Urbana;VIA CASILINA;all'intersezione con;VIA BURGIO;VIA BURGIO;;;Scontro frontale/laterale SX fra veicoli in marcia;Incrocio;Una carreggiata a doppio senso;Asciutto;Asfaltata;Verticale ed orizzontale;Nuvoloso;Intenso;Buona;;0;0;0;2;12.6212;41.8626;-1;2;Autovettura privata;In marcia / fermata / arresto;Conducente;M;Illeso;0;;;
5390177;19;28/04/2021 17:15:00;Strada Urbana;VIA DI BOCCEA;in corrispondenza;;del civico n.;895;;Scontro laterale fra veicoli in marcia;Rettilineo;Una carreggiata a doppio senso;Asciutto;Asfaltata;Verticale ed orizzontale;Sereno;Normale;Buona;;0;0;0;2;12.3537;41.9282;-1;1;Autovettura privata;In marcia / fermata / arresto;Conducente;M;Illeso;0;;Non accertato;Inesploso
5390177;19;28/04/2021 17:15:00;Strada Urbana;VIA DI BOCCEA;in corrispondenza;;del civico n.;895;;Scontro laterale fra veicoli in marcia;Rettilineo;Una carreggiata a doppio senso;Asciutto;Asfaltata;Verticale ed orizzontale;Sereno;Normale;Buona;;0;0;0;2;12.3537;41.9282;-1;2;Motociclo a solo;In marcia / fermata / arresto;Conducente;M;Illeso;0;;Non accertato;
5390178;8;28/04/2021 11:58:00;Strada Urbana;VIA DI TORRENOVA;in prossimità;;del civico n.;351;;Scontro laterale fra veicoli in marcia;Rotatoria;Una carreggiata a doppio senso;Asciutto;Asfaltata;Verticale;Sereno;Normale;Buona;;0;0;0;5;12.618;41.8832;-1;1;Autovettura privata;In marcia / fermata / arresto;Conducente;F;Illeso;0;;;
5390178;8;28/04/2021 11:58:00;Strada Urbana;VIA DI TORRENOVA;in prossimità;;del civico n.;351;;Scontro laterale fra veicoli in marcia;Rotatoria;Una carreggiata a doppio senso;Asciutto;Asfaltata;Verticale;Sereno;Normale;Buona;;0;0;0;5;12.618;41.8832;-1;1;Autovettura privata;In marcia / fermata / arresto;Passeggero;M;Illeso;0;;;
5390178;8;28/04/2021 11:58:00;Strada Urbana;VIA DI TORRENOVA;in prossimità;;del civico n.;351;;Scontro laterale fra veicoli in marcia;Rotatoria;Una carreggiata a doppio senso;Asciutto;Asfaltata;Verticale;Sereno;Normale;Buona;;0;0;0;5;12.618;41.8832;-1;2;Autovettura privata;In marcia / fermata / arresto;Conducente;M;Illeso;0;;;
5390178;8;28/04/2021 11:58:00;Strada Urbana;VIA DI TORRENOVA;in prossimità;;del civico n.;351;;Scontro laterale fra veicoli in marcia;Rotatoria;Una carreggiata a doppio senso;Asciutto;Asfaltata;Verticale;Sereno;Normale;Buona;;0;0;0;5;12.618;41.8832;-1;2;Autovettura privata;In marcia / fermata / arresto;Passeggero;F;Illeso;0;;;
5390178;8;28/04/2021 11:58:00;Strada Urbana;VIA DI TORRENOVA;in prossimità;;del civico n.;351;;Scontro laterale fra veicoli in marcia;Rotatoria;Una carreggiata a doppio senso;Asciutto;Asfaltata;Verticale;Sereno;Normale;Buona;;0;0;0;5;12.618;41.8832;-1;2;Autovettura privata;In marcia / fermata / arresto;Passeggero;M;Illeso;0;;;
5390180;8;28/04/2021 12:05:00;Strada Urbana;VIA DEL FOSSO DELL'OSA;all'intersezione con;VIA TORRICELLA SICURA;VIA TORRICELLA SICURA;;;Scontro frontale/laterale SX fra veicoli in marcia;Intersezione stradale segnalata;Una carreggiata a doppio senso;Asciutto;Asfaltata;Verticale ed orizzontale;Sereno;Scarso;Buona;;0;0;0;3;12.6902;41.8949;-1;1;Autobus urbano;In marcia / fermata / arresto;Conducente;M;Illeso;0;;Non accertato;Inesploso
5390180;8;28/04/2021 12:05:00;Strada Urbana;VIA DEL FOSSO DELL'OSA;all'intersezione con;VIA TORRICELLA SICURA;VIA TORRICELLA SICURA;;;Scontro frontale/laterale SX fra veicoli in marcia;Intersezione stradale segnalata;Una carreggiata a doppio senso;Asciutto;Asfaltata;Verticale ed orizzontale;Sereno;Scarso;Buona;;0;0;0;3;12.6902;41.8949;-1;2;Autovettura privata;In marcia / fermata / arresto;Conducente;M;Illeso;0;;Non accertato;Inesploso
5390180;8;28/04/2021 12:05:00;Strada Urbana;VIA DEL FOSSO DELL'OSA;all'intersezione con;VIA TORRICELLA SICURA;VIA TORRICELLA SICURA;;;Scontro frontale/laterale SX fra veicoli in marcia;Intersezione stradale segnalata;Una carreggiata a doppio senso;Asciutto;Asfaltata;Verticale ed orizzontale;Sereno;Scarso;Buona;;0;0;0;3;12.6902;41.8949;-1;2;Autovettura privata;In marcia / fermata / arresto;Passeggero;F;Illeso;0;;Non accertato;Inesploso
5390183;8;28/04/2021 13:40:00;Strada Urbana;VIA CASILINA;all'intersezione semaforizzata con;VIA DI VERMICINO;VIA DI VERMICINO;;;Scontro frontale/laterale DX fra veicoli in marcia;Intersezione semaforizzata;Una carreggiata a doppio senso;Asciutto;Asfaltata;Verticale ed orizzontale;Nuvoloso;Normale;Buona;;0;0;0;3;12.6705;41.8642;-1;1;Autovettura privata;In marcia / fermata / arresto;Conducente;F;Illeso;0;;Non accertato;Inesploso
5390183;8;28/04/2021 13:40:00;Strada Urbana;VIA CASILINA;all'intersezione semaforizzata con;VIA DI VERMICINO;VIA DI VERMICINO;;;Scontro frontale/laterale DX fra veicoli in marcia;Intersezione semaforizzata;Una carreggiata a doppio senso;Asciutto;Asfaltata;Verticale ed orizzontale;Nuvoloso;Normale;Buona;;0;0;0;3;12.6705;41.8642;-1;1;Autovettura privata;In marcia / fermata / arresto;Passeggero;M;Illeso;0;;Non accertato;Inesploso
5390183;8;28/04/2021 13:40:00;Strada Urbana;VIA CASILINA;all'intersezione semaforizzata con;VIA DI VERMICINO;VIA DI VERMICINO;;;Scontro frontale/laterale DX fra veicoli in marcia;Intersezione semaforizzata;Una carreggiata a doppio senso;Asciutto;Asfaltata;Verticale ed orizzontale;Nuvoloso;Normale;Buona;;0;0;0;3;12.6705;41.8642;-1;2;Autovettura privata;In marcia / fermata / arresto;Conducente;M;Illeso;0;;Non accertato;Inesploso
5390197;7;28/04/2021 19:40:00;Strada Urbana;VIALE PALMIRO TOGLIATTI;all'intersezione con;VIA DELLE ABELIE;VIA DELLE ABELIE;;;Veicolo in marcia contro ostacolo accidentale;Incrocio;Due carreggiate;Asciutto;Asfaltata;Assente;Sereno;Intenso;Sufficiente;;0;0;0;2;12.5733;41.8872;-1;1;Autovettura privata;In marcia / fermata / arresto;Conducente;M;Illeso;0;;;
5390197;7;28/04/2021 19:40:00;Strada Urbana;VIALE PALMIRO TOGLIATTI;all'intersezione con;VIA DELLE ABELIE;VIA DELLE ABELIE;;;Veicolo in marcia contro ostacolo accidentale;Incrocio;Due carreggiate;Asciutto;Asfaltata;Assente;Sereno;Intenso;Sufficiente;;0;0;0;2;12.5733;41.8872;-1;2;Trattore stradale;In marcia / fermata / arresto;Conducente;M;Illeso;0;;;
5390203;19;28/04/2021 08:55:00;Strada Urbana;VIA UGO DE CAROLIS;in prossimità;;del civico n.;16/A;;Scontro laterale fra veicoli in marcia;Rettilineo;Una carreggiata a doppio senso;Bagnato (pioggia);Asfaltata;Verticale ed orizzontale;Pioggia in atto;Normale;Buona;;1;0;0;2;12.4411;41.9137;-1;1;Autocarro inferiore 35 q.;In marcia / fermata / arresto;Conducente;M;Illeso;0;;Non accertato;Inesploso
5390203;19;28/04/2021 08:55:00;Strada Urbana;VIA UGO DE CAROLIS;in prossimità;;del civico n.;16/A;;Scontro laterale fra veicoli in marcia;Rettilineo;Una carreggiata a doppio senso;Bagnato (pioggia);Asfaltata;Verticale ed orizzontale;Pioggia in atto;Normale;Buona;;1;0;0;2;12.4411;41.9137;-1;2;Motociclo con passeggero;In marcia / fermata / arresto;Conducente;M;Illeso;0;;Non accertato;
5390203;19;28/04/2021 08:55:00;Strada Urbana;VIA UGO DE CAROLIS;in prossimità;;del civico n.;16/A;;Scontro laterale fra veicoli in marcia;Rettilineo;Una carreggiata a doppio senso;Bagnato (pioggia);Asfaltata;Verticale ed orizzontale;Pioggia in atto;Normale;Buona;;1;0;0;2;12.4411;41.9137;-1;2;Motociclo con passeggero;In marcia / fermata / arresto;Passeggero;F;Rifiuta cure immediate;0;NON DECEDUTO;Non accertato;
5390206;4;28/04/2021 10:20:00;Strada Urbana;VIA NOMENTANA;in prossimità;;del civico n.;550;;Scontro laterale fra veicoli in marcia;Rettilineo;Una carreggiata a doppio senso;Bagnato (umidità in atto);Asfaltata;Verticale ed orizzontale;Nuvoloso;Normale;Buona;;0;0;0;3;12.5391;41.9365;-1;1;Motociclo a solo;In marcia / fermata / arresto;Conducente;M;Illeso;0;;Non accertato;
5390206;4;28/04/2021 10:20:00;Strada Urbana;VIA NOMENTANA;in prossimità;;del civico n.;550;;Scontro laterale fra veicoli in marcia;Rettilineo;Una carreggiata a doppio senso;Bagnato (umidità in atto);Asfaltata;Verticale ed orizzontale;Nuvoloso;Normale;Buona;;0;0;0;3;12.5391;41.9365;-1;2;Autovettura privata;In marcia / fermata / arresto;Conducente;F;Illeso;0;;Non accertato;Inesploso
5390206;4;28/04/2021 10:20:00;Strada Urbana;VIA NOMENTANA;in prossimità;;del civico n.;550;;Scontro laterale fra veicoli in marcia;Rettilineo;Una carreggiata a doppio senso;Bagnato (umidità in atto);Asfaltata;Verticale ed orizzontale;Nuvoloso;Normale;Buona;;0;0;0;3;12.5391;41.9365;-1;2;Autovettura privata;In marcia / fermata / arresto;Passeggero;M;Illeso;0;;Non accertato;Inesploso
5390207;17;28/04/2021 15:40:00;Strada Urbana;PIAZZA DEL RISORGIMENTO;da specificare;;;;fronte viale bastioni di Michelangelo;Scontro laterale fra veicoli in marcia;Rettilineo;Una carreggiata a senso unico di marcia;Asciutto;Asfaltata;Verticale ed orizzontale;Sereno;Normale;Buona;;0;0;0;2;12.4565;41.9062;-1;1;Autovettura privata;In marcia / fermata / arresto;Conducente;M;Illeso;0;;Non accertato;
5390207;17;28/04/2021 15:40:00;Strada Urbana;PIAZZA DEL RISORGIMENTO;da specificare;;;;fronte viale bastioni di Michelangelo;Scontro laterale fra veicoli in marcia;Rettilineo;Una carreggiata a senso unico di marcia;Asciutto;Asfaltata;Verticale ed orizzontale;Sereno;Normale;Buona;;0;0;0;2;12.4565;41.9062;-1;1;Autovettura privata;In marcia / fermata / arresto;Passeggero;F;Illeso;0;;;
5390207;17;28/04/2021 15:40:00;Strada Urbana;PIAZZA DEL RISORGIMENTO;da specificare;;;;fronte viale bastioni di Michelangelo;Scontro laterale fra veicoli in marcia;Rettilineo;Una carreggiata a senso unico di marcia;Asciutto;Asfaltata;Verticale ed orizzontale;Sereno;Normale;Buona;;0;0;0;2;12.4565;41.9062;-1;2;Autovettura privata;In marcia / fermata / arresto;;;;;;;