Protocollo;Gruppo;DataOraIncidente;Localizzazione1;STRADA1;Localizzazione2;STRADA2;Strada02;Chilometrica;DaSpecificare;NaturaIncidente;particolaritastrade;TipoStrada;FondoStradale;Pavimentazione;Segnaletica;CondizioneAtmosferica;Traffico;Visibilita;Illuminazione;NUM_FERITI;NUM_RISERVATA;NUM_MORTI;NUM_ILLESI;Longitude;Latitude;Confermato;Progressivo;TipoVeicolo;StatoVeicolo;TipoPersona;Sesso;Tipolesione;Deceduto;DecedutoDopo;CinturaCascoUtilizzato;Airbag;
5390684;18;29/04/2021 12:00:00;Strada Urbana;VIA DI TORREVECCHIA;all'intersezione semaforizzata con;VIA FRANCESCO GIOVANNI COMMENDONE;VIA FRANCESCO GIOVANNI COMMENDONE;;;Scontro frontale/laterale SX fra veicoli in marcia;Intersezione semaforizzata;Due carreggiate;Bagnato (pioggia);Asfaltata;Verticale ed orizzontale;Pioggia in atto;Normale;Buona;;0;0;0;2;12.4123;41.9234;-1;1;Autocarro inferiore 35 q.;In marcia / fermata / arresto;Conducente;M;Illeso;0;;Non accertato;Inesploso
5390684;18;29/04/2021 12:00:00;Strada Urbana;VIA DI TORREVECCHIA;all'intersezione semaforizzata con;VIA FRANCESCO GIOVANNI COMMENDONE;VIA FRANCESCO GIOVANNI COMMENDONE;;;Scontro frontale/laterale SX fra veicoli in marcia;Intersezione semaforizzata;Due carreggiate;Bagnato (pioggia);Asfaltata;Verticale ed orizzontale;Pioggia in atto;Normale;Buona;;0;0;0;2;12.4123;41.9234;-1;2;Autovettura privata;In marcia / fermata / arresto;Conducente;M;Illeso;0;;Non accertato;Inesploso
5390698;15;29/04/2021 08:25:00;Strada Urbana;VIA DELLA MAGLIANA;da specificare;;;;fronte civico 313;Tamponamento;Rotatoria;Una carreggiata a senso unico di marcia;Asciutto;Asfaltata;Verticale ed orizzontale;Nuvoloso;Normale;Buona;;0;0;0;3;12.4196;41.8317;-1;1;Autovettura privata;In marcia / fermata / arresto;Conducente;F;Illeso;0;;Non accertato;Inesploso
5390698;15;29/04/2021 08:25:00;Strada Urbana;VIA DELLA MAGLIANA;da specificare;;;;fronte civico 313;Tamponamento;Rotatoria;Una carreggiata a senso unico di marcia;Asciutto;Asfaltata;Verticale ed orizzontale;Nuvoloso;Normale;Buona;;0;0;0;3;12.4196;41.8317;-1;1;Autovettura privata;In marcia / fermata / arresto;Passeggero;M;Illeso;0;;Non accertato;Inesploso
5390698;15;29/04/2021 08:25:00;Strada Urbana;VIA DELLA MAGLIANA;da specificare;;;;fronte civico 313;Tamponamento;Rotatoria;Una carreggiata a senso unico di marcia;Asciutto;Asfaltata;Verticale ed orizzontale;Nuvoloso;Normale;Buona;;0;0;0;3;12.4196;41.8317;-1;2;Autocarro inferiore 35 q.;In marcia / fermata / arresto;Conducente;M;Illeso;0;;Non accertato;
5390899;1;29/04/2021 11:05:00;Strada Urbana;VIA DI S. GREGORIO;in prossimità;;del palo luce n.;32;;Infortunio per caduta del veicolo;Rettilineo;Due carreggiate;Bagnato (pioggia);In cubetti di porfido;Verticale ed orizzontale;Pioggia in atto;Normale;Buona;;2;0;0;0;12.4899;41.8866;-1;1;Motociclo con passeggero;In marcia / fermata / arresto;Conducente;M;Rimandato;0;NON DECEDUTO;;
5390899;1;29/04/2021 11:05:00;Strada Urbana;VIA DI S. GREGORIO;in prossimità;;del palo luce n.;32;;Infortunio per caduta del veicolo;Rettilineo;Due carreggiate;Bagnato (pioggia);In cubetti di porfido;Verticale ed orizzontale;Pioggia in atto;Normale;Buona;;2;0;0;0;12.4899;41.8866;-1;1;Motociclo con passeggero;In marcia / fermata / arresto;Passeggero;F;Rimandato;0;NON DECEDUTO;;
5390932;12;28/04/2021 15:30:00;Strada Urbana;VIALE GIANLUIGI BONELLI;da specificare;;;;fronte civico 86;Investimento di pedone;Rettilineo;Due carreggiate;Asciutto;Asfaltata;Verticale ed orizzontale;Sereno;Normale;Buona;;1;0;0;1;12.4245;41.7966;-1;;;;Pedone;M;Ricoverato;0;NON DECEDUTO;;
5390932;12;28/04/2021 15:30:00;Strada Urbana;VIALE GIANLUIGI BONELLI;da specificare;;;;fronte civico 86;Investimento di pedone;Rettilineo;Due carreggiate;Asciutto;Asfaltata;Verticale ed orizzontale;Sereno;Normale;Buona;;1;0;0;1;12.4245;41.7966;-1;1;Autovettura privata;In marcia / fermata / arresto;Conducente;F;Illeso;0;;Utilizzato;Inesploso
5390939;1;29/04/2021 09:50:00;Strada Urbana;VIA CLAUDIA;in prossimità;;del palo luce n.;6;;Tamponamento;Rettilineo;Una carreggiata a doppio senso;Asciutto;Asfaltata;Verticale ed orizzontale;Nuvoloso;Normale;Buona;;0;0;0;2;12.4943;41.8878;-1;1;Autovettura pubblica;In marcia / fermata / arresto;Conducente;M;Illeso;0;;Non accertato;Inesploso
5390939;1;29/04/2021 09:50:00;Strada Urbana;VIA CLAUDIA;in prossimità;;del palo luce n.;6;;Tamponamento;Rettilineo;Una carreggiata a doppio senso;Asciutto;Asfaltata;Verticale ed orizzontale;Nuvoloso;Normale;Buona;;0;0;0;2;12.4943;41.8878;-1;2;Autovettura privata;In marcia / fermata / arresto;Conducente;F;Illeso;0;;Non accertato;Inesploso
5390939;1;29/04/2021 09:50:00;Strada Urbana;VIA CLAUDIA;in prossimità;;del palo luce n.;6;;Tamponamento;Rettilineo;Una carreggiata a doppio senso;Asciutto;Asfaltata;Verticale ed orizzontale;Nuvoloso;Normale;Buona;;0;0;0;2;12.4943;41.8878;-1;3;Autovettura privata;Sosta;;;;;;;
5390953;18;28/04/2021 19:40:00;Strada Urbana;VIA GIACOMO FOLCHI;in prossimità;;del civico n.;26;;Scontro laterale fra veicoli in marcia;Pendenza;Una carreggiata a doppio senso;Asciutto;Asfaltata;Orizzontale;Sereno;Scarso;Buona;;1;0;0;1;12.4527;41.868;-1;1;Autovettura privata;In marcia / fermata / arresto;Conducente;M;Illeso;0;;Non accertato;Inesploso
5390953;18;28/04/2021 19:40:00;Strada Urbana;VIA GIACOMO FOLCHI;in prossimità;;del civico n.;26;;Scontro laterale fra veicoli in marcia;Pendenza;Una carreggiata a doppio senso;Asciutto;Asfaltata;Orizzontale;Sereno;Scarso;Buona;;1;0;0;1;12.4527;41.868;-1;2;Ciclomotore;In marcia / fermata / arresto;Conducente;M;Rimandato;0;NON DECEDUTO;Utilizzato;
5391002;9;29/04/2021 06:45:00;Strada Urbana;VIA TERNI;all'intersezione con;VIA VOLTERRA;VIA VOLTERRA;;;Scontro frontale/laterale SX fra veicoli in marcia;Intersezione stradale segnalata;Una carreggiata a doppio senso;Asciutto;Asfaltata;Verticale ed orizzontale;Nuvoloso;Normale;Buona;;1;0;0;1;12.5201;41.8851;-1;1;Autovettura privata;In marcia / fermata / arresto;Conducente;M;Illeso;0;;Non accertato;Inesploso
5391002;9;29/04/2021 06:45:00;Strada Urbana;VIA TERNI;all'intersezione con;VIA VOLTERRA;VIA VOLTERRA;;;Scontro frontale/laterale SX fra veicoli in marcia;Intersezione stradale segnalata;Una carreggiata a doppio senso;Asciutto;Asfaltata;Verticale ed orizzontale;Nuvoloso;Normale;Buona;;1;0;0;1;12.5201;41.8851;-1;2;Autovettura privata;In marcia / fermata / arresto;Conducente;F;Rimandato;0;NON DECEDUTO;Non accertato;Inesploso
5391006;9;29/04/2021 11:35:00;Strada Urbana;PIAZZA DI VILLA FIORELLI;all'intersezione semaforizzata con;VIA CASTROVILLARI;VIA CASTROVILLARI;;;Scontro frontale/laterale DX fra veicoli in marcia;Incrocio;Una carreggiata a doppio senso;Bagnato (pioggia);Asfaltata;Verticale ed orizzontale;Pioggia in atto;Normale;Buona;;0;0;0;2;12.5221;41.885;-1;1;Autovettura privata;In marcia / fermata / arresto;Conducente;F;Illeso;0;;Non accertato;Inesploso
5391006;9;29/04/2021 11:35:00;Strada Urbana;PIAZZA DI VILLA FIORELLI;all'intersezione semaforizzata con;VIA CASTROVILLARI;VIA CASTROVILLARI;;;Scontro frontale/laterale DX fra veicoli in marcia;Incrocio;Una carreggiata a doppio senso;Bagnato (pioggia);Asfaltata;Verticale ed orizzontale;Pioggia in atto;Normale;Buona;;0;0;0;2;12.5221;41.885;-1;2;Autovettura privata;In marcia / fermata / arresto;Conducente;M;Illeso;0;;Non accertato;Inesploso
5391010;9;29/04/2021 13:00:00;Strada Urbana;VIA ACQUI;all'intersezione con;VIA IVREA;VIA IVREA;;;Scontro laterale fra veicoli in marcia;Incrocio;Una carreggiata a doppio senso;Bagnato (pioggia);Asfaltata;Verticale ed orizzontale;Nuvoloso;Normale;Buona;;0;0;0;2;12.5164;41.8768;-1;1;Autovettura privata;In marcia / fermata / arresto;Conducente;F;Illeso;0;;Non accertato;Inesploso
5391010;9;29/04/2021 13:00:00;Strada Urbana;VIA ACQUI;all'intersezione con;VIA IVREA;VIA IVREA;;;Scontro laterale fra veicoli in marcia;Incrocio;Una carreggiata a doppio senso;Bagnato (pioggia);Asfaltata;Verticale ed orizzontale;Nuvoloso;Normale;Buona;;0;0;0;2;12.5164;41.8768;-1;2;Autovettura privata;In marcia / fermata / arresto;Conducente;M;Illeso;0;;Non accertato;Inesploso
5391113;20;29/04/2021 15:00:00;Strada Urbana;VIA MASTRO GABRIELLO;in prossimità;;del civico n.;13;;Scontro laterale fra veicoli in marcia;Rettilineo;Una carreggiata a doppio senso;Bagnato (umidità in atto);Asfaltata;Orizzontale;Nuvoloso;Normale;Buona;;0;0;0;2;12.4855;41.9939;-1;1;Autovettura privata;In marcia / fermata / arresto;Conducente;M;Illeso;0;;Non accertato;Inesploso
5391113;20;29/04/2021 15:00:00;Strada Urbana;VIA MASTRO GABRIELLO;in prossimità;;del civico n.;13;;Scontro laterale fra veicoli in marcia;Rettilineo;Una carreggiata a doppio senso;Bagnato (umidità in atto);Asfaltata;Orizzontale;Nuvoloso;Normale;Buona;;0;0;0;2;12.4855;41.9939;-1;2;Autovettura privata;In marcia / fermata / arresto;Conducente;M;Illeso;0;;Non accertato;Inesploso
5391166;1;29/04/2021 13:10:00;Strada Urbana;VICOLO DEL QUARTIERE;in corrispondenza;;del civico n.;7/a;;Veicolo in marcia contro veicolo in sosta;Rettilineo;Una carreggiata a senso unico di marcia;Bagnato (pioggia);In cubetti di porfido;Verticale;Pioggia in atto;Scarso;Buona;;0;0;0;1;12.4696;41.892;-1;1;Motociclo a solo;Sosta;;;;;;;
5391166;1;29/04/2021 13:10:00;Strada Urbana;VICOLO DEL QUARTIERE;in corrispondenza;;del civico n.;7/a;;Veicolo in marcia contro veicolo in sosta;Rettilineo;Una carreggiata a senso unico di marcia;Bagnato (pioggia);In cubetti di porfido;Verticale;Pioggia in atto;Scarso;Buona;;0;0;0;1;12.4696;41.892;-1;2;Autovettura privata;In marcia / fermata / arresto;Conducente;M;Illeso;0;;;
5391245;1;29/04/2021 13:20:00;Strada Urbana;VIA DEL TEATRO DI MARCELLO;in prossimità;;del palo luce n.;7;;Tamponamento;Rettilineo;Una carreggiata a senso unico di marcia;Bagnato (pioggia);In cubetti di porfido;Verticale ed orizzontale;Pioggia in atto;Normale;Buona;;1;0;0;1;12.4811;41.893;-1;1;Motociclo a solo;In marcia / fermata / arresto;Conducente;M;Rifiuta cure immediate;0;NON DECEDUTO;;
5391245;1;29/04/2021 13:20:00;Strada Urbana;VIA DEL TEATRO DI MARCELLO;in prossimità;;del palo luce n.;7;;Tamponamento;Rettilineo;Una carreggiata a senso unico di marcia;Bagnato (pioggia);In cubetti di porfido;Verticale ed orizzontale;Pioggia in atto;Normale;Buona;;1;0;0;1;12.4811;41.893;-1;2;Autovettura privata;In marcia / fermata / arresto;Conducente;M;Illeso;0;;;
5391275;18;29/04/2021 00:30:00;Strada Urbana;VIA AURELIA;da specificare;;;;FRONTE CIVICO 668;Veicolo in marcia contro veicolo in sosta;Rettilineo;Due carreggiate;Asciutto;Asfaltata;Verticale ed orizzontale;Sereno;Scarso;Sufficiente;;0;0;0;1;12.416;41.8943;-1;1;Autovettura privata;In marcia / fermata / arresto;Conducente;M;Illeso;0;;;
5391275;18;29/04/2021 00:30:00;Strada Urbana;VIA AURELIA;da specificare;;;;FRONTE CIVICO 668;Veicolo in marcia contro veicolo in sosta;Rettilineo;Due carreggiate;Asciutto;Asfaltata;Verticale ed orizzontale;Sereno;Scarso;Sufficiente;;0;0;0;1;12.416;41.8943;-1;2;Autovettura privata;Sosta;;;;;;;
5391354;6;29/04/2021 13:10:00;Strada Urbana;VIALE DELLA PRIMAVERA;da specificare;;;;altezza via CASILINA;Tamponamento;Rettilineo;Due carreggiate;Asciutto;Asfaltata;Verticale ed orizzontale;Sereno;Normale;Buona;;0;0;0;1;12.5576;41.876;-1;1;Autovettura privata;In marcia / fermata / arresto;;;;;;;
5391354;6;29/04/2021 13:10:00;Strada Urbana;VIALE DELLA PRIMAVERA;da specificare;;;;altezza via CASILINA;Tamponamento;Rettilineo;Due carreggiate;Asciutto;Asfaltata;Verticale ed orizzontale;Sereno;Normale;Buona;;0;0;0;1;12.5576;41.876;-1;2;Autovettura privata;In marcia / fermata / arresto;Conducente;F;Illeso;0;;Non accertato;Inesploso
5391371;6;29/04/2021 13:20:00;Strada Urbana;VIA PRENESTINA;in corrispondenza;;del civico n.;230;;Tamponamento Multiplo;Rettilineo;Due carreggiate;Bagnato (pioggia);Asfaltata;Verticale ed orizzontale;Nuvoloso;Normale;Buona;;0;0;0;3;12.5306;41.8918;-1;1;Autovettura privata;In marcia / fermata / arresto;Conducente;M;Illeso;0;;;
5391371;6;29/04/2021 13:20:00;Strada Urbana;VIA PRENESTINA;in corrispondenza;;del civico n.;230;;Tamponamento Multiplo;Rettilineo;Due carreggiate;Bagnato (pioggia);Asfaltata;Verticale ed orizzontale;Nuvoloso;Normale;Buona;;0;0;0;3;12.5306;41.8918;-1;2;Autovettura privata;In marcia / fermata / arresto;Conducente;F;Illeso;0;;Non accertato;Inesploso
5391371;6;29/04/2021 13:20:00;Strada Urbana;VIA PRENESTINA;in corrispondenza;;del civico n.;230;;Tamponamento Multiplo;Rettilineo;Due carreggiate;Bagnato (pioggia);Asfaltata;Verticale ed orizzontale;Nuvoloso;Normale;Buona;;0;0;0;3;12.5306;41.8918;-1;3;Autovettura privata;In marcia / fermata / arresto;Conducente;M;Illeso;0;;;
5391391;10;29/04/2021 13:20:00;Strada Urbana;VIA ULDERICO MAZZOLANI;da specificare;;;;altezza Via Ignazio Scimonelli;Veicolo in marcia contro ostacolo fisso;Rettilineo;Due carreggiate;Bagnato (pioggia);Asfaltata;Verticale ed orizzontale;Nuvoloso;Normale;Buona;;1;0;0;1;12.5927;41.8472;-1;1;Autovettura privata;In marcia / fermata / arresto;Conducente;M;Ricoverato;0;NON DECEDUTO;Utilizzato;Inesploso
5391391;10;29/04/2021 13:20:00;Strada Urbana;VIA ULDERICO MAZZOLANI;da specificare;;;;altezza Via Ignazio Scimonelli;Veicolo in marcia contro ostacolo fisso;Rettilineo;Due carreggiate;Bagnato (pioggia);Asfaltata;Verticale ed orizzontale;Nuvoloso;Normale;Buona;;1;0;0;1;12.5927;41.8472;-1;2;Autovettura privata;In marcia / fermata / arresto;Conducente;M;Illeso;0;;Non accertato;Inesploso
5391393;6;29/04/2021 14:35:00;Strada Urbana;VIA DI ACQUA BULLICANTE;all'intersezione con;VIA GIUSEPPE DALLA VEDOVA;VIA GIUSEPPE DALLA VEDOVA;;;Scontro frontale/laterale DX fra veicoli in marcia;Incrocio;Una carreggiata a doppio senso;Bagnato (pioggia);Asfaltata;Verticale ed orizzontale;Pioggia in atto;Normale;Buona;;0;0;0;2;12.5432;41.8864;-1;1;Autovettura privata;In marcia / fermata / arresto;Conducente;M;Illeso;0;;;
5391393;6;29/04/2021 14:35:00;Strada Urbana;VIA DI ACQUA BULLICANTE;all'intersezione con;VIA GIUSEPPE DALLA VEDOVA;VIA GIUSEPPE DALLA VEDOVA;;;Scontro frontale/laterale DX fra veicoli in marcia;Incrocio;Una carreggiata a doppio senso;Bagnato (pioggia);Asfaltata;Verticale ed orizzontale;Pioggia in atto;Normale;Buona;;0;0;0;2;12.5432;41.8864;-1;2;Autovettura privata;In marcia / fermata / arresto;Conducente;M;Illeso;0;;;
5391416;10;29/04/2021 16:09:00;Strada Urbana;VIA DEL CALICE;in corrispondenza;;del civico n.;6;;Scontro frontale/laterale DX fra veicoli in marcia;Rettilineo;Una carreggiata a doppio senso;Bagnato (pioggia);Asfaltata;Orizzontale;Pioggia in atto;Normale;Buona;;0;0;0;2;12.5655;41.8297;-1;1;Motociclo a solo;In marcia / fermata / arresto;Conducente;M;Illeso;0;;Utilizzato;
5391416;10;29/04/2021 16:09:00;Strada Urbana;VIA DEL CALICE;in corrispondenza;;del civico n.;6;;Scontro frontale/laterale DX fra veicoli in marcia;Rettilineo;Una carreggiata a doppio senso;Bagnato (pioggia);Asfaltata;Orizzontale;Pioggia in atto;Normale;Buona;;0;0;0;2;12.5655;41.8297;-1;2;Autovettura privata;In marcia / fermata / arresto;Conducente;M;Illeso;0;;Non accertato;Inesploso
5391418;18;29/04/2021 16:00:00;Strada Urbana;VIA AURELIA;in corrispondenza;;del civico n.;523;;Tamponamento;Rettilineo;Una carreggiata a doppio senso;Bagnato (umidità in atto);Asfaltata;Verticale ed orizzontale;Nuvoloso;Normale;Buona;;0;0;0;3;12.4222;41.8975;-1;1;Autovettura privata;Allontanatosi;Conducente;M;Illeso;0;;;
5391418;18;29/04/2021 16:00:00;Strada Urbana;VIA AURELIA;in corrispondenza;;del civico n.;523;;Tamponamento;Rettilineo;Una carreggiata a doppio senso;Bagnato (umidità in atto);Asfaltata;Verticale ed orizzontale;Nuvoloso;Normale;Buona;;0;0;0;3;12.4222;41.8975;-1;2;Autovettura privata;In marcia / fermata / arresto;Conducente;M;Illeso;0;;;
5391418;18;29/04/2021 16:00:00;Strada Urbana;VIA AURELIA;in corrispondenza;;del civico n.;523;;Tamponamento;Rettilineo;Una carreggiata a doppio senso;Bagnato (umidità in atto);Asfaltata;Verticale ed orizzontale;Nuvoloso;Normale;Buona;;0;0;0;3;12.4222;41.8975;-1;2;Autovettura privata;In marcia / fermata / arresto;Passeggero;M;Illeso;0;;;
5391428;17;29/04/2021 15:25:00;Strada Urbana;VIALE DELLO STADIO OLIMPICO;in prossimità;;del civico n.;16;;Scontro frontale/laterale SX fra veicoli in marcia;Rettilineo;Una carreggiata a senso unico di marcia;Asciutto;Asfaltata;Verticale;Nuvoloso;Normale;Buona;;1;0;0;3;12.4538;41.9301;-1;1;Autovettura privata;In marcia / fermata / arresto;Conducente;M;Illeso;0;;;
5391428;17;29/04/2021 15:25:00;Strada Urbana;VIALE DELLO STADIO OLIMPICO;in prossimità;;del civico n.;16;;Scontro frontale/laterale SX fra veicoli in marcia;Rettilineo;Una carreggiata a senso unico di marcia;Asciutto;Asfaltata;Verticale;Nuvoloso;Normale;Buona;;1;0;0;3;12.4538;41.9301;-1;1;Autovettura privata;In marcia / fermata / arresto;Passeggero;F;Illeso;0;;;
5391428;17;29/04/2021 15:25:00;Strada Urbana;VIALE DELLO STADIO OLIMPICO;in prossimità;;del civico n.;16;;Scontro frontale/laterale SX fra veicoli in marcia;Rettilineo;Una carreggiata a senso unico di marcia;Asciutto;Asfaltata;Verticale;Nuvoloso;Normale;Buona;;1;0;0;3;12.4538;41.9301;-1;1;Autovettura privata;In marcia / fermata / arresto;Passeggero;F;Illeso;0;;;
5391428;17;29/04/2021 15:25:00;Strada Urbana;VIALE DELLO STADIO OLIMPICO;in prossimità;;del civico n.;16;;Scontro frontale/laterale SX fra veicoli in marcia;Rettilineo;Una carreggiata a senso unico di marcia;Asciutto;Asfaltata;Verticale;Nuvoloso;Normale;Buona;;1;0;0;3;12.4538;41.9301;-1;2;Autovettura privata;In marcia / fermata / arresto;Conducente;F;Rimandato;0;NON DECEDUTO;;
5391448;16;28/04/2021 16:00:00;Strada Urbana;VIA LUIGI RONZONI;in prossimità;;del civico n.;35;;Scontro laterale fra veicoli in marcia;Rettilineo;Una carreggiata a senso unico di marcia;Asciutto;Asfaltata;Verticale ed orizzontale;Sereno;Normale;Buona;;0;0;0;3;12.447;41.8666;-1;1;Autovettura privata;In marcia / fermata / arresto;Conducente;F;Illeso;0;;Non accertato;Inesploso
5391448;16;28/04/2021 16:00:00;Strada Urbana;VIA LUIGI RONZONI;in prossimità;;del civico n.;35;;Scontro laterale fra veicoli in marcia;Rettilineo;Una carreggiata a senso unico di marcia;Asciutto;Asfaltata;Verticale ed orizzontale;Sereno;Normale;Buona;;0;0;0;3;12.447;41.8666;-1;1;Autovettura privata;In marcia / fermata / arresto;Passeggero;M;Illeso;0;;Non accertato;Inesploso
5391448;16;28/04/2021 16:00:00;Strada Urbana;VIA LUIGI RONZONI;in prossimità;;del civico n.;35;;Scontro laterale fra veicoli in marcia;Rettilineo;Una carreggiata a senso unico di marcia;Asciutto;Asfaltata;Verticale ed orizzontale;Sereno;Normale;Buona;;0;0;0;3;12.447;41.8666;-1;2;Autovettura privata;In marcia / fermata / arresto;Conducente;F;Illeso;0;;Non accertato;Inesploso
5391466;16;28/04/2021 17:00:00;Strada Urbana;VIALE ISACCO NEWTON;in prossimità;;del civico n.;100;;Tamponamento Multiplo;Rettilineo;Due carreggiate;Asciutto;Asfaltata;Verticale;Sereno;Normale;Buona;;0;0;0;4;12.4401;41.8571;-1;1;Autovettura privata;In marcia / fermata / arresto;Conducente;M;Illeso;0;;Non accertato;Inesploso
5391466;16;28/04/2021 17:00:00;Strada Urbana;VIALE ISACCO NEWTON;in prossimità;;del civico n.;100;;Tamponamento Multiplo;Rettilineo;Due carreggiate;Asciutto;Asfaltata;Verticale;Sereno;Normale;Buona;;0;0;0;4;12.4401;41.8571;-1;1;Autovettura privata;In marcia / fermata / arresto;Passeggero;F;Illeso;0;;Non accertato;Inesploso
5391466;16;28/04/2021 17:00:00;Strada Urbana;VIALE ISACCO NEWTON;in prossimità;;del civico n.;100;;Tamponamento Multiplo;Rettilineo;Due carreggiate;Asciutto;Asfaltata;Verticale;Sereno;Normale;Buona;;0;0;0;4;12.4401;41.8571;-1;2;Autocarro inferiore 35 q.;In marcia / fermata / arresto;Conducente;M;Illeso;0;;Non accertato;Inesploso
5391466;16;28/04/2021 17:00:00;Strada Urbana;VIALE ISACCO NEWTON;in prossimità;;del civico n.;100;;Tamponamento Multiplo;Rettilineo;Due carreggiate;Asciutto;Asfaltata;Verticale;Sereno;Normale;Buona;;0;0;0;4;12.4401;41.8571;-1;3;Autovettura privata;In marcia / fermata / arresto;Conducente;M;Illeso;0;;Non accertato;Inesploso
5391478;15;29/04/2021 15:00:00;Strada Urbana;VIA PORTUENSE;in corrispondenza;;del civico n.;547/D;;Tamponamento;Rettilineo;Due carreggiate;Bagnato (pioggia);Asfaltata;Verticale ed orizzontale;Pioggia in atto;Normale;Sufficiente;;1;0;0;2;12.4472;41.8571;-1;;;;Pedone;M;Rimandato;0;NON DECEDUTO;;
5391478;15;29/04/2021 15:00:00;Strada Urbana;VIA PORTUENSE;in corrispondenza;;del civico n.;547/D;;Tamponamento;Rettilineo;Due carreggiate;Bagnato (pioggia);Asfaltata;Verticale ed orizzontale;Pioggia in atto;Normale;Sufficiente;;1;0;0;2;12.4472;41.8571;-1;1;Quadriciclo leggero;In marcia / fermata / arresto;Conducente;F;Illeso;0;;Non accertato;Inesploso
5391478;15;29/04/2021 15:00:00;Strada Urbana;VIA PORTUENSE;in corrispondenza;;del civico n.;547/D;;Tamponamento;Rettilineo;Due carreggiate;Bagnato (pioggia);Asfaltata;Verticale ed orizzontale;Pioggia in atto;Normale;Sufficiente;;1;0;0;2;12.4472;41.8571;-1;2;Autovettura privata;In marcia / fermata / arresto;Conducente;F;Illeso;0;;Non accertato;Inesploso
5391498;16;28/04/2021 19:10:00;Strada Urbana;VIA DI VAL TELLINA;in corrispondenza;;del civico n.;124;;Investimento di pedone;Rettilineo;Una carreggiata a doppio senso;Asciutto;Asfaltata;Verticale ed orizzontale;Sereno;Normale;Sufficiente;;1;0;0;1;12.4466;41.8695;-1;;;;Pedone;F;Rimandato;0;NON DECEDUTO;;
5391498;16;28/04/2021 19:10:00;Strada Urbana;VIA DI VAL TELLINA;in corrispondenza;;del civico n.;124;;Investimento di pedone;Rettilineo;Una carreggiata a doppio senso;Asciutto;Asfaltata;Verticale ed orizzontale;Sereno;Normale;Sufficiente;;1;0;0;1;12.4466;41.8695;-1;1;Autovettura privata;In marcia / fermata / arresto;Conducente;M;Illeso;0;;Non accertato;Inesploso
5391505;16;29/04/2021 11:00:00;Strada Urbana;VIA LORENZO VIDASCHI;in corrispondenza;;del civico n.;7;;Veicolo in marcia contro veicolo in sosta;Rettilineo;Una carreggiata a senso unico di marcia;Bagnato (pioggia);Asfaltata;Assente;Pioggia in atto;Normale;Sufficiente;;0;0;0;1;12.4485;41.8739;-1;1;Autovettura privata;Sosta;;;;;;;
5391505;16;29/04/2021 11:00:00;Strada Urbana;VIA LORENZO VIDASCHI;in corrispondenza;;del civico n.;7;;Veicolo in marcia contro veicolo in sosta;Rettilineo;Una carreggiata a senso unico di marcia;Bagnato (pioggia);Asfaltata;Assente;Pioggia in atto;Normale;Sufficiente;;0;0;0;1;12.4485;41.8739;-1;2;Autovettura privata;In marcia / fermata / arresto;Conducente;M;Illeso;0;;Non accertato;Inesploso
5391526;15;29/04/2021 14:50:00;Strada Urbana;VIA PORTUENSE;in corrispondenza;;del civico n.;469;;Tamponamento Multiplo;Rettilineo;Una carreggiata a doppio senso;Bagnato (pioggia);Asfaltata;Verticale ed orizzontale;Pioggia in atto;Normale;Sufficiente;;1;0;0;3;12.4526;41.8615;-1;1;Autovettura privata;In marcia / fermata / arresto;Conducente;F;Illeso;0;;Non accertato;Inesploso
5391526;15;29/04/2021 14:50:00;Strada Urbana;VIA PORTUENSE;in corrispondenza;;del civico n.;469;;Tamponamento Multiplo;Rettilineo;Una carreggiata a doppio senso;Bagnato (pioggia);Asfaltata;Verticale ed orizzontale;Pioggia in atto;Normale;Sufficiente;;1;0;0;3;12.4526;41.8615;-1;1;Autovettura privata;In marcia / fermata / arresto;Passeggero;M;Illeso;0;;Non accertato;Inesploso
5391526;15;29/04/2021 14:50:00;Strada Urbana;VIA PORTUENSE;in corrispondenza;;del civico n.;469;;Tamponamento Multiplo;Rettilineo;Una carreggiata a doppio senso;Bagnato (pioggia);Asfaltata;Verticale ed orizzontale;Pioggia in atto;Normale;Sufficiente;;1;0;0;3;12.4526;41.8615;-1;2;Autovettura privata;In marcia / fermata / arresto;Conducente;F;Rimandato;0;NON DECEDUTO;Non accertato;Inesploso
5391526;15;29/04/2021 14:50:00;Strada Urbana;VIA PORTUENSE;in corrispondenza;;del civico n.;469;;Tamponamento Multiplo;Rettilineo;Una carreggiata a doppio senso;Bagnato (pioggia);Asfaltata;Verticale ed orizzontale;Pioggia in atto;Normale;Sufficiente;;1;0;0;3;12.4526;41.8615;-1;3;Autovettura privata;In marcia / fermata / arresto;Conducente;M;Illeso;0;;Non accertato;Inesploso
5391547;15;29/04/2021 16:15:00;Strada Urbana;VIA PORTUENSE;da specificare;;;;RAMPA ACCESSO SU V.I.NEWTON DIR.ROMA-FIUMICINO;Tamponamento;Rettilineo;Una carreggiata a senso unico di marcia;Bagnato (pioggia);Asfaltata;Verticale ed orizzontale;Nuvoloso;Normale;Buona;;0;0;0;2;12.414;41.8469;-1;1;Autovettura privata;In marcia / fermata / arresto;Conducente;M;Illeso;0;;Non accertato;Inesploso
5391547;15;29/04/2021 16:15:00;Strada Urbana;VIA PORTUENSE;da specificare;;;;RAMPA ACCESSO SU V.I.NEWTON DIR.ROMA-FIUMICINO;Tamponamento;Rettilineo;Una carreggiata a senso unico di marcia;Bagnato (pioggia);Asfaltata;Verticale ed orizzontale;Nuvoloso;Normale;Buona;;0;0;0;2;12.414;41.8469;-1;2;Autovettura privata;In marcia / fermata / arresto;Conducente;M;Illeso;0;;Non accertato;Inesploso