Protocollo;Gruppo;DataOraIncidente;Localizzazione1;STRADA1;Localizzazione2;STRADA2;Strada02;Chilometrica;DaSpecificare;NaturaIncidente;particolaritastrade;TipoStrada;FondoStradale;Pavimentazione;Segnaletica;CondizioneAtmosferica;Traffico;Visibilita;Illuminazione;NUM_FERITI;NUM_RISERVATA;NUM_MORTI;NUM_ILLESI;Longitude;Latitude;Confermato;Progressivo;TipoVeicolo;StatoVeicolo;TipoPersona;Sesso;Tipolesione;Deceduto;DecedutoDopo;CinturaCascoUtilizzato;Airbag;
5392211;16;29/04/2021 17:00:00;Strada Urbana;PIAZZA CARLO ALBERTO SCOTTI;in corrispondenza;;del civico n.;26;;Scontro laterale fra veicoli in marcia;Rettilineo;Una carreggiata a senso unico di marcia;Bagnato (pioggia);Asfaltata;Verticale;Pioggia in atto;Normale;Sufficiente;;0;0;0;3;12.4459;41.8699;-1;2;Autovettura privata;In marcia / fermata / arresto;Conducente;M;Illeso;0;;Non accertato;Inesploso
5392248;6;30/04/2021 08:30:00;Strada Urbana;PIAZZALE PRENESTINO;da specificare;;;;Fronte 35;Tamponamento;Rettilineo;Due carreggiate;Asciutto;Asfaltata;Verticale ed orizzontale;Sereno;Normale;Buona;;2;0;0;1;12.5251;41.8912;-1;1;Autovettura privata;In marcia / fermata / arresto;Conducente;F;Rimandato;0;NON DECEDUTO;Non accertato;Inesploso
5392248;6;30/04/2021 08:30:00;Strada Urbana;PIAZZALE PRENESTINO;da specificare;;;;Fronte 35;Tamponamento;Rettilineo;Due carreggiate;Asciutto;Asfaltata;Verticale ed orizzontale;Sereno;Normale;Buona;;2;0;0;1;12.5251;41.8912;-1;2;Autovettura privata;In marcia / fermata / arresto;Conducente;F;Rifiuta cure immediate;0;NON DECEDUTO;Non accertato;Inesploso
5392248;6;30/04/2021 08:30:00;Strada Urbana;PIAZZALE PRENESTINO;da specificare;;;;Fronte 35;Tamponamento;Rettilineo;Due carreggiate;Asciutto;Asfaltata;Verticale ed orizzontale;Sereno;Normale;Buona;;2;0;0;1;12.5251;41.8912;-1;2;Autovettura privata;In marcia / fermata / arresto;Passeggero;M;Illeso;0;;Non accertato;Inesploso
5392257;16;29/04/2021 18:00:00;Strada Urbana;VIA DI BRAVETTA;all'intersezione con;VIA DEI FELTRESCHI;VIA DEI FELTRESCHI;;;Scontro frontale/laterale DX fra veicoli in marcia;Intersezione non regolata/non segnalata;Una carreggiata a doppio senso;Bagnato (pioggia);Asfaltata;Assente;Pioggia in atto;Normale;Buona;;0;0;0;2;12.4257;41.8762;-1;1;Motociclo con passeggero;In marcia / fermata / arresto;Conducente;M;Illeso;0;;Non accertato;
5392257;16;29/04/2021 18:00:00;Strada Urbana;VIA DI BRAVETTA;all'intersezione con;VIA DEI FELTRESCHI;VIA DEI FELTRESCHI;;;Scontro frontale/laterale DX fra veicoli in marcia;Intersezione non regolata/non segnalata;Una carreggiata a doppio senso;Bagnato (pioggia);Asfaltata;Assente;Pioggia in atto;Normale;Buona;;0;0;0;2;12.4257;41.8762;-1;2;Autocarro inferiore 35 q.;In marcia / fermata / arresto;Conducente;M;Illeso;0;;;
5392271;16;29/04/2021 18:05:00;Strada Urbana;VIA PORTUENSE;da specificare;;;;in corrispondenza del fronte civico 41;Scontro laterale fra veicoli in marcia;Rettilineo;Una carreggiata a doppio senso;Bagnato (pioggia);Asfaltata;Verticale ed orizzontale;Pioggia in atto;Normale;Buona;;0;0;0;3;12.414;41.8469;-1;1;Autovettura privata;In marcia / fermata / arresto;Conducente;M;Illeso;0;;Non accertato;Inesploso
5392271;16;29/04/2021 18:05:00;Strada Urbana;VIA PORTUENSE;da specificare;;;;in corrispondenza del fronte civico 41;Scontro laterale fra veicoli in marcia;Rettilineo;Una carreggiata a doppio senso;Bagnato (pioggia);Asfaltata;Verticale ed orizzontale;Pioggia in atto;Normale;Buona;;0;0;0;3;12.414;41.8469;-1;1;Autovettura privata;In marcia / fermata / arresto;Passeggero;M;Illeso;0;;Non accertato;Inesploso
5392271;16;29/04/2021 18:05:00;Strada Urbana;VIA PORTUENSE;da specificare;;;;in corrispondenza del fronte civico 41;Scontro laterale fra veicoli in marcia;Rettilineo;Una carreggiata a doppio senso;Bagnato (pioggia);Asfaltata;Verticale ed orizzontale;Pioggia in atto;Normale;Buona;;0;0;0;3;12.414;41.8469;-1;2;Autovettura privata;In marcia / fermata / arresto;Conducente;F;Illeso;0;;Non accertato;Inesploso
5392274;6;30/04/2021 07:50:00;Strada Urbana;VIA OLEVANO ROMANO;da specificare;;;;fr. 11;Veicolo in marcia contro veicolo in sosta;Rettilineo;Due carreggiate;Asciutto;Asfaltata;Verticale ed orizzontale;Sereno;Normale;Buona;;0;0;0;2;12.5555;41.8922;-1;1;Autovettura privata;In marcia / fermata / arresto;Conducente;F;Illeso;0;;;
5392274;6;30/04/2021 07:50:00;Strada Urbana;VIA OLEVANO ROMANO;da specificare;;;;fr. 11;Veicolo in marcia contro veicolo in sosta;Rettilineo;Due carreggiate;Asciutto;Asfaltata;Verticale ed orizzontale;Sereno;Normale;Buona;;0;0;0;2;12.5555;41.8922;-1;2;Autovettura privata;In marcia / fermata / arresto;Conducente;M;Illeso;0;;;
5392274;6;30/04/2021 07:50:00;Strada Urbana;VIA OLEVANO ROMANO;da specificare;;;;fr. 11;Veicolo in marcia contro veicolo in sosta;Rettilineo;Due carreggiate;Asciutto;Asfaltata;Verticale ed orizzontale;Sereno;Normale;Buona;;0;0;0;2;12.5555;41.8922;-1;3;Autovettura privata;Sosta;;;;;;;
5392274;6;30/04/2021 07:50:00;Strada Urbana;VIA OLEVANO ROMANO;da specificare;;;;fr. 11;Veicolo in marcia contro veicolo in sosta;Rettilineo;Due carreggiate;Asciutto;Asfaltata;Verticale ed orizzontale;Sereno;Normale;Buona;;0;0;0;2;12.5555;41.8922;-1;4;Autovettura privata;Sosta;;;;;;;
5392287;11;30/04/2021 10:55:00;Provinciale entro l'abitato;VIA LAURENTINA;in prossimità;;del civico n.;502;;Tamponamento;Rettilineo;Due carreggiate;Asciutto;Asfaltata;Verticale ed orizzontale;Sereno;Normale;Buona;;1;0;0;2;12.4794;41.8286;-1;1;Autobus di linea;In marcia / fermata / arresto;Conducente;M;Illeso;0;;Non accertato;Inesploso
5392287;11;30/04/2021 10:55:00;Provinciale entro l'abitato;VIA LAURENTINA;in prossimità;;del civico n.;502;;Tamponamento;Rettilineo;Due carreggiate;Asciutto;Asfaltata;Verticale ed orizzontale;Sereno;Normale;Buona;;1;0;0;2;12.4794;41.8286;-1;1;Autobus di linea;In marcia / fermata / arresto;Passeggero;M;Rimandato;0;NON DECEDUTO;Non accertato;Inesistente
5392287;11;30/04/2021 10:55:00;Provinciale entro l'abitato;VIA LAURENTINA;in prossimità;;del civico n.;502;;Tamponamento;Rettilineo;Due carreggiate;Asciutto;Asfaltata;Verticale ed orizzontale;Sereno;Normale;Buona;;1;0;0;2;12.4794;41.8286;-1;2;Autovettura privata;In marcia / fermata / arresto;Conducente;M;Illeso;0;;Non accertato;Inesploso
5392287;11;30/04/2021 10:55:00;Provinciale entro l'abitato;VIA LAURENTINA;in prossimità;;del civico n.;502;;Tamponamento;Rettilineo;Due carreggiate;Asciutto;Asfaltata;Verticale ed orizzontale;Sereno;Normale;Buona;;1;0;0;2;12.4794;41.8286;-1;3;Autovettura privata;Sosta;;;;;;;
5392287;11;30/04/2021 10:55:00;Provinciale entro l'abitato;VIA LAURENTINA;in prossimità;;del civico n.;502;;Tamponamento;Rettilineo;Due carreggiate;Asciutto;Asfaltata;Verticale ed orizzontale;Sereno;Normale;Buona;;1;0;0;2;12.4794;41.8286;-1;4;Autovettura privata;Sosta;;;;;;;
5392295;16;29/04/2021 19:30:00;Strada Urbana;VIA BERNARDINO RAMAZZINI;da specificare;;;;in corrispondenza del fronte civico 43;Scontro laterale fra veicoli in marcia;Rettilineo;Due carreggiate;Asciutto;Asfaltata;Assente;Nuvoloso;Normale;Buona;;1;0;0;1;12.4505;41.8666;-1;1;Autovettura privata;In marcia / fermata / arresto;Conducente;M;Illeso;0;;Non accertato;Inesploso
5392295;16;29/04/2021 19:30:00;Strada Urbana;VIA BERNARDINO RAMAZZINI;da specificare;;;;in corrispondenza del fronte civico 43;Scontro laterale fra veicoli in marcia;Rettilineo;Due carreggiate;Asciutto;Asfaltata;Assente;Nuvoloso;Normale;Buona;;1;0;0;1;12.4505;41.8666;-1;2;Velocipede;In marcia / fermata / arresto;Conducente;M;Rimandato;0;NON DECEDUTO;Esente;
5392353;5;29/04/2021 15:45:00;Strada Urbana;VIA TIBURTINA;in prossimità;;del civico n.;459;;Tamponamento;Rettilineo;Più di due carreggiate;Bagnato (pioggia);Asfaltata;Orizzontale;Nuvoloso;Normale;Buona;;0;0;0;2;12.5383;41.9087;-1;1;Autovettura privata;In marcia / fermata / arresto;Conducente;M;Illeso;0;;Non accertato;
5392353;5;29/04/2021 15:45:00;Strada Urbana;VIA TIBURTINA;in prossimità;;del civico n.;459;;Tamponamento;Rettilineo;Più di due carreggiate;Bagnato (pioggia);Asfaltata;Orizzontale;Nuvoloso;Normale;Buona;;0;0;0;2;12.5383;41.9087;-1;2;Autovettura privata;In marcia / fermata / arresto;Conducente;F;Illeso;0;;Non accertato;
5392372;5;29/04/2021 17:50:00;Strada Urbana;PIAZZA RICCARDO BALSAMO CRIVELLI;all'intersezione con;VIA DIEGO ANGELI;VIA DIEGO ANGELI;;;Veicolo in marcia contro veicoli in sosta;Incrocio;Una carreggiata a senso unico di marcia;Bagnato (pioggia);Asfaltata;Verticale ed orizzontale;Nuvoloso;Normale;Buona;;0;0;0;2;12.5513;41.906;-1;1;Autovettura privata;In marcia / fermata / arresto;Conducente;F;Illeso;0;;Non accertato;Inesploso
5392372;5;29/04/2021 17:50:00;Strada Urbana;PIAZZA RICCARDO BALSAMO CRIVELLI;all'intersezione con;VIA DIEGO ANGELI;VIA DIEGO ANGELI;;;Veicolo in marcia contro veicoli in sosta;Incrocio;Una carreggiata a senso unico di marcia;Bagnato (pioggia);Asfaltata;Verticale ed orizzontale;Nuvoloso;Normale;Buona;;0;0;0;2;12.5513;41.906;-1;2;Autovettura privata;In marcia / fermata / arresto;Conducente;M;Illeso;0;;Non accertato;Inesploso
5392372;5;29/04/2021 17:50:00;Strada Urbana;PIAZZA RICCARDO BALSAMO CRIVELLI;all'intersezione con;VIA DIEGO ANGELI;VIA DIEGO ANGELI;;;Veicolo in marcia contro veicoli in sosta;Incrocio;Una carreggiata a senso unico di marcia;Bagnato (pioggia);Asfaltata;Verticale ed orizzontale;Nuvoloso;Normale;Buona;;0;0;0;2;12.5513;41.906;-1;3;Autovettura privata;Sosta;;;;;;;
5392372;5;29/04/2021 17:50:00;Strada Urbana;PIAZZA RICCARDO BALSAMO CRIVELLI;all'intersezione con;VIA DIEGO ANGELI;VIA DIEGO ANGELI;;;Veicolo in marcia contro veicoli in sosta;Incrocio;Una carreggiata a senso unico di marcia;Bagnato (pioggia);Asfaltata;Verticale ed orizzontale;Nuvoloso;Normale;Buona;;0;0;0;2;12.5513;41.906;-1;4;Autovettura privata;Sosta;;;;;;;
5392425;5;29/04/2021 13:00:00;Strada Urbana;VIA DONATO MENICHELLA;in prossimità;;del civico n.;280;;Veicolo in marcia contro veicolo fermo;Rettilineo;Una carreggiata a senso unico di marcia;Asciutto;Asfaltata;Assente;Nuvoloso;Scarso;Buona;;0;0;0;2;12.5816;41.95;-1;1;Autovettura privata;In marcia / fermata / arresto;Conducente;F;Illeso;0;;Non accertato;
5392425;5;29/04/2021 13:00:00;Strada Urbana;VIA DONATO MENICHELLA;in prossimità;;del civico n.;280;;Veicolo in marcia contro veicolo fermo;Rettilineo;Una carreggiata a senso unico di marcia;Asciutto;Asfaltata;Assente;Nuvoloso;Scarso;Buona;;0;0;0;2;12.5816;41.95;-1;2;Autocarro inferiore 35 q.;In marcia / fermata / arresto;Conducente;M;Illeso;0;;Non accertato;
5392453;5;29/04/2021 10:15:00;Strada Urbana;VIALE DELLA SERENISSIMA;da specificare;;;;dir. PRENESTINA prossimità svincolo d'inversione;Infortunio per caduta del veicolo;Rettilineo;Due carreggiate;Bagnato (pioggia);Asfaltata;Assente;Pioggia in atto;Normale;Buona;;1;0;0;1;12.5582;41.8987;-1;1;Velocipede;In marcia / fermata / arresto;Conducente;M;Rimandato;0;NON DECEDUTO;Esente;
5392453;5;29/04/2021 10:15:00;Strada Urbana;VIALE DELLA SERENISSIMA;da specificare;;;;dir. PRENESTINA prossimità svincolo d'inversione;Infortunio per caduta del veicolo;Rettilineo;Due carreggiate;Bagnato (pioggia);Asfaltata;Assente;Pioggia in atto;Normale;Buona;;1;0;0;1;12.5582;41.8987;-1;2;Autovettura privata;In marcia / fermata / arresto;Conducente;M;Illeso;0;;Non accertato;
5392484;1;29/04/2021 19:45:00;Strada Urbana;VIALE AVENTINO;in prossimità;;del civico n.;78/a;;Infortunio per caduta del veicolo;Rettilineo;Più di due carreggiate;Bagnato (pioggia);In cubetti di porfido;Verticale ed orizzontale;;Scarso;Insufficiente;;0;0;0;1;;;0;1;Motociclo a solo;In marcia / fermata / arresto;Conducente;M;Illeso;0;;;
5392487;3;29/04/2021 12:30:00;Strada Urbana;VIA TIBURTINA;all'intersezione con;VIA DEI LUCERI;VIA DEI LUCERI;;;Scontro frontale fra veicoli in marcia;Intersezione stradale segnalata;Una carreggiata a doppio senso;Bagnato (pioggia);Asfaltata;Verticale ed orizzontale;Pioggia in atto;Normale;Buona;;0;0;0;3;12.5148;41.9005;-1;1;Autovettura privata;In marcia / fermata / arresto;Conducente;M;Illeso;0;;;
5392487;3;29/04/2021 12:30:00;Strada Urbana;VIA TIBURTINA;all'intersezione con;VIA DEI LUCERI;VIA DEI LUCERI;;;Scontro frontale fra veicoli in marcia;Intersezione stradale segnalata;Una carreggiata a doppio senso;Bagnato (pioggia);Asfaltata;Verticale ed orizzontale;Pioggia in atto;Normale;Buona;;0;0;0;3;12.5148;41.9005;-1;2;Autovettura privata;In marcia / fermata / arresto;Conducente;M;Illeso;0;;;
5392487;3;29/04/2021 12:30:00;Strada Urbana;VIA TIBURTINA;all'intersezione con;VIA DEI LUCERI;VIA DEI LUCERI;;;Scontro frontale fra veicoli in marcia;Intersezione stradale segnalata;Una carreggiata a doppio senso;Bagnato (pioggia);Asfaltata;Verticale ed orizzontale;Pioggia in atto;Normale;Buona;;0;0;0;3;12.5148;41.9005;-1;2;Autovettura privata;In marcia / fermata / arresto;Passeggero;F;Illeso;0;;;
5392493;5;29/04/2021 13:30:00;Strada Urbana;VIA MICHELANGELO TILLI;da specificare;;;;civico 49 A;Investimento di pedone;Rettilineo;Due carreggiate;Bagnato (pioggia);Asfaltata;Verticale;Pioggia in atto;Scarso;Buona;;0;1;0;2;12.5515;41.9338;-1;;;;Pedone;F;Prognosi riservata;0;NON DECEDUTO;;
5392493;5;29/04/2021 13:30:00;Strada Urbana;VIA MICHELANGELO TILLI;da specificare;;;;civico 49 A;Investimento di pedone;Rettilineo;Due carreggiate;Bagnato (pioggia);Asfaltata;Verticale;Pioggia in atto;Scarso;Buona;;0;1;0;2;12.5515;41.9338;-1;1;Autovettura privata;In marcia / fermata / arresto;Conducente;M;Illeso;0;;Non accertato;
5392493;5;29/04/2021 13:30:00;Strada Urbana;VIA MICHELANGELO TILLI;da specificare;;;;civico 49 A;Investimento di pedone;Rettilineo;Due carreggiate;Bagnato (pioggia);Asfaltata;Verticale;Pioggia in atto;Scarso;Buona;;0;1;0;2;12.5515;41.9338;-1;1;Autovettura privata;In marcia / fermata / arresto;Passeggero;M;Illeso;0;;;
5392635;9;30/04/2021 12:50:00;Strada Urbana;PIAZZA DEI RE DI ROMA;da specificare;;;;fronte VIA APPIA NUOVA direzione centro.;Scontro laterale fra veicoli in marcia;Rotatoria;Una carreggiata a senso unico di marcia;Asciutto;Asfaltata;Verticale ed orizzontale;Sereno;Normale;Buona;;0;0;0;2;12.5136;41.8824;-1;1;Autovettura privata;In marcia / fermata / arresto;Conducente;M;Illeso;0;;Non accertato;Inesploso
5392635;9;30/04/2021 12:50:00;Strada Urbana;PIAZZA DEI RE DI ROMA;da specificare;;;;fronte VIA APPIA NUOVA direzione centro.;Scontro laterale fra veicoli in marcia;Rotatoria;Una carreggiata a senso unico di marcia;Asciutto;Asfaltata;Verticale ed orizzontale;Sereno;Normale;Buona;;0;0;0;2;12.5136;41.8824;-1;2;Autovettura privata;In marcia / fermata / arresto;Conducente;F;Illeso;0;;Non accertato;Inesploso
5392658;6;30/04/2021 11:30:00;Strada Urbana;PIAZZALE PRENESTINO;in prossimità;;del civico n.;FR. 43;;Investimento di pedone;Rettilineo;Una carreggiata a doppio senso;Asciutto;Asfaltata;Verticale ed orizzontale;Sereno;Normale;Buona;;2;0;0;0;12.5251;41.8912;-1;;;;Pedone;M;Rimandato;0;NON DECEDUTO;;
5392658;6;30/04/2021 11:30:00;Strada Urbana;PIAZZALE PRENESTINO;in prossimità;;del civico n.;FR. 43;;Investimento di pedone;Rettilineo;Una carreggiata a doppio senso;Asciutto;Asfaltata;Verticale ed orizzontale;Sereno;Normale;Buona;;2;0;0;0;12.5251;41.8912;-1;1;Motociclo a solo;In marcia / fermata / arresto;Conducente;M;Rimandato;0;NON DECEDUTO;Non accertato;
5392743;6;30/04/2021 11:30:00;Strada Urbana;VIA CASILINA;da specificare;;;;fronte VIA DI CENTOCELLE;Scontro laterale fra veicoli in marcia;Rettilineo;Più di due carreggiate;Asciutto;Asfaltata;Verticale ed orizzontale;Sereno;Normale;Buona;;0;0;0;2;12.5531;41.8768;-1;1;Autocarro inferiore 35 q.;In marcia / fermata / arresto;Conducente;M;Illeso;0;;;
5392743;6;30/04/2021 11:30:00;Strada Urbana;VIA CASILINA;da specificare;;;;fronte VIA DI CENTOCELLE;Scontro laterale fra veicoli in marcia;Rettilineo;Più di due carreggiate;Asciutto;Asfaltata;Verticale ed orizzontale;Sereno;Normale;Buona;;0;0;0;2;12.5531;41.8768;-1;2;Autovettura privata;In marcia / fermata / arresto;Conducente;M;Illeso;0;;;
5392764;17;30/04/2021 12:05:00;Strada Urbana;VIA SILVIO PELLICO;all'intersezione con;VIA SILVIO PELLICO;VIA SILVIO PELLICO;;;Scontro laterale fra veicoli in marcia;Intersezione semaforizzata;Più di due carreggiate;Asciutto;Asfaltata;Verticale ed orizzontale;Sereno;Normale;Buona;;0;0;0;2;12.4599;41.9126;-1;1;Autovettura privata;In marcia / fermata / arresto;Conducente;M;Illeso;0;;;
5392764;17;30/04/2021 12:05:00;Strada Urbana;VIA SILVIO PELLICO;all'intersezione con;VIA SILVIO PELLICO;VIA SILVIO PELLICO;;;Scontro laterale fra veicoli in marcia;Intersezione semaforizzata;Più di due carreggiate;Asciutto;Asfaltata;Verticale ed orizzontale;Sereno;Normale;Buona;;0;0;0;2;12.4599;41.9126;-1;2;Autovettura privata;In marcia / fermata / arresto;Conducente;M;Illeso;0;;;
5392896;19;30/04/2021 07:50:00;Strada Urbana;VIA DI CASAL DEL MARMO;in prossimità;;del civico n.;208;;Tamponamento;Rettilineo;Una carreggiata a doppio senso;Asciutto;Asfaltata;Verticale ed orizzontale;Sereno;Normale;Buona;;0;0;0;3;12.4014;41.9542;-1;1;Motociclo con passeggero;In marcia / fermata / arresto;Conducente;M;Illeso;0;;;
5392896;19;30/04/2021 07:50:00;Strada Urbana;VIA DI CASAL DEL MARMO;in prossimità;;del civico n.;208;;Tamponamento;Rettilineo;Una carreggiata a doppio senso;Asciutto;Asfaltata;Verticale ed orizzontale;Sereno;Normale;Buona;;0;0;0;3;12.4014;41.9542;-1;1;Motociclo con passeggero;In marcia / fermata / arresto;Passeggero;F;Illeso;0;;;
5392896;19;30/04/2021 07:50:00;Strada Urbana;VIA DI CASAL DEL MARMO;in prossimità;;del civico n.;208;;Tamponamento;Rettilineo;Una carreggiata a doppio senso;Asciutto;Asfaltata;Verticale ed orizzontale;Sereno;Normale;Buona;;0;0;0;3;12.4014;41.9542;-1;2;Autovettura privata;In marcia / fermata / arresto;Conducente;F;Illeso;0;;;
5393065;15;30/04/2021 08:55:00;Strada Urbana;VIALE ISACCO NEWTON;da specificare;;;;prossimità rampa immissione da Via di Monte Cucco;Tamponamento Multiplo;Rettilineo;Due carreggiate;Asciutto;Asfaltata;Verticale ed orizzontale;Sereno;Normale;Sufficiente;;1;0;0;2;12.4427;41.8481;-1;1;Autovettura privata;In marcia / fermata / arresto;Conducente;F;Illeso;0;;Non accertato;Esploso
5393065;15;30/04/2021 08:55:00;Strada Urbana;VIALE ISACCO NEWTON;da specificare;;;;prossimità rampa immissione da Via di Monte Cucco;Tamponamento Multiplo;Rettilineo;Due carreggiate;Asciutto;Asfaltata;Verticale ed orizzontale;Sereno;Normale;Sufficiente;;1;0;0;2;12.4427;41.8481;-1;2;Autovettura privata;In marcia / fermata / arresto;Conducente;F;Rimandato;0;NON DECEDUTO;Non accertato;Inesploso
5393065;15;30/04/2021 08:55:00;Strada Urbana;VIALE ISACCO NEWTON;da specificare;;;;prossimità rampa immissione da Via di Monte Cucco;Tamponamento Multiplo;Rettilineo;Due carreggiate;Asciutto;Asfaltata;Verticale ed orizzontale;Sereno;Normale;Sufficiente;;1;0;0;2;12.4427;41.8481;-1;3;Autovettura privata;In marcia / fermata / arresto;Conducente;M;Illeso;0;;Non accertato;Inesploso
5393084;15;30/04/2021 09:55:00;Strada Urbana;VIA GREVE;in corrispondenza;;del civico n.;61;;Scontro laterale fra veicoli in marcia;Rettilineo;Una carreggiata a doppio senso;Asciutto;Asfaltata;Verticale ed orizzontale;Sereno;Scarso;Buona;;1;0;0;1;12.4586;41.8426;-1;1;Autovettura privata;In marcia / fermata / arresto;Conducente;M;Illeso;0;;Non accertato;Inesploso
5393084;15;30/04/2021 09:55:00;Strada Urbana;VIA GREVE;in corrispondenza;;del civico n.;61;;Scontro laterale fra veicoli in marcia;Rettilineo;Una carreggiata a doppio senso;Asciutto;Asfaltata;Verticale ed orizzontale;Sereno;Scarso;Buona;;1;0;0;1;12.4586;41.8426;-1;2;Motociclo a solo;In marcia / fermata / arresto;Conducente;M;Rimandato;0;NON DECEDUTO;;
5393084;15;30/04/2021 09:55:00;Strada Urbana;VIA GREVE;in corrispondenza;;del civico n.;61;;Scontro laterale fra veicoli in marcia;Rettilineo;Una carreggiata a doppio senso;Asciutto;Asfaltata;Verticale ed orizzontale;Sereno;Scarso;Buona;;1;0;0;1;12.4586;41.8426;-1;3;Autovettura privata;Sosta;;;;;;;
5393106;15;30/04/2021 10:40:00;Strada Urbana;VIA DEL TRULLO;da specificare;;;;fronte civico n.  440;Scontro laterale fra veicoli in marcia;Rettilineo;Una carreggiata a doppio senso;Asciutto;Asfaltata;Verticale ed orizzontale;Sereno;Normale;Buona;;1;0;0;1;12.4368;41.843;-1;1;Autocarro inferiore 35 q.;In marcia / fermata / arresto;Conducente;M;Rimandato;0;NON DECEDUTO;Non accertato;Inesploso
5393106;15;30/04/2021 10:40:00;Strada Urbana;VIA DEL TRULLO;da specificare;;;;fronte civico n.  440;Scontro laterale fra veicoli in marcia;Rettilineo;Una carreggiata a doppio senso;Asciutto;Asfaltata;Verticale ed orizzontale;Sereno;Normale;Buona;;1;0;0;1;12.4368;41.843;-1;2;Autovettura privata;In marcia / fermata / arresto;Conducente;M;Illeso;0;;Non accertato;Inesploso
5393134;15;30/04/2021 11:00:00;Strada Urbana;VIA DELLA MAGLIANA;in corrispondenza;;del civico n.;173;;Tamponamento;Rettilineo;Una carreggiata a doppio senso;Asciutto;Asfaltata;Verticale ed orizzontale;Sereno;Normale;Buona;;1;0;0;1;12.4597;41.8515;-1;1;Autovettura privata;In marcia / fermata / arresto;Conducente;F;Illeso;0;;Non accertato;Inesploso
5393134;15;30/04/2021 11:00:00;Strada Urbana;VIA DELLA MAGLIANA;in corrispondenza;;del civico n.;173;;Tamponamento;Rettilineo;Una carreggiata a doppio senso;Asciutto;Asfaltata;Verticale ed orizzontale;Sereno;Normale;Buona;;1;0;0;1;12.4597;41.8515;-1;2;Velocipede;In marcia / fermata / arresto;Conducente;F;Rimandato;0;NON DECEDUTO;Esente;
5393201;12;30/04/2021 08:05:00;Provinciale;VIA LAURENTINA;da specificare;;;;dir. Roma pross. Km 10,800;Veicolo in marcia contro ostacolo accidentale;Rettilineo;Due carreggiate;Asciutto;Con buche;Verticale ed orizzontale;Sereno;Normale;Sufficiente;;0;0;0;1;12.4856;41.8103;-1;1;Autovettura privata;In marcia / fermata / arresto;Conducente;F;Illeso;0;;Utilizzato;Inesploso
5393204;12;30/04/2021 11:35:00;Strada Urbana;VIA FEDERICO ALESSANDRINI;all'intersezione con;VIA GIACOMO DINA;VIA GIACOMO DINA;;;Scontro frontale/laterale DX fra veicoli in marcia;Intersezione stradale segnalata;Una carreggiata a doppio senso;Asciutto;Asfaltata;Verticale ed orizzontale;Sereno;Normale;Buona;;2;0;0;0;12.4741;41.7656;-1;1;Autovettura privata;In marcia / fermata / arresto;Conducente;M;Rimandato;0;NON DECEDUTO;;Inesploso
5393204;12;30/04/2021 11:35:00;Strada Urbana;VIA FEDERICO ALESSANDRINI;all'intersezione con;VIA GIACOMO DINA;VIA GIACOMO DINA;;;Scontro frontale/laterale DX fra veicoli in marcia;Intersezione stradale segnalata;Una carreggiata a doppio senso;Asciutto;Asfaltata;Verticale ed orizzontale;Sereno;Normale;Buona;;2;0;0;0;12.4741;41.7656;-1;2;Autovettura privata;In marcia / fermata / arresto;Conducente;F;Rimandato;0;NON DECEDUTO;;Esploso
5393207;17;30/04/2021 17:55:00;Strada Urbana;VIA TRIONFALE;all'intersezione con;VIALE DEL PARCO MELLINI;VIALE DEL PARCO MELLINI;;;Scontro laterale fra veicoli in marcia;Incrocio;Una carreggiata a doppio senso;Asciutto;Asfaltata;Verticale ed orizzontale;Sereno;Normale;Buona;;0;0;0;2;12.4229;41.9409;-1;1;Autovettura privata;In marcia / fermata / arresto;Conducente;F;Illeso;0;;Non accertato;
5393207;17;30/04/2021 17:55:00;Strada Urbana;VIA TRIONFALE;all'intersezione con;VIALE DEL PARCO MELLINI;VIALE DEL PARCO MELLINI;;;Scontro laterale fra veicoli in marcia;Incrocio;Una carreggiata a doppio senso;Asciutto;Asfaltata;Verticale ed orizzontale;Sereno;Normale;Buona;;0;0;0;2;12.4229;41.9409;-1;2;Autovettura privata;In marcia / fermata / arresto;Conducente;M;Illeso;0;;Non accertato;
5393355;8;30/04/2021 09:00:00;Strada Urbana;VIA TORTORICI;in corrispondenza;;del civico n.;37;;Tamponamento;Rettilineo;Una carreggiata a senso unico di marcia;Asciutto;Asfaltata;Assente;Sereno;Normale;Buona;;2;0;0;2;12.6922;41.865;-1;1;Autovettura privata;In marcia / fermata / arresto;Conducente;M;Illeso;0;;Non accertato;Inesploso
5393355;8;30/04/2021 09:00:00;Strada Urbana;VIA TORTORICI;in corrispondenza;;del civico n.;37;;Tamponamento;Rettilineo;Una carreggiata a senso unico di marcia;Asciutto;Asfaltata;Assente;Sereno;Normale;Buona;;2;0;0;2;12.6922;41.865;-1;1;Autovettura privata;In marcia / fermata / arresto;Passeggero;F;Rimandato;0;NON DECEDUTO;Non accertato;Inesploso
5393355;8;30/04/2021 09:00:00;Strada Urbana;VIA TORTORICI;in corrispondenza;;del civico n.;37;;Tamponamento;Rettilineo;Una carreggiata a senso unico di marcia;Asciutto;Asfaltata;Assente;Sereno;Normale;Buona;;2;0;0;2;12.6922;41.865;-1;2;Autovettura privata;In marcia / fermata / arresto;Conducente;M;Illeso;0;;Non accertato;Inesploso