Protocollo;Gruppo;DataOraIncidente;Localizzazione1;STRADA1;Localizzazione2;STRADA2;Strada02;Chilometrica;DaSpecificare;NaturaIncidente;particolaritastrade;TipoStrada;FondoStradale;Pavimentazione;Segnaletica;CondizioneAtmosferica;Traffico;Visibilita;Illuminazione;NUM_FERITI;NUM_RISERVATA;NUM_MORTI;NUM_ILLESI;Longitude;Latitude;Confermato;Progressivo;TipoVeicolo;StatoVeicolo;TipoPersona;Sesso;Tipolesione;Deceduto;DecedutoDopo;CinturaCascoUtilizzato;Airbag;
5393355;8;30/04/2021 09:00:00;Strada Urbana;VIA TORTORICI;in corrispondenza;;del civico n.;37;;Tamponamento;Rettilineo;Una carreggiata a senso unico di marcia;Asciutto;Asfaltata;Assente;Sereno;Normale;Buona;;2;0;0;2;12.6922;41.865;-1;2;Autovettura privata;In marcia / fermata / arresto;Passeggero;F;Rimandato;0;NON DECEDUTO;Non accertato;Inesploso
5393356;8;30/04/2021 09:05:00;Strada Urbana;PIAZZA DELLA STAZIONE PRENESTINA;da specificare;;;;fronte civico 1159;Scontro laterale fra veicoli in marcia;Rettilineo;Una carreggiata a doppio senso;Asciutto;Asfaltata;Verticale;Sereno;Normale;Buona;;1;0;0;2;12.5467;41.8974;-1;1;Motociclo a solo;In marcia / fermata / arresto;Conducente;M;Rimandato;0;NON DECEDUTO;Non accertato;
5393356;8;30/04/2021 09:05:00;Strada Urbana;PIAZZA DELLA STAZIONE PRENESTINA;da specificare;;;;fronte civico 1159;Scontro laterale fra veicoli in marcia;Rettilineo;Una carreggiata a doppio senso;Asciutto;Asfaltata;Verticale;Sereno;Normale;Buona;;1;0;0;2;12.5467;41.8974;-1;2;Autovettura privata;In marcia / fermata / arresto;Conducente;M;Illeso;0;;Non accertato;Inesploso
5393356;8;30/04/2021 09:05:00;Strada Urbana;PIAZZA DELLA STAZIONE PRENESTINA;da specificare;;;;fronte civico 1159;Scontro laterale fra veicoli in marcia;Rettilineo;Una carreggiata a doppio senso;Asciutto;Asfaltata;Verticale;Sereno;Normale;Buona;;1;0;0;2;12.5467;41.8974;-1;2;Autovettura privata;In marcia / fermata / arresto;Passeggero;F;Illeso;0;;Non accertato;Inesploso
5393357;8;30/04/2021 09:10:00;Strada Urbana;VIA DI TORRENOVA;da specificare;;;;fronte civico 465;Veicolo in marcia contro veicolo in sosta;Curva a visuale libera;Una carreggiata a doppio senso;Asciutto;Asfaltata;Orizzontale;Sereno;Intenso;Buona;;1;0;0;1;12.6198;41.8861;-1;1;Autovettura privata;Sosta;;;;;;;
5393357;8;30/04/2021 09:10:00;Strada Urbana;VIA DI TORRENOVA;da specificare;;;;fronte civico 465;Veicolo in marcia contro veicolo in sosta;Curva a visuale libera;Una carreggiata a doppio senso;Asciutto;Asfaltata;Orizzontale;Sereno;Intenso;Buona;;1;0;0;1;12.6198;41.8861;-1;2;Autocarro inferiore 35 q.;In marcia / fermata / arresto;Conducente;M;Illeso;0;;Non accertato;Inesploso
5393357;8;30/04/2021 09:10:00;Strada Urbana;VIA DI TORRENOVA;da specificare;;;;fronte civico 465;Veicolo in marcia contro veicolo in sosta;Curva a visuale libera;Una carreggiata a doppio senso;Asciutto;Asfaltata;Orizzontale;Sereno;Intenso;Buona;;1;0;0;1;12.6198;41.8861;-1;3;Autovettura privata;In marcia / fermata / arresto;Conducente;M;Rifiuta cure immediate;0;NON DECEDUTO;Non accertato;Inesploso
5393358;8;30/04/2021 15:00:00;Strada Urbana;VIA CASILINA;in corrispondenza;;del civico n.;1830;;Tamponamento;Rettilineo;Una carreggiata a doppio senso;Asciutto;Asfaltata;Verticale ed orizzontale;Sereno;Intenso;Buona;;1;0;0;1;12.6836;41.8627;-1;1;Autovettura privata;In marcia / fermata / arresto;Conducente;M;Rifiuta cure immediate;0;NON DECEDUTO;Non accertato;Inesploso
5393358;8;30/04/2021 15:00:00;Strada Urbana;VIA CASILINA;in corrispondenza;;del civico n.;1830;;Tamponamento;Rettilineo;Una carreggiata a doppio senso;Asciutto;Asfaltata;Verticale ed orizzontale;Sereno;Intenso;Buona;;1;0;0;1;12.6836;41.8627;-1;2;Autocarro superiore 35 q.;In marcia / fermata / arresto;Conducente;M;Illeso;0;;Non accertato;Inesploso
5393359;8;30/04/2021 15:30:00;Strada Urbana;VIA MAIDA;da specificare;;;;all'intersezione con complanare di v.Borghesiana;Scontro frontale/laterale SX fra veicoli in marcia;Rettilineo;Una carreggiata a doppio senso;Asciutto;Asfaltata;Verticale ed orizzontale;Sereno;Normale;Buona;;0;0;0;3;12.6735;41.8702;-1;1;Autovettura privata;In marcia / fermata / arresto;Conducente;M;Illeso;0;;Non utilizzato;Inesploso
5393359;8;30/04/2021 15:30:00;Strada Urbana;VIA MAIDA;da specificare;;;;all'intersezione con complanare di v.Borghesiana;Scontro frontale/laterale SX fra veicoli in marcia;Rettilineo;Una carreggiata a doppio senso;Asciutto;Asfaltata;Verticale ed orizzontale;Sereno;Normale;Buona;;0;0;0;3;12.6735;41.8702;-1;1;Autovettura privata;In marcia / fermata / arresto;Passeggero;F;Illeso;0;;Non utilizzato;Inesploso
5393359;8;30/04/2021 15:30:00;Strada Urbana;VIA MAIDA;da specificare;;;;all'intersezione con complanare di v.Borghesiana;Scontro frontale/laterale SX fra veicoli in marcia;Rettilineo;Una carreggiata a doppio senso;Asciutto;Asfaltata;Verticale ed orizzontale;Sereno;Normale;Buona;;0;0;0;3;12.6735;41.8702;-1;2;Autovettura privata;In marcia / fermata / arresto;Conducente;M;Illeso;0;;Non accertato;Inesploso
5393360;8;30/04/2021 16:00:00;Strada Urbana;VIA WALTER TOBAGI;in prossimità;;del civico n.;133;;Veicolo in marcia che urta buche nella carreggiata;Rettilineo;Una carreggiata a doppio senso;Asciutto;Asfaltata;Orizzontale;Sereno;Normale;Buona;;0;0;0;1;12.5969;41.8743;-1;1;Motociclo a solo;In marcia / fermata / arresto;Conducente;M;Illeso;0;;Non accertato;
5393361;8;30/04/2021 16:45:00;Strada Urbana;VIA DEL CASALE DEL TORRACCIO;da specificare;;;;altezza Metro C Torre Angela;Scontro frontale/laterale DX fra veicoli in marcia;Rettilineo;Una carreggiata a doppio senso;Asciutto;Asfaltata;Verticale;Sereno;Scarso;Buona;;0;0;0;3;12.6228;41.8634;-1;1;Autovettura privata;In marcia / fermata / arresto;Conducente;F;Illeso;0;;Non accertato;Inesploso
5393361;8;30/04/2021 16:45:00;Strada Urbana;VIA DEL CASALE DEL TORRACCIO;da specificare;;;;altezza Metro C Torre Angela;Scontro frontale/laterale DX fra veicoli in marcia;Rettilineo;Una carreggiata a doppio senso;Asciutto;Asfaltata;Verticale;Sereno;Scarso;Buona;;0;0;0;3;12.6228;41.8634;-1;1;Autovettura privata;In marcia / fermata / arresto;Passeggero;M;Illeso;0;;Non accertato;Inesploso
5393361;8;30/04/2021 16:45:00;Strada Urbana;VIA DEL CASALE DEL TORRACCIO;da specificare;;;;altezza Metro C Torre Angela;Scontro frontale/laterale DX fra veicoli in marcia;Rettilineo;Una carreggiata a doppio senso;Asciutto;Asfaltata;Verticale;Sereno;Scarso;Buona;;0;0;0;3;12.6228;41.8634;-1;2;Autovettura privata;In marcia / fermata / arresto;Conducente;M;Illeso;0;;Non accertato;Inesploso
5393362;8;30/04/2021 17:38:00;Strada Urbana;VIA DELL'ARCHEOLOGIA;in prossimità;;del civico n.;79;;Investimento di pedone;Rettilineo;Una carreggiata a doppio senso;Asciutto;Asfaltata;Verticale ed orizzontale;Sereno;Scarso;Buona;;1;0;0;1;12.4876;41.891;-1;;;;Pedone;F;Ricoverato;0;NON DECEDUTO;;
5393362;8;30/04/2021 17:38:00;Strada Urbana;VIA DELL'ARCHEOLOGIA;in prossimità;;del civico n.;79;;Investimento di pedone;Rettilineo;Una carreggiata a doppio senso;Asciutto;Asfaltata;Verticale ed orizzontale;Sereno;Scarso;Buona;;1;0;0;1;12.4876;41.891;-1;1;Autovettura privata;In marcia / fermata / arresto;Conducente;M;Illeso;0;;Non accertato;Inesploso
5393362;8;30/04/2021 17:38:00;Strada Urbana;VIA DELL'ARCHEOLOGIA;in prossimità;;del civico n.;79;;Investimento di pedone;Rettilineo;Una carreggiata a doppio senso;Asciutto;Asfaltata;Verticale ed orizzontale;Sereno;Scarso;Buona;;1;0;0;1;12.4876;41.891;-1;2;Autovettura privata;Sosta;;;;;;;
5393363;8;30/04/2021 17:40:00;Strada Urbana;VIA DI TOR BELLA MONACA;da specificare;;;;inversione marcia dir GRA altezza v. Torrenova;Tamponamento;Rettilineo;Una carreggiata a senso unico di marcia;Asciutto;Asfaltata;Verticale ed orizzontale;Sereno;Normale;Buona;;2;0;0;0;12.6282;41.8763;-1;1;Autovettura privata;In marcia / fermata / arresto;Conducente;F;Rifiuta cure immediate;0;NON DECEDUTO;Non accertato;Inesploso
5393363;8;30/04/2021 17:40:00;Strada Urbana;VIA DI TOR BELLA MONACA;da specificare;;;;inversione marcia dir GRA altezza v. Torrenova;Tamponamento;Rettilineo;Una carreggiata a senso unico di marcia;Asciutto;Asfaltata;Verticale ed orizzontale;Sereno;Normale;Buona;;2;0;0;0;12.6282;41.8763;-1;2;Motociclo a solo;In marcia / fermata / arresto;Conducente;M;Rimandato;0;NON DECEDUTO;Non accertato;
5393364;8;30/04/2021 19:00:00;Strada Urbana;VIA SAMASSI;in prossimità;;del civico n.;82;;Scontro laterale fra veicoli in marcia;Rettilineo;Una carreggiata a doppio senso;Asciutto;Asfaltata;Assente;Sereno;Scarso;Buona;;0;0;0;1;12.6777;41.8856;-1;1;Autovettura privata;Allontanatosi;;;;;;;
5393364;8;30/04/2021 19:00:00;Strada Urbana;VIA SAMASSI;in prossimità;;del civico n.;82;;Scontro laterale fra veicoli in marcia;Rettilineo;Una carreggiata a doppio senso;Asciutto;Asfaltata;Assente;Sereno;Scarso;Buona;;0;0;0;1;12.6777;41.8856;-1;2;Autovettura privata;In marcia / fermata / arresto;Conducente;M;Illeso;0;;Non accertato;Inesploso
5393364;8;30/04/2021 19:00:00;Strada Urbana;VIA SAMASSI;in prossimità;;del civico n.;82;;Scontro laterale fra veicoli in marcia;Rettilineo;Una carreggiata a doppio senso;Asciutto;Asfaltata;Assente;Sereno;Scarso;Buona;;0;0;0;1;12.6777;41.8856;-1;3;Autovettura privata;Sosta;;;;;;;
5393364;8;30/04/2021 19:00:00;Strada Urbana;VIA SAMASSI;in prossimità;;del civico n.;82;;Scontro laterale fra veicoli in marcia;Rettilineo;Una carreggiata a doppio senso;Asciutto;Asfaltata;Assente;Sereno;Scarso;Buona;;0;0;0;1;12.6777;41.8856;-1;4;Autovettura privata;Sosta;;;;;;;
5393364;8;30/04/2021 19:00:00;Strada Urbana;VIA SAMASSI;in prossimità;;del civico n.;82;;Scontro laterale fra veicoli in marcia;Rettilineo;Una carreggiata a doppio senso;Asciutto;Asfaltata;Assente;Sereno;Scarso;Buona;;0;0;0;1;12.6777;41.8856;-1;5;Autovettura privata;Sosta;;;;;;;
5393364;8;30/04/2021 19:00:00;Strada Urbana;VIA SAMASSI;in prossimità;;del civico n.;82;;Scontro laterale fra veicoli in marcia;Rettilineo;Una carreggiata a doppio senso;Asciutto;Asfaltata;Assente;Sereno;Scarso;Buona;;0;0;0;1;12.6777;41.8856;-1;6;Autovettura privata;Sosta;;;;;;;
5393364;8;30/04/2021 19:00:00;Strada Urbana;VIA SAMASSI;in prossimità;;del civico n.;82;;Scontro laterale fra veicoli in marcia;Rettilineo;Una carreggiata a doppio senso;Asciutto;Asfaltata;Assente;Sereno;Scarso;Buona;;0;0;0;1;12.6777;41.8856;-1;7;Autovettura privata;Sosta;;;;;;;
5393365;8;30/04/2021 19:00:00;Statale entro l'abitato;VIA CASILINA;all'intersezione semaforizzata con;VIA DEL TORRACCIO DI TORRENOVA;VIA DEL TORRACCIO DI TORRENOVA;;;Investimento di pedone;Intersezione semaforizzata;Due carreggiate;Asciutto;Asfaltata;Verticale ed orizzontale;Sereno;Normale;Buona;;1;0;0;1;12.6324;41.8632;-1;;;;Pedone;M;Rimandato;0;NON DECEDUTO;;
5393365;8;30/04/2021 19:00:00;Statale entro l'abitato;VIA CASILINA;all'intersezione semaforizzata con;VIA DEL TORRACCIO DI TORRENOVA;VIA DEL TORRACCIO DI TORRENOVA;;;Investimento di pedone;Intersezione semaforizzata;Due carreggiate;Asciutto;Asfaltata;Verticale ed orizzontale;Sereno;Normale;Buona;;1;0;0;1;12.6324;41.8632;-1;1;Autovettura privata;In marcia / fermata / arresto;Conducente;M;Illeso;0;;Non accertato;Inesploso
5393452;20;30/04/2021 08:50:00;Strada Urbana;PIAZZALE DI PONTE MILVIO;in prossimità;;del civico n.;14;;Scontro laterale fra veicoli in marcia;Rettilineo;Una carreggiata a senso unico di marcia;Asciutto;Asfaltata;Verticale ed orizzontale;Sereno;Scarso;Buona;;0;0;0;2;12.4656;41.9373;-1;1;Autovettura privata;In marcia / fermata / arresto;Conducente;M;Illeso;0;;Non accertato;Inesploso
5393452;20;30/04/2021 08:50:00;Strada Urbana;PIAZZALE DI PONTE MILVIO;in prossimità;;del civico n.;14;;Scontro laterale fra veicoli in marcia;Rettilineo;Una carreggiata a senso unico di marcia;Asciutto;Asfaltata;Verticale ed orizzontale;Sereno;Scarso;Buona;;0;0;0;2;12.4656;41.9373;-1;2;Autovettura privata;In marcia / fermata / arresto;Conducente;M;Illeso;0;;Non accertato;
5393453;1;30/04/2021 21:55:00;Strada Urbana;PIAZZA DI S. GIOVANNI IN LATERANO;in prossimità;;del civico n.;18/b;;Scontro laterale fra veicoli in marcia;Rettilineo;Una carreggiata a senso unico di marcia;Asciutto;Asfaltata;Verticale ed orizzontale;Sereno;Normale;Sufficiente;;0;0;0;1;12.5052;41.8872;-1;1;Autovettura privata;Sosta;;;;;;;
5393453;1;30/04/2021 21:55:00;Strada Urbana;PIAZZA DI S. GIOVANNI IN LATERANO;in prossimità;;del civico n.;18/b;;Scontro laterale fra veicoli in marcia;Rettilineo;Una carreggiata a senso unico di marcia;Asciutto;Asfaltata;Verticale ed orizzontale;Sereno;Normale;Sufficiente;;0;0;0;1;12.5052;41.8872;-1;2;Autovettura privata;In marcia / fermata / arresto;Conducente;M;Illeso;0;;;
5393453;1;30/04/2021 21:55:00;Strada Urbana;PIAZZA DI S. GIOVANNI IN LATERANO;in prossimità;;del civico n.;18/b;;Scontro laterale fra veicoli in marcia;Rettilineo;Una carreggiata a senso unico di marcia;Asciutto;Asfaltata;Verticale ed orizzontale;Sereno;Normale;Sufficiente;;0;0;0;1;12.5052;41.8872;-1;3;Autovettura privata;Allontanatosi;;;;;;;
5393479;20;30/04/2021 11:00:00;Provinciale entro l'abitato;VIALE DI TOR DI QUINTO;da specificare;;;;fronte civ. 53;Veicolo in marcia contro ostacolo fisso;Rettilineo;Una carreggiata a doppio senso;Asciutto;Asfaltata;Orizzontale;Sereno;Scarso;Buona;;0;0;0;1;12.4785;41.9447;-1;1;Motociclo a solo;In marcia / fermata / arresto;Conducente;M;Illeso;0;;Non accertato;
5393495;1;30/04/2021 15:00:00;Strada Urbana;PIAZZA DELL'ESQUILINO;all'intersezione semaforizzata con;VIA CAVOUR;VIA CAVOUR;;;Scontro laterale fra veicoli in marcia;Intersezione semaforizzata;Una carreggiata a doppio senso;Asciutto;Asfaltata;Verticale ed orizzontale;Sereno;Normale;Buona;;0;0;0;2;12.4971;41.8982;-1;1;Motociclo a solo;In marcia / fermata / arresto;Conducente;M;Illeso;0;;;
5393495;1;30/04/2021 15:00:00;Strada Urbana;PIAZZA DELL'ESQUILINO;all'intersezione semaforizzata con;VIA CAVOUR;VIA CAVOUR;;;Scontro laterale fra veicoli in marcia;Intersezione semaforizzata;Una carreggiata a doppio senso;Asciutto;Asfaltata;Verticale ed orizzontale;Sereno;Normale;Buona;;0;0;0;2;12.4971;41.8982;-1;2;Autovettura privata;In marcia / fermata / arresto;Conducente;F;Illeso;0;;;
5393498;20;30/04/2021 12:02:00;Statale entro l'abitato;VIA CASSIA;in corrispondenza;;del civico n.;1703;;Veicolo in marcia contro veicoli in sosta;Rettilineo;Due carreggiate;Asciutto;Asfaltata;Verticale ed orizzontale;Sereno;Normale;Buona;;0;0;0;0;12.3795;42.0067;-1;1;Autovettura privata;Allontanatosi;;;;;;;
5393498;20;30/04/2021 12:02:00;Statale entro l'abitato;VIA CASSIA;in corrispondenza;;del civico n.;1703;;Veicolo in marcia contro veicoli in sosta;Rettilineo;Due carreggiate;Asciutto;Asfaltata;Verticale ed orizzontale;Sereno;Normale;Buona;;0;0;0;0;12.3795;42.0067;-1;2;Autovettura privata;Sosta;;;;;;;
5393498;20;30/04/2021 12:02:00;Statale entro l'abitato;VIA CASSIA;in corrispondenza;;del civico n.;1703;;Veicolo in marcia contro veicoli in sosta;Rettilineo;Due carreggiate;Asciutto;Asfaltata;Verticale ed orizzontale;Sereno;Normale;Buona;;0;0;0;0;12.3795;42.0067;-1;3;Autovettura privata;Sosta;;;;;;;
5393501;9;30/04/2021 17:00:00;Strada Urbana;VIA LA SPEZIA;in prossimità;;del civico n.;34;;Veicolo in marcia contro ostacolo accidentale;Rettilineo;Una carreggiata a doppio senso;Asciutto;Asfaltata;Verticale ed orizzontale;Sereno;Intenso;Buona;;1;0;0;1;12.5162;41.8863;-1;1;Autovettura privata;In marcia / fermata / arresto;Conducente;M;Illeso;0;;Non accertato;Inesploso
5393501;9;30/04/2021 17:00:00;Strada Urbana;VIA LA SPEZIA;in prossimità;;del civico n.;34;;Veicolo in marcia contro ostacolo accidentale;Rettilineo;Una carreggiata a doppio senso;Asciutto;Asfaltata;Verticale ed orizzontale;Sereno;Intenso;Buona;;1;0;0;1;12.5162;41.8863;-1;2;Velocipede;In marcia / fermata / arresto;Conducente;M;Ricoverato;0;NON DECEDUTO;Esente;
5393502;20;30/04/2021 14:30:00;Regionale entro l'abitato;VIA CASSIA;in prossimità;;del civico n.;390;;Scontro frontale/laterale SX fra veicoli in marcia;Rettilineo;Una carreggiata a doppio senso;Asciutto;Asfaltata;Orizzontale;Sereno;Intenso;Buona;;0;0;0;2;12.4573;41.9561;-1;1;Motociclo a solo;In marcia / fermata / arresto;Conducente;F;Illeso;0;;Non accertato;
5393502;20;30/04/2021 14:30:00;Regionale entro l'abitato;VIA CASSIA;in prossimità;;del civico n.;390;;Scontro frontale/laterale SX fra veicoli in marcia;Rettilineo;Una carreggiata a doppio senso;Asciutto;Asfaltata;Orizzontale;Sereno;Intenso;Buona;;0;0;0;2;12.4573;41.9561;-1;2;Autovettura privata;In marcia / fermata / arresto;Conducente;M;Illeso;0;;Non accertato;
5393504;1;30/04/2021 09:15:00;Strada Urbana;VIA VENTI SETTEMBRE;all'intersezione semaforizzata con;VIA GOITO;VIA GOITO;;;Scontro frontale/laterale SX fra veicoli in marcia;Incrocio;Una carreggiata a senso unico di marcia;Asciutto;Asfaltata;Verticale ed orizzontale;Sereno;Normale;Buona;;0;0;0;3;12.4988;41.9075;-1;1;Autovettura privata;In marcia / fermata / arresto;Conducente;M;Illeso;0;;;
5393504;1;30/04/2021 09:15:00;Strada Urbana;VIA VENTI SETTEMBRE;all'intersezione semaforizzata con;VIA GOITO;VIA GOITO;;;Scontro frontale/laterale SX fra veicoli in marcia;Incrocio;Una carreggiata a senso unico di marcia;Asciutto;Asfaltata;Verticale ed orizzontale;Sereno;Normale;Buona;;0;0;0;3;12.4988;41.9075;-1;2;Autovettura di polizia;In marcia / fermata / arresto;Conducente;M;Illeso;0;;;
5393504;1;30/04/2021 09:15:00;Strada Urbana;VIA VENTI SETTEMBRE;all'intersezione semaforizzata con;VIA GOITO;VIA GOITO;;;Scontro frontale/laterale SX fra veicoli in marcia;Incrocio;Una carreggiata a senso unico di marcia;Asciutto;Asfaltata;Verticale ed orizzontale;Sereno;Normale;Buona;;0;0;0;3;12.4988;41.9075;-1;2;Autovettura di polizia;In marcia / fermata / arresto;Passeggero;M;Illeso;0;;;
5393515;20;30/04/2021 14:36:00;Provinciale;VIA BRACCIANENSE;in corrispondenza;;del civico n.;939;;Scontro frontale/laterale SX fra veicoli in marcia;Rettilineo;Una carreggiata a doppio senso;Asciutto;Asfaltata;Verticale ed orizzontale;Sereno;Normale;Buona;;1;0;0;4;12.2887;42.0316;-1;1;Autovettura privata;In marcia / fermata / arresto;Conducente;M;Illeso;0;;Non accertato;Esploso
5393515;20;30/04/2021 14:36:00;Provinciale;VIA BRACCIANENSE;in corrispondenza;;del civico n.;939;;Scontro frontale/laterale SX fra veicoli in marcia;Rettilineo;Una carreggiata a doppio senso;Asciutto;Asfaltata;Verticale ed orizzontale;Sereno;Normale;Buona;;1;0;0;4;12.2887;42.0316;-1;1;Autovettura privata;In marcia / fermata / arresto;Passeggero;F;Illeso;0;;Non accertato;
5393515;20;30/04/2021 14:36:00;Provinciale;VIA BRACCIANENSE;in corrispondenza;;del civico n.;939;;Scontro frontale/laterale SX fra veicoli in marcia;Rettilineo;Una carreggiata a doppio senso;Asciutto;Asfaltata;Verticale ed orizzontale;Sereno;Normale;Buona;;1;0;0;4;12.2887;42.0316;-1;1;Autovettura privata;In marcia / fermata / arresto;Passeggero;M;Illeso;0;;Non accertato;
5393515;20;30/04/2021 14:36:00;Provinciale;VIA BRACCIANENSE;in corrispondenza;;del civico n.;939;;Scontro frontale/laterale SX fra veicoli in marcia;Rettilineo;Una carreggiata a doppio senso;Asciutto;Asfaltata;Verticale ed orizzontale;Sereno;Normale;Buona;;1;0;0;4;12.2887;42.0316;-1;2;Autovettura privata;In marcia / fermata / arresto;Conducente;M;Illeso;0;;Non accertato;
5393515;20;30/04/2021 14:36:00;Provinciale;VIA BRACCIANENSE;in corrispondenza;;del civico n.;939;;Scontro frontale/laterale SX fra veicoli in marcia;Rettilineo;Una carreggiata a doppio senso;Asciutto;Asfaltata;Verticale ed orizzontale;Sereno;Normale;Buona;;1;0;0;4;12.2887;42.0316;-1;3;Motociclo a solo;In marcia / fermata / arresto;Conducente;M;Rimandato;0;NON DECEDUTO;;
5393524;1;30/04/2021 12:00:00;Strada Urbana;VIA DI S. GIACOMO;da specificare;;;;fronte civico 1/b;Scontro laterale fra veicoli in marcia;Rettilineo;Una carreggiata a doppio senso;Asciutto;In cubetti di porfido;Verticale;Sereno;Scarso;Buona;;0;0;0;2;12.4785;41.9078;-1;1;Quadriciclo;In marcia / fermata / arresto;Conducente;M;Illeso;0;;;
5393524;1;30/04/2021 12:00:00;Strada Urbana;VIA DI S. GIACOMO;da specificare;;;;fronte civico 1/b;Scontro laterale fra veicoli in marcia;Rettilineo;Una carreggiata a doppio senso;Asciutto;In cubetti di porfido;Verticale;Sereno;Scarso;Buona;;0;0;0;2;12.4785;41.9078;-1;2;Autovettura privata;In marcia / fermata / arresto;Conducente;M;Illeso;0;;;
5393525;3;30/04/2021 22:40:00;Strada Urbana;VIA CASSIA;in prossimità;;del civico n.;1658;;Investimento di pedone;Rettilineo;Una carreggiata a doppio senso;Asciutto;Asfaltata;Verticale ed orizzontale;Sereno;Scarso;Sufficiente;;0;1;0;1;12.3832;42.0027;-1;;;;Pedone;M;Prognosi riservata;0;NON DECEDUTO;;
5393525;3;30/04/2021 22:40:00;Strada Urbana;VIA CASSIA;in prossimità;;del civico n.;1658;;Investimento di pedone;Rettilineo;Una carreggiata a doppio senso;Asciutto;Asfaltata;Verticale ed orizzontale;Sereno;Scarso;Sufficiente;;0;1;0;1;12.3832;42.0027;-1;1;Autovettura privata;In marcia / fermata / arresto;Conducente;M;Illeso;0;;Non accertato;
5393530;20;30/04/2021 15:00:00;Strada Urbana;CORSO DI FRANCIA;da specificare;;;;canalizzazione via Flaminia;Scontro laterale fra veicoli in marcia;Rettilineo;Due carreggiate;Asciutto;Asfaltata;Verticale ed orizzontale;Sereno;Intenso;Buona;;0;0;0;2;12.4717;41.937;-1;1;Autovettura privata;In marcia / fermata / arresto;Conducente;M;Illeso;0;;Non accertato;Inesploso
5393530;20;30/04/2021 15:00:00;Strada Urbana;CORSO DI FRANCIA;da specificare;;;;canalizzazione via Flaminia;Scontro laterale fra veicoli in marcia;Rettilineo;Due carreggiate;Asciutto;Asfaltata;Verticale ed orizzontale;Sereno;Intenso;Buona;;0;0;0;2;12.4717;41.937;-1;2;Autovettura privata;In marcia / fermata / arresto;Conducente;M;Illeso;0;;Non accertato;Inesploso
5393536;20;30/04/2021 17:40:00;Statale entro l'abitato;VIA FLAMINIA;in prossimità;;del civico n.;811;;Scontro laterale fra veicoli in marcia;Rettilineo;Una carreggiata a doppio senso;Asciutto;Asfaltata;Verticale ed orizzontale;Sereno;Normale;Buona;;0;0;0;4;12.4782;41.9492;-1;1;Autovettura privata;In marcia / fermata / arresto;Conducente;M;Illeso;0;;Non accertato;
5393536;20;30/04/2021 17:40:00;Statale entro l'abitato;VIA FLAMINIA;in prossimità;;del civico n.;811;;Scontro laterale fra veicoli in marcia;Rettilineo;Una carreggiata a doppio senso;Asciutto;Asfaltata;Verticale ed orizzontale;Sereno;Normale;Buona;;0;0;0;4;12.4782;41.9492;-1;2;Autovettura privata;In marcia / fermata / arresto;Conducente;M;Illeso;0;;Non accertato;
5393536;20;30/04/2021 17:40:00;Statale entro l'abitato;VIA FLAMINIA;in prossimità;;del civico n.;811;;Scontro laterale fra veicoli in marcia;Rettilineo;Una carreggiata a doppio senso;Asciutto;Asfaltata;Verticale ed orizzontale;Sereno;Normale;Buona;;0;0;0;4;12.4782;41.9492;-1;2;Autovettura privata;In marcia / fermata / arresto;Passeggero;F;Illeso;0;;Non accertato;
5393536;20;30/04/2021 17:40:00;Statale entro l'abitato;VIA FLAMINIA;in prossimità;;del civico n.;811;;Scontro laterale fra veicoli in marcia;Rettilineo;Una carreggiata a doppio senso;Asciutto;Asfaltata;Verticale ed orizzontale;Sereno;Normale;Buona;;0;0;0;4;12.4782;41.9492;-1;2;Autovettura privata;In marcia / fermata / arresto;Passeggero;M;Illeso;0;;Non accertato;
5393537;6;30/04/2021 13:45:00;Strada Urbana;VIALE DELLA SERENISSIMA;all'intersezione con;VIALE DELLA VENEZIA GIULIA;VIALE DELLA VENEZIA GIULIA;;;Scontro laterale fra veicoli in marcia;Intersezione semaforizzata;Due carreggiate;Asciutto;Asfaltata;Verticale ed orizzontale;Sereno;Intenso;Buona;;1;0;0;1;12.5585;41.8981;-1;1;Autovettura privata;In marcia / fermata / arresto;Conducente;F;Illeso;0;;;
5393537;6;30/04/2021 13:45:00;Strada Urbana;VIALE DELLA SERENISSIMA;all'intersezione con;VIALE DELLA VENEZIA GIULIA;VIALE DELLA VENEZIA GIULIA;;;Scontro laterale fra veicoli in marcia;Intersezione semaforizzata;Due carreggiate;Asciutto;Asfaltata;Verticale ed orizzontale;Sereno;Intenso;Buona;;1;0;0;1;12.5585;41.8981;-1;2;Motociclo a solo;In marcia / fermata / arresto;Conducente;M;Rifiuta cure immediate;0;NON DECEDUTO;;
5393549;6;30/04/2021 15:45:00;Strada Urbana;LARGO DEI QUINTILI;all'intersezione con;VIA DEI LENTULI;VIA DEI LENTULI;;;Scontro laterale fra veicoli in marcia;Incrocio;Una carreggiata a doppio senso;Asciutto;Asfaltata;Verticale ed orizzontale;Nuvoloso;Intenso;Buona;;0;0;0;2;12.5473;41.8643;-1;1;Autovettura privata;In marcia / fermata / arresto;Conducente;M;Illeso;0;;;
5393549;6;30/04/2021 15:45:00;Strada Urbana;LARGO DEI QUINTILI;all'intersezione con;VIA DEI LENTULI;VIA DEI LENTULI;;;Scontro laterale fra veicoli in marcia;Incrocio;Una carreggiata a doppio senso;Asciutto;Asfaltata;Verticale ed orizzontale;Nuvoloso;Intenso;Buona;;0;0;0;2;12.5473;41.8643;-1;2;Macchina operatrice;In marcia / fermata / arresto;Conducente;M;Illeso;0;;;